Date,Close,publishedAt,title,description,sentiment_label,sentiment_score
2015-01-02,24.288578033447266,,,,,
2015-01-05,23.60433006286621,,,,,
2015-01-06,23.606557846069336,,,,,
2015-01-07,23.937572479248047,,,,,
2015-01-08,24.85730743408203,,,,,
2015-01-09,24.883962631225586,,,,,
2015-01-12,24.270811080932617,,,,,
2015-01-13,24.486299514770508,,,,,
2015-01-14,24.392993927001953,,,,,
2015-01-15,23.73096466064453,,,,,
2015-01-16,23.54656982421875,,,,,
2015-01-20,24.153060913085938,,,,,
2015-01-21,24.337453842163086,,,,,
2015-01-22,24.970605850219727,,,,,
2015-01-23,25.099458694458008,,,,,
2015-01-26,25.126123428344727,,,,,
2015-01-27,24.246370315551758,,,,,
2015-01-28,25.617090225219727,,,,,
2015-01-29,26.414634704589844,,,,,
2015-01-30,26.028079986572266,,,,,
2015-02-02,26.35465431213379,,,,,
2015-02-03,26.35909652709961,,,,,
2015-02-04,26.561262130737305,,,,,
2015-02-05,26.75084114074707,,,,,
2015-02-06,26.525571823120117,,,,,
2015-02-09,26.701770782470703,,,,,
2015-02-10,27.214750289916992,,,,,
2015-02-11,27.852638244628906,,,,,
2015-02-12,28.20503044128418,,,,,
2015-02-13,28.343313217163086,,,,,
2015-02-17,28.51059341430664,,,,,
2015-02-18,28.7091007232666,,,,,
2015-02-19,28.64887237548828,,,,,
2015-02-20,28.8830623626709,,,,,
2015-02-23,29.6636905670166,,,,,
2015-02-24,29.478557586669922,,,,,
2015-02-25,28.724695205688477,,,,,
2015-02-26,29.0882511138916,,,,,
2015-02-27,28.65110206604004,,,,,
2015-03-02,28.79161262512207,,,,,
2015-03-03,28.851829528808594,,,,,
2015-03-04,28.668947219848633,,,,,
2015-03-05,28.193880081176758,,,,,
2015-03-06,28.236255645751953,,,,,
2015-03-09,28.35669708251953,,,,,
2015-03-10,27.770112991333008,,,,,
2015-03-11,27.263822555541992,,,,,
2015-03-12,27.756731033325195,,,,,
2015-03-13,27.56492042541504,,,,,
2015-03-16,27.86824607849121,,,,,
2015-03-17,28.334392547607422,,,,,
2015-03-18,28.6533260345459,,,,,
2015-03-19,28.436988830566406,,,,,
2015-03-20,28.08013343811035,,,,,
2015-03-23,28.372310638427734,,,,,
2015-03-24,28.256324768066406,,,,,
2015-03-25,27.518085479736328,,,,,
2015-03-26,27.70989418029785,,,,,
2015-03-27,27.48908805847168,,,,,
2015-03-30,28.18496322631836,,,,,
2015-03-31,27.75227165222168,,,,,
2015-04-01,27.71212387084961,,,,,
2015-04-02,27.95077133178711,,,,,
2015-04-06,28.403535842895508,,,,,
2015-04-07,28.104665756225586,,,,,
2015-04-08,28.01321792602539,,,,,
2015-04-09,28.227333068847656,,,,,
2015-04-10,28.347774505615234,,,,,
2015-04-13,28.29201316833496,,,,,
2015-04-14,28.169349670410156,,,,,
2015-04-15,28.276397705078125,,,,,
2015-04-16,28.140350341796875,,,,,
2015-04-17,27.823640823364258,,,,,
2015-04-20,28.45928955078125,,,,,
2015-04-21,28.305395126342773,,,,,
2015-04-22,28.686784744262695,,,,,
2015-04-23,28.920976638793945,,,,,
2015-04-24,29.057024002075195,,,,,
2015-04-27,29.58561134338379,,,,,
2015-04-28,29.119470596313477,,,,,
2015-04-29,28.691247940063477,,,,,
2015-04-30,27.912860870361328,,,,,
2015-05-01,28.76038932800293,,,,,
2015-05-04,28.70462417602539,,,,,
2015-05-05,28.05782699584961,,,,,
2015-05-06,27.88163185119629,,,,,
2015-05-07,28.054086685180664,,,,,
2015-05-08,28.582645416259766,,,,,
2015-05-11,28.291488647460938,,,,,
2015-05-12,28.190704345703125,,,,,
2015-05-13,28.222064971923828,,,,,
2015-05-14,28.88052749633789,,,,,
2015-05-15,28.840211868286133,,,,,
2015-05-18,29.158245086669922,,,,,
2015-05-19,29.131366729736328,,,,,
2015-05-20,29.129131317138672,,,,,
2015-05-21,29.427003860473633,,,,,
2015-05-22,29.6845645904541,,,,,
2015-05-26,29.030582427978516,,,,,
2015-05-27,29.572589874267578,,,,,
2015-05-28,29.51434898376465,,,,,
2015-05-29,29.17839813232422,,,,,
2015-06-01,29.23662567138672,,,,,
2015-06-02,29.106731414794922,,,,,
2015-06-03,29.14256477355957,,,,,
2015-06-04,28.972349166870117,,,,,
2015-06-05,28.813335418701172,,,,,
2015-06-08,28.622961044311523,,,,,
2015-06-09,28.537853240966797,,,,,
2015-06-10,28.864850997924805,,,,,
2015-06-11,28.799898147583008,,,,,
2015-06-12,28.481861114501953,,,,,
2015-06-15,28.425870895385742,,,,,
2015-06-16,28.578174591064453,,,,,
2015-06-17,28.510974884033203,,,,,
2015-06-18,28.64087677001953,,,,,
2015-06-19,28.35420036315918,,,,,
2015-06-22,28.580408096313477,,,,,
2015-06-23,28.450502395629883,,,,,
2015-06-24,28.6923885345459,,,,,
2015-06-25,28.555774688720703,,,,,
2015-06-26,28.387794494628906,,,,,
2015-06-29,27.89058494567871,,,,,
2015-06-30,28.092159271240234,,,,,
2015-07-01,28.35420036315918,,,,,
2015-07-02,28.318363189697266,,,,,
2015-07-06,28.219820022583008,,,,,
2015-07-07,28.150386810302734,,,,,
2015-07-08,27.45161247253418,,,,,
2015-07-09,26.89169692993164,,,,,
2015-07-10,27.61063003540039,,,,,
2015-07-13,28.143672943115234,,,,,
2015-07-14,28.13247299194336,,,,,
2015-07-15,28.40347671508789,,,,,
2015-07-16,28.7819766998291,,,,,
2015-07-17,29.030582427978516,,,,,
2015-07-20,29.579299926757812,,,,,
2015-07-21,29.283660888671875,,,,,
2015-07-22,28.045127868652344,,,,,
2015-07-23,28.031688690185547,,,,,
2015-07-24,27.88387107849121,,,,,
2015-07-27,27.49640655517578,,,,,
2015-07-28,27.633028030395508,,,,,
2015-07-29,27.545679092407227,,,,,
2015-07-30,27.406824111938477,,,,,
2015-07-31,27.16718292236328,,,,,
2015-08-03,26.526630401611328,,,,,
2015-08-04,25.675554275512695,,,,,
2015-08-05,25.84577178955078,,,,,
2015-08-06,25.902015686035156,,,,,
2015-08-07,25.989757537841797,,,,,
2015-08-10,26.934675216674805,,,,,
2015-08-11,25.53304672241211,,,,,
2015-08-12,25.92676544189453,,,,,
2015-08-13,25.906513214111328,,,,,
2015-08-14,26.08875274658203,,,,,
2015-08-17,26.35873031616211,,,,,
2015-08-18,26.21023941040039,,,,,
2015-08-19,25.875024795532227,,,,,
2015-08-20,25.34406852722168,,,,,
2015-08-21,23.793949127197266,,,,,
2015-08-24,23.20000648498535,,,,,
2015-08-25,23.339487075805664,,,,,
2015-08-26,24.678117752075195,,,,,
2015-08-27,25.40481185913086,,,,,
2015-08-28,25.48804473876953,,,,,
2015-08-31,25.368810653686523,,,,,
2015-09-01,24.234909057617188,,,,,
2015-09-02,25.274322509765625,,,,,
2015-09-03,24.831106185913086,,,,,
2015-09-04,24.583627700805664,,,,,
2015-09-08,25.267576217651367,,,,,
2015-09-09,24.781612396240234,,,,,
2015-09-10,25.326066970825195,,,,,
2015-09-11,25.695032119750977,,,,,
2015-09-14,25.9425106048584,,,,,
2015-09-15,26.160741806030273,,,,,
2015-09-16,26.18999481201172,,,,,
2015-09-17,25.629785537719727,,,,,
2015-09-18,25.5240535736084,,,,,
2015-09-21,25.920015335083008,,,,,
2015-09-22,25.51280403137207,,,,,
2015-09-23,25.71978759765625,,,,,
2015-09-24,25.872770309448242,,,,,
2015-09-25,25.807523727416992,,,,,
2015-09-28,25.296812057495117,,,,,
2015-09-29,24.53638458251953,,,,,
2015-09-30,24.815357208251953,,,,,
2015-10-01,24.65337371826172,,,,,
2015-10-02,24.833362579345703,,,,,
2015-10-05,24.92335319519043,,,,,
2015-10-06,25.042585372924805,,,,,
2015-10-07,24.92335319519043,,,,,
2015-10-08,24.6353759765625,,,,,
2015-10-09,25.224824905395508,,,,,
2015-10-12,25.107839584350586,,,,,
2015-10-13,25.15057945251465,,,,,
2015-10-14,24.79511260986328,,,,,
2015-10-15,25.166332244873047,,,,,
2015-10-16,24.981843948364258,,,,,
2015-10-19,25.137083053588867,,,,,
2015-10-20,25.596038818359375,,,,,
2015-10-21,25.59379005432129,,,,,
2015-10-22,25.985261917114258,,,,,
2015-10-23,26.790691375732422,,,,,
2015-10-26,25.93576431274414,,,,,
2015-10-27,25.771526336669922,,,,,
2015-10-28,26.833436965942383,,,,,
2015-10-29,27.11690902709961,,,,,
2015-10-30,26.88517951965332,,,,,
2015-11-02,27.263153076171875,,,,,
2015-11-03,27.57587432861328,,,,,
2015-11-04,27.447635650634766,,,,,
2015-11-05,27.321107864379883,,,,,
2015-11-06,27.352737426757812,,,,,
2015-11-09,27.242021560668945,,,,,
2015-11-10,26.383438110351562,,,,,
2015-11-11,26.234312057495117,,,,,
2015-11-12,26.146202087402344,,,,,
2015-11-13,25.382503509521484,,,,,
2015-11-16,25.798250198364258,,,,,
2015-11-17,25.687528610229492,,,,,
2015-11-18,26.500932693481445,,,,,
2015-11-19,26.837587356567383,,,,,
2015-11-20,26.955074310302734,,,,,
2015-11-23,26.60486602783203,,,,,
2015-11-24,26.86017608642578,,,,,
2015-11-25,26.668128967285156,,,,,
2015-11-27,26.618423461914062,,,,,
2015-11-30,26.729127883911133,,,,,
2015-12-01,26.512231826782227,,,,,
2015-12-02,26.272722244262695,,,,,
2015-12-03,26.02870750427246,,,,,
2015-12-04,26.894071578979492,,,,,
2015-12-07,26.724620819091797,,,,,
2015-12-08,26.71331214904785,,,,,
2015-12-09,26.123605728149414,,,,,
2015-12-10,26.247875213623047,,,,,
2015-12-11,25.572296142578125,,,,,
2015-12-14,25.41414451599121,,,,,
2015-12-15,24.96451759338379,,,,,
2015-12-16,25.156558990478516,,,,,
2015-12-17,24.62333869934082,,,,,
2015-12-18,23.956804275512695,,,,,
2015-12-21,24.25052833557129,,,,,
2015-12-22,24.227941513061523,,,,,
2015-12-23,24.53973960876465,,,,,
2015-12-24,24.40869140625,,,,,
2015-12-28,24.135299682617188,,,,,
2015-12-29,24.569116592407227,,,,,
2015-12-30,24.248273849487305,,,,,
2015-12-31,23.782827377319336,,,,,
2016-01-04,23.80316162109375,,,,,
2016-01-05,23.206666946411133,,,,,
2016-01-06,22.752527236938477,,,,,
2016-01-07,21.792259216308594,,,,,
2016-01-08,21.90749740600586,,,,,
2016-01-11,22.262231826782227,,,,,
2016-01-12,22.585323333740234,,,,,
2016-01-13,22.004650115966797,,,,,
2016-01-14,22.485910415649414,,,,,
2016-01-15,21.945898056030273,,,,,
2016-01-19,21.839712142944336,,,,,
2016-01-20,21.86908531188965,,,,,
2016-01-21,21.75837516784668,,,,,
2016-01-22,22.915205001831055,,,,,
2016-01-25,22.46784019470215,,,,,
2016-01-26,22.592105865478516,,,,,
2016-01-27,21.10765266418457,,,,,
2016-01-28,21.259042739868164,,,,,
2016-01-29,21.99335479736328,,,,,
2016-02-01,21.787752151489258,,,,,
2016-02-02,21.347156524658203,,,,,
2016-02-03,21.769670486450195,,,,,
2016-02-04,21.944589614868164,,,,,
2016-02-05,21.358488082885742,,,,,
2016-02-08,21.583389282226562,,,,,
2016-02-09,21.57884979248047,,,,,
2016-02-10,21.415279388427734,,,,,
2016-02-11,21.28579330444336,,,,,
2016-02-12,21.3516788482666,,,,,
2016-02-16,21.953672409057617,,,,,
2016-02-17,22.289888381958008,,,,,
2016-02-18,21.867351531982422,,,,,
2016-02-19,21.81737518310547,,,,,
2016-02-22,22.008190155029297,,,,,
2016-02-23,21.510698318481445,,,,,
2016-02-24,21.831010818481445,,,,,
2016-02-25,21.98093605041504,,,,,
2016-02-26,22.015010833740234,,,,,
2016-02-29,21.965036392211914,,,,,
2016-03-01,22.837366104125977,,,,,
2016-03-02,22.887346267700195,,,,,
2016-03-03,23.057722091674805,,,,,
2016-03-04,23.400747299194336,,,,,
2016-03-07,23.14177703857422,,,,,
2016-03-08,22.950950622558594,,,,,
2016-03-09,22.971397399902344,,,,,
2016-03-10,22.982759475708008,,,,,
2016-03-11,23.230375289916992,,,,,
2016-03-14,23.289430618286133,,,,,
2016-03-15,23.757404327392578,,,,,
2016-03-16,24.073171615600586,,,,,
2016-03-17,24.03455352783203,,,,,
2016-03-18,24.061811447143555,,,,,
2016-03-21,24.05954360961914,,,,,
2016-03-22,24.243545532226562,,,,,
2016-03-23,24.109516143798828,,,,,
2016-03-24,24.005020141601562,,,,,
2016-03-28,23.89597511291504,,,,,
2016-03-29,24.461627960205078,,,,,
2016-03-30,24.888708114624023,,,,,
2016-03-31,24.759220123291016,,,,,
2016-04-01,24.986387252807617,,,,,
2016-04-04,25.243099212646484,,,,,
2016-04-05,24.945499420166016,,,,,
2016-04-06,25.206745147705078,,,,,
2016-04-07,24.656999588012695,,,,,
2016-04-08,24.68425178527832,,,,,
2016-04-11,24.76603889465332,,,,,
2016-04-12,25.0886173248291,,,,,
2016-04-13,25.452091217041016,,,,,
2016-04-14,25.465715408325195,,,,,
2016-04-15,24.954586029052734,,,,,
2016-04-18,24.41619873046875,,,,,
2016-04-19,24.286712646484375,,,,,
2016-04-20,24.336681365966797,,,,,
2016-04-21,24.073171615600586,,,,,
2016-04-22,24.007293701171875,,,,,
2016-04-25,23.87099266052246,,,,,
2016-04-26,23.705156326293945,,,,,
2016-04-27,22.221744537353516,,,,,
2016-04-28,21.54250144958496,,,,,
2016-04-29,21.294885635375977,,,,,
2016-05-02,21.272165298461914,,,,,
2016-05-03,21.62200927734375,,,,,
2016-05-04,21.397113800048828,,,,,
2016-05-05,21.310264587402344,,,,,
2016-05-06,21.19141387939453,,,,,
2016-05-09,21.20741081237793,,,,,
2016-05-10,21.35140037536621,,,,,
2016-05-11,21.14341926574707,,,,,
2016-05-12,20.647462844848633,,,,,
2016-05-13,20.6885986328125,,,,,
2016-05-16,21.45653533935547,,,,,
2016-05-17,21.367401123046875,,,,,
2016-05-18,21.611942291259766,,,,,
2016-05-19,21.529674530029297,,,,,
2016-05-20,21.762792587280273,,,,,
2016-05-23,22.039344787597656,,,,,
2016-05-24,22.375316619873047,,,,,
2016-05-25,22.7684268951416,,,,,
2016-05-26,22.948984146118164,,,,,
2016-05-27,22.935264587402344,,,,,
2016-05-31,22.823280334472656,,,,,
2016-06-01,22.50330924987793,,,,,
2016-06-02,22.334177017211914,,,,,
2016-06-03,22.3798885345459,,,,,
2016-06-06,22.542163848876953,,,,,
2016-06-07,22.63358497619629,,,,,
2016-06-08,22.613014221191406,,,,,
2016-06-09,22.775287628173828,,,,,
2016-06-10,22.587875366210938,,,,,
2016-06-13,22.247329711914062,,,,,
2016-06-14,22.274755477905273,,,,,
2016-06-15,22.201622009277344,,,,,
2016-06-16,22.295320510864258,,,,,
2016-06-17,21.78792953491211,,,,,
2016-06-20,21.735366821289062,,,,,
2016-06-21,21.920494079589844,,,,,
2016-06-22,21.838220596313477,,,,,
2016-06-23,21.96392822265625,,,,,
2016-06-24,21.346824645996094,,,,,
2016-06-27,21.03599739074707,,,,,
2016-06-28,21.390249252319336,,,,,
2016-06-29,21.57538414001465,,,,,
2016-06-30,21.84964370727539,,,,,
2016-07-01,21.915922164916992,,,,,
2016-07-05,21.71023178100586,,,,,
2016-07-06,21.83364486694336,,,,,
2016-07-07,21.92734718322754,,,,,
2016-07-08,22.096477508544922,,,,,
2016-07-11,22.1650447845459,,,,,
2016-07-12,22.265609741210938,,,,,
2016-07-13,22.139909744262695,,,,,
2016-07-14,22.578731536865234,,,,,
2016-07-15,22.576440811157227,,,,,
2016-07-18,22.816423416137695,,,,,
2016-07-19,22.825565338134766,,,,,
2016-07-20,22.84614372253418,,,,,
2016-07-21,22.725004196166992,,,,,
2016-07-22,22.549015045166016,,,,,
2016-07-25,22.247329711914062,,,,,
2016-07-26,22.094196319580078,,,,,
2016-07-27,23.52950096130371,,,,,
2016-07-28,23.84719467163086,,,,,
2016-07-29,23.81748390197754,,,,,
2016-08-01,24.238025665283203,,,,,
2016-08-02,23.879194259643555,,,,,
2016-08-03,24.1785945892334,,,,,
2016-08-04,24.32796287536621,,,,,
2016-08-05,24.697925567626953,,,,,
2016-08-08,24.902442932128906,,,,,
2016-08-09,25.00354766845703,,,,,
2016-08-10,24.81741714477539,,,,,
2016-08-11,24.801328659057617,,,,,
2016-08-12,24.858774185180664,,,,,
2016-08-15,25.15750503540039,,,,,
2016-08-16,25.134525299072266,,,,,
2016-08-17,25.097763061523438,,,,,
2016-08-18,25.065595626831055,,,,,
2016-08-19,25.129926681518555,,,,,
2016-08-22,24.934606552124023,,,,,
2016-08-23,25.012741088867188,,,,,
2016-08-24,24.824308395385742,,,,,
2016-08-25,24.718608856201172,,,,,
2016-08-26,24.57383155822754,,,,,
2016-08-29,24.5462589263916,,,,,
2016-08-30,24.357839584350586,,,,,
2016-08-31,24.380809783935547,,,,,
2016-09-01,24.52558708190918,,,,,
2016-09-02,24.75537109375,,,,,
2016-09-06,24.74848175048828,,,,,
2016-09-07,24.900144577026367,,,,,
2016-09-08,24.247533798217773,,,,,
2016-09-09,23.69833755493164,,,,,
2016-09-12,24.229154586791992,,,,,
2016-09-13,24.805925369262695,,,,,
2016-09-14,25.68372917175293,,,,,
2016-09-15,26.556936264038086,,,,,
2016-09-16,26.40757179260254,,,,,
2016-09-19,26.09964942932129,,,,,
2016-09-20,26.09735107421875,,,,,
2016-09-21,26.092758178710938,,,,,
2016-09-22,26.33863639831543,,,,,
2016-09-23,25.899730682373047,,,,,
2016-09-26,25.938791275024414,,,,,
2016-09-27,25.98704719543457,,,,,
2016-09-28,26.184675216674805,,,,,
2016-09-29,25.77794075012207,,,,,
2016-09-30,25.977859497070312,,,,,
2016-10-03,25.856069564819336,,,,,
2016-10-04,25.966367721557617,,,,,
2016-10-05,25.977859497070312,,,,,
2016-10-06,26.170886993408203,,,,,
2016-10-07,26.20994758605957,,,,,
2016-10-10,26.667238235473633,,,,,
2016-10-11,26.724685668945312,,,,,
2016-10-12,26.963666915893555,,,,,
2016-10-13,26.88094139099121,,,,,
2016-10-14,27.03030014038086,,,,,
2016-10-17,27.011920928955078,,,,,
2016-10-18,26.99353790283203,,,,,
2016-10-19,26.913108825683594,,,,,
2016-10-20,26.899320602416992,,,,,
2016-10-21,26.793617248535156,,,,,
2016-10-24,27.03489875793457,,,,,
2016-10-25,27.172771453857422,,,,,
2016-10-26,26.5615291595459,,,,,
2016-10-27,26.30646324157715,,,,,
2016-10-28,26.131818771362305,,,,,
2016-10-31,26.090456008911133,,,,,
2016-11-01,25.619388580322266,,,,,
2016-11-02,25.642362594604492,,,,,
2016-11-03,25.367511749267578,,,,,
2016-11-04,25.13884925842285,,,,,
2016-11-07,25.501466751098633,,,,,
2016-11-08,25.651609420776367,,,,,
2016-11-09,25.610031127929688,,,,,
2016-11-10,24.896329879760742,,,,,
2016-11-11,25.04414939880371,,,,,
2016-11-14,24.415912628173828,,,,,
2016-11-15,24.73927116394043,,,,,
2016-11-16,25.40446662902832,,,,,
2016-11-17,25.395225524902344,,,,,
2016-11-18,25.420631408691406,,,,,
2016-11-21,25.806354522705078,,,,,
2016-11-22,25.822521209716797,,,,,
2016-11-23,25.690872192382812,,,,,
2016-11-25,25.82021713256836,,,,,
2016-11-28,25.76939582824707,,,,,
2016-11-29,25.743993759155273,,,,,
2016-11-30,25.52687644958496,,,,,
2016-12-01,25.28898048400879,,,,,
2016-12-02,25.38367462158203,,,,,
2016-12-05,25.201213836669922,,,,,
2016-12-06,25.395225524902344,,,,,
2016-12-07,25.644678115844727,,,,,
2016-12-08,25.896434783935547,,,,,
2016-12-09,26.319108963012695,,,,,
2016-12-12,26.16897964477539,,,,,
2016-12-13,26.605512619018555,,,,,
2016-12-14,26.605512619018555,,,,,
2016-12-15,26.75102996826172,,,,,
2016-12-16,26.785675048828125,,,,,
2016-12-19,26.940420150756836,,,,,
2016-12-20,27.012020111083984,,,,,
2016-12-21,27.037433624267578,,,,,
2016-12-22,26.859580993652344,,,,,
2016-12-23,26.91270637512207,,,,,
2016-12-27,27.0836238861084,,,,,
2016-12-28,26.9681396484375,,,,,
2016-12-29,26.961206436157227,,,,,
2016-12-30,26.75102996826172,,,,,
2017-01-03,26.827241897583008,,,,,
2017-01-04,26.79722023010254,,,,,
2017-01-05,26.93349266052246,,,,,
2017-01-06,27.233753204345703,,,,,
2017-01-09,27.483205795288086,,,,,
2017-01-10,27.510910034179688,,,,,
2017-01-11,27.658740997314453,,,,,
2017-01-12,27.543254852294922,,,,,
2017-01-13,27.494752883911133,,,,,
2017-01-17,27.71648597717285,,,,,
2017-01-18,27.71417808532715,,,,,
2017-01-19,27.665672302246094,,,,,
2017-01-20,27.71648597717285,,,,,
2017-01-23,27.734960556030273,,,,,
2017-01-24,27.70955467224121,,,,,
2017-01-25,28.150705337524414,,,,,
2017-01-26,28.16456413269043,,,,,
2017-01-27,28.166873931884766,,,,,
2017-01-30,28.09296989440918,,,,,
2017-01-31,28.028295516967773,,,,,
2017-02-01,29.737476348876953,,,,,
2017-02-02,29.68665885925293,,,,,
2017-02-03,29.813697814941406,,,,,
2017-02-06,30.093172073364258,,,,,
2017-02-07,30.379573822021484,,,,,
2017-02-08,30.497371673583984,,,,,
2017-02-09,30.71774673461914,,,,,
2017-02-10,30.648149490356445,,,,,
2017-02-13,30.9195499420166,,,,,
2017-02-14,31.320877075195312,,,,,
2017-02-15,31.43453025817871,,,,,
2017-02-16,31.397417068481445,,,,,
2017-02-17,31.48326301574707,,,,,
2017-02-21,31.710580825805664,,,,,
2017-02-22,31.805692672729492,,,,,
2017-02-23,31.671152114868164,,,,,
2017-02-24,31.701309204101562,,,,,
2017-02-27,31.76394271850586,,,,,
2017-02-28,31.77786636352539,,,,,
2017-03-01,32.4273796081543,,,,,
2017-03-02,32.234840393066406,,,,,
2017-03-03,32.4250602722168,,,,,
2017-03-06,32.32297897338867,,,,,
2017-03-07,32.36474609375,,,,,
2017-03-08,32.244117736816406,,,,,
2017-03-09,32.169891357421875,,,,,
2017-03-10,32.27660369873047,,,,,
2017-03-13,32.29051971435547,,,,,
2017-03-14,32.24179458618164,,,,,
2017-03-15,32.58279800415039,,,,,
2017-03-16,32.63615798950195,,,,,
2017-03-17,32.47377014160156,,,,,
2017-03-20,32.814762115478516,,,,,
2017-03-21,32.43898010253906,,,,,
2017-03-22,32.80548858642578,,,,,
2017-03-23,32.689510345458984,,,,,
2017-03-24,32.62455749511719,,,,,
2017-03-27,32.68022918701172,,,,,
2017-03-28,33.35758590698242,,,,,
2017-03-29,33.43182373046875,,,,,
2017-03-30,33.38774108886719,,,,,
2017-03-31,33.32511520385742,,,,,
2017-04-03,33.33439254760742,,,,,
2017-04-04,33.58259963989258,,,,,
2017-04-05,33.40862274169922,,,,,
2017-04-06,33.32511520385742,,,,,
2017-04-07,33.25087356567383,,,,,
2017-04-10,33.21143341064453,,,,,
2017-04-11,32.85421371459961,,,,,
2017-04-12,32.89363479614258,,,,,
2017-04-13,32.71967315673828,,,,,
2017-04-17,32.90060043334961,,,,,
2017-04-18,32.75446701049805,,,,,
2017-04-19,32.63382339477539,,,,,
2017-04-20,33.04209899902344,,,,,
2017-04-21,33.0026741027832,,,,,
2017-04-24,33.320465087890625,,,,,
2017-04-25,33.52692794799805,,,,,
2017-04-26,33.32974624633789,,,,,
2017-04-27,33.355262756347656,,,,,
2017-04-28,33.32277297973633,,,,,
2017-05-01,34.002471923828125,,,,,
2017-05-02,34.21819305419922,,,,,
2017-05-03,34.11381149291992,,,,,
2017-05-04,33.990875244140625,,,,,
2017-05-05,34.554569244384766,,,,,
2017-05-08,35.49406051635742,,,,,
2017-05-09,35.72137451171875,,,,,
2017-05-10,35.552040100097656,,,,,
2017-05-11,35.8595085144043,,,,,
2017-05-12,36.36030960083008,,,,,
2017-05-15,36.26713180541992,,,,,
2017-05-16,36.213565826416016,,,,,
2017-05-17,34.99767303466797,,,,,
2017-05-18,35.53107833862305,,,,,
2017-05-19,35.65219497680664,,,,,
2017-05-22,35.86882019042969,,,,,
2017-05-23,35.82456970214844,,,,,
2017-05-24,35.71741485595703,,,,,
2017-05-25,35.84088134765625,,,,,
2017-05-26,35.780303955078125,,,,,
2017-05-30,35.79429244995117,,,,,
2017-05-31,35.58231735229492,,,,,
2017-06-01,35.68014907836914,,,,,
2017-06-02,36.20889663696289,,,,,
2017-06-05,35.8548469543457,,,,,
2017-06-06,35.97597122192383,,,,,
2017-06-07,36.190269470214844,,,,,
2017-06-08,36.10175323486328,,,,,
2017-06-09,34.70185470581055,,,,,
2017-06-12,33.872623443603516,,,,,
2017-06-13,34.14513397216797,,,,,
2017-06-14,33.81204605102539,,,,,
2017-06-15,33.60940933227539,,,,,
2017-06-16,33.13888931274414,,,,,
2017-06-19,34.086910247802734,,,,,
2017-06-20,33.777122497558594,,,,,
2017-06-21,33.9774284362793,,,,,
2017-06-22,33.921539306640625,,,,,
2017-06-23,34.07294845581055,,,,,
2017-06-26,33.965782165527344,,,,,
2017-06-27,33.478965759277344,,,,,
2017-06-28,33.96812438964844,,,,,
2017-06-29,33.46731948852539,,,,,
2017-06-30,33.54651641845703,,,,,
2017-07-03,33.42539596557617,,,,,
2017-07-05,33.56281280517578,,,,,
2017-07-06,33.246028900146484,,,,,
2017-07-07,33.58377456665039,,,,,
2017-07-10,33.78876495361328,,,,,
2017-07-11,33.898231506347656,,,,,
2017-07-12,33.947147369384766,,,,,
2017-07-13,34.42000961303711,,,,,
2017-07-14,34.71582794189453,,,,,
2017-07-17,34.836944580078125,,,,,
2017-07-18,34.958072662353516,,,,,
2017-07-19,35.17702865600586,,,,,
2017-07-20,35.01863098144531,,,,,
2017-07-21,35.00232696533203,,,,,
2017-07-24,35.42626190185547,,,,,
2017-07-25,35.577659606933594,,,,,
2017-07-26,35.74536895751953,,,,,
2017-07-27,35.069881439208984,,,,,
2017-07-28,34.82298278808594,,,,,
2017-07-31,34.64360809326172,,,,,
2017-08-01,34.951080322265625,,,,,
2017-08-02,36.60255813598633,,,,,
2017-08-03,36.236854553222656,,,,,
2017-08-04,36.42784881591797,,,,,
2017-08-07,36.991539001464844,,,,,
2017-08-08,37.28736114501953,,,,,
2017-08-09,37.515628814697266,,,,,
2017-08-10,36.32069778442383,,,,,
2017-08-11,36.82579040527344,,,,,
2017-08-14,37.380008697509766,,,,,
2017-08-15,37.78923416137695,,,,,
2017-08-16,37.637229919433594,,,,,
2017-08-17,36.914669036865234,,,,,
2017-08-18,36.830467224121094,,,,,
2017-08-21,36.762664794921875,,,,,
2017-08-22,37.36363220214844,,,,,
2017-08-23,37.4104118347168,,,,,
2017-08-24,37.244388580322266,,,,,
2017-08-25,37.382354736328125,,,,,
2017-08-28,37.758846282958984,,,,,
2017-08-29,38.095577239990234,,,,,
2017-08-30,38.19845962524414,,,,,
2017-08-31,38.3504638671875,,,,,
2017-09-01,38.36216735839844,,,,,
2017-09-05,37.9014778137207,,,,,
2017-09-06,37.86172866821289,,,,,
2017-09-07,37.709720611572266,,,,,
2017-09-08,37.0947380065918,,,,,
2017-09-11,37.76585388183594,,,,,
2017-09-12,37.6161994934082,,,,,
2017-09-13,37.33323287963867,,,,,
2017-09-14,37.012882232666016,,,,,
2017-09-15,37.38703155517578,,,,,
2017-09-18,37.10407638549805,,,,,
2017-09-19,37.118106842041016,,,,,
2017-09-20,36.49608612060547,,,,,
2017-09-21,35.86936569213867,,,,,
2017-09-22,35.51860427856445,,,,,
2017-09-25,35.205257415771484,,,,,
2017-09-26,35.810916900634766,,,,,
2017-09-27,36.0658073425293,,,,,
2017-09-28,35.84365463256836,,,,,
2017-09-29,36.04008102416992,,,,,
2017-10-02,35.967586517333984,,,,,
2017-10-03,36.124263763427734,,,,,
2017-10-04,35.89043426513672,,,,,
2017-10-05,36.33705520629883,,,,,
2017-10-06,36.31601333618164,,,,,
2017-10-09,36.442298889160156,,,,,
2017-10-10,36.456329345703125,,,,,
2017-10-11,36.608314514160156,,,,,
2017-10-12,36.47970962524414,,,,,
2017-10-13,36.71121597290039,,,,,
2017-10-16,37.38703155517578,,,,,
2017-10-17,37.524993896484375,,,,,
2017-10-18,37.35895538330078,,,,,
2017-10-19,36.47503662109375,,,,,
2017-10-20,36.538169860839844,,,,,
2017-10-23,36.51945877075195,,,,,
2017-10-24,36.7369384765625,,,,,
2017-10-25,36.575592041015625,,,,,
2017-10-26,36.80942916870117,,,,,
2017-10-27,38.12831115722656,,,,,
2017-10-30,38.98652267456055,,,,,
2017-10-31,39.52904510498047,,,,,
2017-11-01,39.02627182006836,,,,,
2017-11-02,39.311561584472656,,,,,
2017-11-03,40.3381462097168,,,,,
2017-11-06,40.74737548828125,,,,,
2017-11-07,40.878318786621094,,,,,
2017-11-08,41.21271514892578,,,,,
2017-11-09,41.1285400390625,,,,,
2017-11-10,40.99241638183594,,,,,
2017-11-13,40.828125,,,,,
2017-11-14,40.21091079711914,,,,,
2017-11-15,39.6805305480957,,,,,
2017-11-16,40.15459442138672,,,,,
2017-11-17,39.931640625,,,,,
2017-11-20,39.891746520996094,,,,,
2017-11-21,40.633338928222656,,,,,
2017-11-22,41.06046676635742,,,,,
2017-11-24,41.06281280517578,,,,,
2017-11-27,40.856300354003906,,,,,
2017-11-28,40.61692428588867,,,,,
2017-11-29,39.77439880371094,,,,,
2017-11-30,40.330604553222656,,,,,
2017-12-01,40.14284896850586,,,,,
2017-12-04,39.849491119384766,,,,,
2017-12-05,39.81194305419922,,,,,
2017-12-06,39.664093017578125,,,,,
2017-12-07,39.736846923828125,,,,,
2017-12-08,39.74858856201172,,,,,
2017-12-11,40.52303695678711,,,,,
2017-12-12,40.29539489746094,,,,,
2017-12-13,40.429168701171875,,,,,
2017-12-14,40.41743850708008,,,,,
2017-12-15,40.828125,,,,,
2017-12-18,41.40311050415039,,,,,
2017-12-19,40.96189498901367,,,,,
2017-12-20,40.91731643676758,,,,,
2017-12-21,41.07220458984375,,,,,
2017-12-22,41.07220458984375,,,,,
2017-12-26,40.030216217041016,,,,,
2017-12-27,40.03724670410156,,,,,
2017-12-28,40.149898529052734,,,,,
2017-12-29,39.715728759765625,,,,,
2018-01-02,40.426822662353516,,,,,
2018-01-03,40.41978454589844,,,,,
2018-01-04,40.60752868652344,,,,,
2018-01-05,41.06986618041992,,,,,
2018-01-08,40.91731643676758,,,,,
2018-01-09,40.912628173828125,,,,,
2018-01-10,40.90323257446289,,,,,
2018-01-11,41.13556671142578,,,,,
2018-01-12,41.56036376953125,,,,,
2018-01-16,41.349143981933594,,,,,
2018-01-17,42.03206253051758,,,,,
2018-01-18,42.069618225097656,,,,,
2018-01-19,41.881866455078125,,,,,
2018-01-22,41.53922653198242,,,,,
2018-01-23,41.54861068725586,,,,,
2018-01-24,40.88680648803711,,,,,
2018-01-25,40.15694046020508,,,,,
2018-01-26,40.25080108642578,,,,,
2018-01-29,39.417686462402344,,,,,
2018-01-30,39.18535232543945,,,,,
2018-01-31,39.29329299926758,,,,,
2018-02-01,39.37544250488281,,,,,
2018-02-02,37.666934967041016,,,,,
2018-02-05,36.72584533691406,,,,,
2018-02-06,38.26068115234375,,,,,
2018-02-07,37.44163513183594,,,,,
2018-02-08,36.41136932373047,,,,,
2018-02-09,36.85673904418945,,,,,
2018-02-12,38.34127426147461,,,,,
2018-02-13,38.72536087036133,,,,,
2018-02-14,39.439369201660156,,,,,
2018-02-15,40.763668060302734,,,,,
2018-02-16,40.6317138671875,,,,,
2018-02-20,40.49504089355469,,,,,
2018-02-21,40.31122589111328,,,,,
2018-02-22,40.64820098876953,,,,,
2018-02-23,41.35512161254883,,,,,
2018-02-26,42.17280578613281,,,,,
2018-02-27,42.0361442565918,,,,,
2018-02-28,41.972511291503906,,,,,
2018-03-01,41.23729705810547,,,,,
2018-03-02,41.522438049316406,,,,,
2018-03-05,41.666175842285156,,,,,
2018-03-06,41.63083267211914,,,,,
2018-03-07,41.2443733215332,,,,,
2018-03-08,41.6944465637207,,,,,
2018-03-09,42.41080856323242,,,,,
2018-03-12,42.820823669433594,,,,,
2018-03-13,42.408443450927734,,,,,
2018-03-14,42.047916412353516,,,,,
2018-03-15,42.0974006652832,,,,,
2018-03-16,41.948951721191406,,,,,
2018-03-19,41.30799865722656,,,,,
2018-03-20,41.29386520385742,,,,,
2018-03-21,40.358367919921875,,,,,
2018-03-22,39.78812789916992,,,,,
2018-03-23,38.86674499511719,,,,,
2018-03-26,40.71182632446289,,,,,
2018-03-27,39.667930603027344,,,,,
2018-03-28,39.229637145996094,,,,,
2018-03-29,39.53597640991211,,,,,
2018-04-02,39.276771545410156,,,,,
2018-04-03,39.679710388183594,,,,,
2018-04-04,40.4384880065918,,,,,
2018-04-05,40.71889877319336,,,,,
2018-04-06,39.6773681640625,,,,,
2018-04-09,40.07088851928711,,,,,
2018-04-10,40.8249397277832,,,,,
2018-04-11,40.634071350097656,,,,,
2018-04-12,41.03466033935547,,,,,
2018-04-13,41.17367935180664,,,,,
2018-04-16,41.43053436279297,,,,,
2018-04-17,42.00078582763672,,,,,
2018-04-18,41.90653991699219,,,,,
2018-04-19,40.71889877319336,,,,,
2018-04-20,39.0505485534668,,,,,
2018-04-23,38.937442779541016,,,,,
2018-04-24,38.39546203613281,,,,,
2018-04-25,38.562774658203125,,,,,
2018-04-26,38.697086334228516,,,,,
2018-04-27,38.24936294555664,,,,,
2018-04-30,38.9421501159668,,,,,
2018-05-01,39.84701919555664,,,,,
2018-05-02,41.60725402832031,,,,,
2018-05-03,41.68266677856445,,,,,
2018-05-04,43.31803894042969,,,,,
2018-05-07,43.63142776489258,,,,,
2018-05-08,43.84114074707031,,,,,
2018-05-09,44.14984130859375,,,,,
2018-05-10,44.78136444091797,,,,,
2018-05-11,44.61103439331055,,,,,
2018-05-14,44.506954193115234,,,,,
2018-05-15,44.10245895385742,,,,,
2018-05-16,44.514041900634766,,,,,
2018-05-17,44.23256301879883,,,,,
2018-05-18,44.07170867919922,,,,,
2018-05-21,44.38395690917969,,,,,
2018-05-22,44.272769927978516,,,,,
2018-05-23,44.55663299560547,,,,,
2018-05-24,44.506954193115234,,,,,
2018-05-25,44.608680725097656,,,,,
2018-05-29,44.447818756103516,,,,,
2018-05-30,44.353206634521484,,,,,
2018-05-31,44.20417785644531,,,,,
2018-06-01,45.00135803222656,,,,,
2018-06-04,45.37746810913086,,,,,
2018-06-05,45.72756576538086,,,,,
2018-06-06,45.88604736328125,,,,,
2018-06-07,45.763038635253906,,,,,
2018-06-08,45.34670639038086,,,,,
2018-06-11,45.23553466796875,,,,,
2018-06-12,45.48391342163086,,,,,
2018-06-13,45.11016845703125,,,,,
2018-06-14,45.13382339477539,,,,,
2018-06-15,44.67018508911133,,,,,
2018-06-18,44.64652633666992,,,,,
2018-06-19,43.925045013427734,,,,,
2018-06-20,44.116661071777344,,,,,
2018-06-21,43.87064743041992,,,,,
2018-06-22,43.74291229248047,,,,,
2018-06-25,43.09238052368164,,,,,
2018-06-26,43.62699508666992,,,,,
2018-06-27,43.563133239746094,,,,,
2018-06-28,43.88009262084961,,,,,
2018-06-29,43.7878532409668,,,,,
2018-07-02,44.27750778198242,,,,,
2018-07-03,43.50634765625,,,,,
2018-07-05,43.85643768310547,,,,,
2018-07-06,44.46438217163086,,,,,
2018-07-09,45.08177947998047,,,,,
2018-07-10,45.02737045288086,,,,,
2018-07-11,44.443092346191406,,,,,
2018-07-12,45.1882209777832,,,,,
2018-07-13,45.259193420410156,,,,,
2018-07-16,45.15983963012695,,,,,
2018-07-17,45.28757095336914,,,,,
2018-07-18,45.03919982910156,,,,,
2018-07-19,45.38928985595703,,,,,
2018-07-20,45.28520584106445,,,,,
2018-07-23,45.32542419433594,,,,,
2018-07-24,45.654232025146484,,,,,
2018-07-25,46.084747314453125,,,,,
2018-07-26,45.940452575683594,,,,,
2018-07-27,45.17639923095703,,,,,
2018-07-30,44.92329406738281,,,,,
2018-07-31,45.01316833496094,,,,,
2018-08-01,47.66490936279297,,,,,
2018-08-02,49.05819320678711,,,,,
2018-08-03,49.20012664794922,,,,,
2018-08-06,49.455589294433594,,,,,
2018-08-07,48.99195861816406,,,,,
2018-08-08,49.02507019042969,,,,,
2018-08-09,49.41065216064453,,,,,
2018-08-10,49.263484954833984,,,,,
2018-08-13,49.5815544128418,,,,,
2018-08-14,49.79046630859375,,,,,
2018-08-15,49.90677261352539,,,,,
2018-08-16,50.637916564941406,,,,,
2018-08-17,51.64915466308594,,,,,
2018-08-20,51.14590835571289,,,,,
2018-08-21,51.04619598388672,,,,,
2018-08-22,51.04857635498047,,,,,
2018-08-23,51.15302276611328,,,,,
2018-08-24,51.31207275390625,,,,,
2018-08-27,51.73460006713867,,,,,
2018-08-28,52.152400970458984,,,,,
2018-08-29,52.93099594116211,,,,,
2018-08-30,53.417633056640625,,,,,
2018-08-31,54.03481674194336,,,,,
2018-09-04,54.20810317993164,,,,,
2018-09-05,53.854408264160156,,,,,
2018-09-06,52.9594841003418,,,,,
2018-09-07,52.53219985961914,,,,,
2018-09-10,51.827178955078125,,,,,
2018-09-11,53.13752365112305,,,,,
2018-09-12,52.47761154174805,,,,,
2018-09-13,53.745216369628906,,,,,
2018-09-14,53.13514709472656,,,,,
2018-09-17,51.720359802246094,,,,,
2018-09-18,51.80582046508789,,,,,
2018-09-19,51.8366813659668,,,,,
2018-09-20,52.23072052001953,,,,,
2018-09-21,51.66814041137695,,,,,
2018-09-24,52.4111442565918,,,,,
2018-09-25,52.743473052978516,,,,,
2018-09-26,52.323307037353516,,,,,
2018-09-27,53.39863967895508,,,,,
2018-09-28,53.58616638183594,,,,,
2018-10-01,53.94698715209961,,,,,
2018-10-02,54.42649459838867,,,,,
2018-10-03,55.08879089355469,,,,,
2018-10-04,54.12026596069336,,,,,
2018-10-05,53.24195861816406,,,,,
2018-10-08,53.118534088134766,,,,,
2018-10-09,53.854408264160156,,,,,
2018-10-10,51.35954666137695,,,,,
2018-10-11,50.906150817871094,,,,,
2018-10-12,52.72447967529297,,,,,
2018-10-15,51.596923828125,,,,,
2018-10-16,52.73396301269531,,,,,
2018-10-17,52.50608444213867,,,,,
2018-10-18,51.27882385253906,,,,,
2018-10-19,52.059814453125,,,,,
2018-10-22,52.37790298461914,,,,,
2018-10-23,52.871646881103516,,,,,
2018-10-24,51.05806350708008,,,,,
2018-10-25,52.17612838745117,,,,,
2018-10-26,51.34530258178711,,,,,
2018-10-29,50.38153076171875,,,,,
2018-10-30,50.63315963745117,,,,,
2018-10-31,51.95299530029297,,,,,
2018-11-01,52.750587463378906,,,,,
2018-11-02,49.25160598754883,,,,,
2018-11-05,47.85343933105469,,,,,
2018-11-06,48.37092208862305,,,,,
2018-11-07,49.83794403076172,,,,,
2018-11-08,49.6640510559082,,,,,
2018-11-09,48.706451416015625,,,,,
2018-11-12,46.25289535522461,,,,,
2018-11-13,45.79077911376953,,,,,
2018-11-14,44.4973030090332,,,,,
2018-11-15,45.595455169677734,,,,,
2018-11-16,46.1004524230957,,,,,
2018-11-19,44.27339172363281,,,,,
2018-11-20,42.15810012817383,,,,,
2018-11-21,42.11044692993164,,,,,
2018-11-23,41.0409049987793,,,,,
2018-11-26,41.59593963623047,,,,,
2018-11-27,41.50542068481445,,,,,
2018-11-28,43.101402282714844,,,,,
2018-11-29,42.77029800415039,,,,,
2018-11-30,42.53923034667969,,,,,
2018-12-03,44.025657653808594,,,,,
2018-12-04,42.089027404785156,,,,,
2018-12-06,41.6197509765625,,,,,
2018-12-07,40.13572311401367,,,,,
2018-12-10,40.40012741088867,,,,,
2018-12-11,40.16905975341797,,,,,
2018-12-12,40.28102111816406,,,,,
2018-12-13,40.72169876098633,,,,,
2018-12-14,39.41870880126953,,,,,
2018-12-17,39.05186462402344,,,,,
2018-12-18,39.55924606323242,,,,,
2018-12-19,38.32534408569336,,,,,
2018-12-20,37.35820770263672,,,,,
2018-12-21,35.90513610839844,,,,,
2018-12-24,34.97611999511719,,,,,
2018-12-26,37.43919372558594,,,,,
2018-12-27,37.19622802734375,,,,,
2018-12-28,37.21528625488281,,,,,
2018-12-31,37.574981689453125,,,,,
2019-01-02,37.61785125732422,,,,,
2019-01-03,33.87083435058594,,,,,
2019-01-04,35.3167610168457,,,,,
2019-01-07,35.2381591796875,,,,,
2019-01-08,35.90989303588867,,,,,
2019-01-09,36.51971435546875,,,,,
2019-01-10,36.636436462402344,,,,,
2019-01-11,36.276737213134766,,,,,
2019-01-14,35.73123550415039,,,,,
2019-01-15,36.46253967285156,,,,,
2019-01-16,36.907989501953125,,,,,
2019-01-17,37.12713623046875,,,,,
2019-01-18,37.35581588745117,,,,,
2019-01-22,36.517330169677734,,,,,
2019-01-23,36.66503143310547,,,,,
2019-01-24,36.374412536621094,,,,,
2019-01-25,37.57972717285156,,,,,
2019-01-28,37.23194885253906,,,,,
2019-01-29,36.84605026245117,,,,,
2019-01-30,39.363922119140625,,,,,
2019-01-31,39.64738464355469,,,,,
2019-02-01,39.666446685791016,,,,,
2019-02-04,40.793174743652344,,,,,
2019-02-05,41.49113082885742,,,,,
2019-02-06,41.50542068481445,,,,,
2019-02-07,40.71932601928711,,,,,
2019-02-08,40.76716232299805,,,,,
2019-02-11,40.53272247314453,,,,,
2019-02-12,40.88199996948242,,,,,
2019-02-13,40.7121467590332,,,,,
2019-02-14,40.860477447509766,,,,,
2019-02-15,40.769554138183594,,,,,
2019-02-19,40.89157485961914,,,,,
2019-02-20,41.15471649169922,,,,,
2019-02-21,40.922664642333984,,,,,
2019-02-22,41.379608154296875,,,,,
2019-02-25,41.681026458740234,,,,,
2019-02-26,41.704959869384766,,,,,
2019-02-27,41.83413314819336,,,,,
2019-02-28,41.42266845703125,,,,,
2019-03-01,41.858055114746094,,,,,
2019-03-04,42.06858825683594,,,,,
2019-03-05,41.99202346801758,,,,,
2019-03-06,41.750404357910156,,,,,
2019-03-07,41.26715850830078,,,,,
2019-03-08,41.365238189697266,,,,,
2019-03-11,42.79823684692383,,,,,
2019-03-12,43.27908706665039,,,,,
2019-03-13,43.47047424316406,,,,,
2019-03-14,43.95371627807617,,,,,
2019-03-15,44.52547836303711,,,,,
2019-03-18,44.98001480102539,,,,,
2019-03-19,44.62355422973633,,,,,
2019-03-20,45.01350784301758,,,,,
2019-03-21,46.67136764526367,,,,,
2019-03-22,45.70486831665039,,,,,
2019-03-25,45.15225601196289,,,,,
2019-03-26,44.68574905395508,,,,,
2019-03-27,45.087669372558594,,,,,
2019-03-28,45.147464752197266,,,,,
2019-03-29,45.44172286987305,,,,,
2019-04-01,45.75033187866211,,,,,
2019-04-02,46.41539001464844,,,,,
2019-04-03,46.733558654785156,,,,,
2019-04-04,46.81489944458008,,,,,
2019-04-05,47.12828826904297,,,,,
2019-04-08,47.869903564453125,,,,,
2019-04-09,47.72636795043945,,,,,
2019-04-10,47.99430847167969,,,,,
2019-04-11,47.59478759765625,,,,,
2019-04-12,47.57564926147461,,,,,
2019-04-15,47.661773681640625,,,,,
2019-04-16,47.666568756103516,,,,,
2019-04-17,48.59477615356445,,,,,
2019-04-18,48.769405364990234,,,,,
2019-04-22,48.929691314697266,,,,,
2019-04-23,49.63542556762695,,,,,
2019-04-24,49.55887222290039,,,,,
2019-04-25,49.10911560058594,,,,,
2019-04-26,48.87467956542969,,,,,
2019-04-29,48.94883346557617,,,,,
2019-04-30,48.00626754760742,,,,,
2019-05-01,50.36267852783203,,,,,
2019-05-02,50.03493118286133,,,,,
2019-05-03,50.65693664550781,,,,,
2019-05-06,49.87464904785156,,,,,
2019-05-07,48.53017044067383,,,,,
2019-05-08,48.539756774902344,,,,,
2019-05-09,48.01823806762695,,,,,
2019-05-10,47.3530158996582,,,,,
2019-05-13,44.60087585449219,,,,,
2019-05-14,45.30692672729492,,,,,
2019-05-15,45.849666595458984,,,,,
2019-05-16,45.64793395996094,,,,,
2019-05-17,45.388580322265625,,,,,
2019-05-20,43.969276428222656,,,,,
2019-05-21,44.81221389770508,,,,,
2019-05-22,43.89482498168945,,,,,
2019-05-23,43.145565032958984,,,,,
2019-05-24,42.9798583984375,,,,,
2019-05-28,42.80213165283203,,,,,
2019-05-29,42.598018646240234,,,,,
2019-05-30,42.81895065307617,,,,,
2019-05-31,42.04327392578125,,,,,
2019-06-03,41.618202209472656,,,,,
2019-06-04,43.14075469970703,,,,,
2019-06-05,43.83719253540039,,,,,
2019-06-06,44.48080062866211,,,,,
2019-06-07,45.66474914550781,,,,,
2019-06-10,46.248321533203125,,,,,
2019-06-11,46.783851623535156,,,,,
2019-06-12,46.63496017456055,,,,,
2019-06-13,46.6253547668457,,,,,
2019-06-14,46.2867546081543,,,,,
2019-06-17,46.56291580200195,,,,,
2019-06-18,47.65800094604492,,,,,
2019-06-19,47.51871871948242,,,,,
2019-06-20,47.90055847167969,,,,,
2019-06-21,47.73725891113281,,,,,
2019-06-24,47.689231872558594,,,,,
2019-06-25,46.966365814208984,,,,,
2019-06-26,47.98221206665039,,,,,
2019-06-27,47.967796325683594,,,,,
2019-06-28,47.53071975708008,,,,,
2019-07-01,48.4024772644043,,,,,
2019-07-02,48.68585205078125,,,,,
2019-07-03,49.08930206298828,,,,,
2019-07-05,49.04607391357422,,,,,
2019-07-08,48.035037994384766,,,,,
2019-07-09,48.328033447265625,,,,,
2019-07-10,48.805931091308594,,,,,
2019-07-11,48.45050811767578,,,,,
2019-07-12,48.8227424621582,,,,,
2019-07-15,49.28142547607422,,,,,
2019-07-16,49.110923767089844,,,,,
2019-07-17,48.83474349975586,,,,,
2019-07-18,49.389495849609375,,,,,
2019-07-19,48.6522216796875,,,,,
2019-07-22,49.764129638671875,,,,,
2019-07-23,50.15317916870117,,,,,
2019-07-24,50.11234664916992,,,,,
2019-07-25,49.71609878540039,,,,,
2019-07-26,49.88901901245117,,,,,
2019-07-29,50.35489273071289,,,,,
2019-07-30,50.138763427734375,,,,,
2019-07-31,51.161808013916016,,,,,
2019-08-01,50.054718017578125,,,,,
2019-08-02,48.99563980102539,,,,,
2019-08-05,46.430824279785156,,,,,
2019-08-06,47.30978012084961,,,,,
2019-08-07,47.79969024658203,,,,,
2019-08-08,48.85396194458008,,,,,
2019-08-09,48.45137405395508,,,,,
2019-08-12,48.32843780517578,,,,,
2019-08-13,50.375057220458984,,,,,
2019-08-14,48.875640869140625,,,,,
2019-08-15,48.63217544555664,,,,,
2019-08-16,49.77963638305664,,,,,
2019-08-19,50.707740783691406,,,,,
2019-08-20,50.710147857666016,,,,,
2019-08-21,51.25977325439453,,,,,
2019-08-22,51.21638870239258,,,,,
2019-08-23,48.84913635253906,,,,,
2019-08-26,49.777225494384766,,,,,
2019-08-27,49.21554946899414,,,,,
2019-08-28,49.545814514160156,,,,,
2019-08-29,50.38471603393555,,,,,
2019-08-30,50.31962203979492,,,,,
2019-09-03,49.5867919921875,,,,,
2019-09-04,50.428104400634766,,,,,
2019-09-05,51.414039611816406,,,,,
2019-09-06,51.40922927856445,,,,,
2019-09-09,51.628597259521484,,,,,
2019-09-10,52.238502502441406,,,,,
2019-09-11,53.8994255065918,,,,,
2019-09-12,53.778892517089844,,,,,
2019-09-13,52.73267364501953,,,,,
2019-09-16,53.0098876953125,,,,,
2019-09-17,53.202735900878906,,,,,
2019-09-18,53.701744079589844,,,,,
2019-09-19,53.26542282104492,,,,,
2019-09-20,52.48678207397461,,,,,
2019-09-23,52.725440979003906,,,,,
2019-09-24,52.47473907470703,,,,,
2019-09-25,53.28229522705078,,,,,
2019-09-26,53.00749206542969,,,,,
2019-09-27,52.749542236328125,,,,,
2019-09-30,53.991024017333984,,,,,
2019-10-01,54.14048385620117,,,,,
2019-10-02,52.78329849243164,,,,,
2019-10-03,53.23167419433594,,,,,
2019-10-04,54.72385787963867,,,,,
2019-10-07,54.73590087890625,,,,,
2019-10-08,54.09467697143555,,,,,
2019-10-09,54.72869110107422,,,,,
2019-10-10,55.46632766723633,,,,,
2019-10-11,56.94163513183594,,,,,
2019-10-14,56.859676361083984,,,,,
2019-10-15,56.72709655761719,,,,,
2019-10-16,56.49807357788086,,,,,
2019-10-17,56.71745681762695,,,,,
2019-10-18,56.98984146118164,,,,,
2019-10-21,57.97822189331055,,,,,
2019-10-22,57.84563446044922,,,,,
2019-10-23,58.62184143066406,,,,,
2019-10-24,58.718284606933594,,,,,
2019-10-25,59.44147872924805,,,,,
2019-10-28,60.03689956665039,,,,,
2019-10-29,58.64836883544922,,,,,
2019-10-30,58.64114761352539,,,,,
2019-10-31,59.96697998046875,,,,,
2019-11-01,61.66889572143555,,,,,
2019-11-04,62.07388687133789,,,,,
2019-11-05,61.98469543457031,,,,,
2019-11-06,62.0112190246582,,,,,
2019-11-07,62.726890563964844,,,,,
2019-11-08,62.8985595703125,,,,,
2019-11-11,63.39666748046875,,,,,
2019-11-12,63.338619232177734,,,,,
2019-11-13,63.94552993774414,,,,,
2019-11-14,63.50303268432617,,,,,
2019-11-15,64.25741577148438,,,,,
2019-11-18,64.58141326904297,,,,,
2019-11-19,64.38554382324219,,,,,
2019-11-20,63.636016845703125,,,,,
2019-11-21,63.350711822509766,,,,,
2019-11-22,63.295108795166016,,,,,
2019-11-25,64.40489959716797,,,,,
2019-11-26,63.9019775390625,,,,,
2019-11-27,64.7603530883789,,,,,
2019-11-29,64.61766815185547,,,,,
2019-12-02,63.870548248291016,,,,,
2019-12-03,62.73173141479492,,,,,
2019-12-04,63.2854118347168,,,,,
2019-12-05,64.21388244628906,,,,,
2019-12-06,65.45426177978516,,,,,
2019-12-09,64.53787231445312,,,,,
2019-12-10,64.9150619506836,,,,,
2019-12-11,65.46876525878906,,,,,
2019-12-12,65.6355972290039,,,,,
2019-12-13,66.52779388427734,,,,,
2019-12-16,67.66661071777344,,,,,
2019-12-17,67.7995834350586,,,,,
2019-12-18,67.63760375976562,,,,,
2019-12-19,67.70529174804688,,,,,
2019-12-20,67.56507110595703,,,,,
2019-12-23,68.66761016845703,,,,,
2019-12-24,68.73289489746094,,,,,
2019-12-26,70.09656524658203,,,,,
2019-12-27,70.06998443603516,,,,,
2019-12-30,70.48585510253906,,,,,
2019-12-31,71.0008773803711,,,,,
2020-01-02,72.6208267211914,,,,,
2020-01-03,71.91481018066406,,,,,
2020-01-06,72.48786926269531,,,,,
2020-01-07,72.14691925048828,,,,,
2020-01-08,73.30750274658203,,,,,
2020-01-09,74.8646240234375,,,,,
2020-01-10,75.03388977050781,,,,,
2020-01-13,76.63692474365234,,,,,
2020-01-14,75.6020736694336,,,,,
2020-01-15,75.27806091308594,,,,,
2020-01-16,76.2210693359375,,,,,
2020-01-17,77.06489562988281,,,,,
2020-01-21,76.54265594482422,,,,,
2020-01-22,76.81584167480469,,,,,
2020-01-23,77.18577575683594,,,,,
2020-01-24,76.96334075927734,,,,,
2020-01-27,74.7002182006836,,,,,
2020-01-28,76.81342315673828,,,,,
2020-01-29,78.42131805419922,,,,,
2020-01-30,78.30766296386719,,,,,
2020-01-31,74.83562469482422,,,,,
2020-02-03,74.63009643554688,,,,,
2020-02-04,77.09391021728516,,,,,
2020-02-05,77.72254180908203,,,,,
2020-02-06,78.63167572021484,,,,,
2020-02-07,77.56285095214844,,,,,
2020-02-10,77.93125915527344,,,,,
2020-02-11,77.4610595703125,,,,,
2020-02-12,79.30058288574219,,,,,
2020-02-13,78.73588562011719,,,,,
2020-02-14,78.75525665283203,,,,,
2020-02-18,77.31321716308594,,,,,
2020-02-19,78.43293762207031,,,,,
2020-02-20,77.62828826904297,,,,,
2020-02-21,75.87117004394531,,,,,
2020-02-24,72.26725769042969,,,,,
2020-02-25,69.81942749023438,,,,,
2020-02-26,70.927001953125,,,,,
2020-02-27,66.29064178466797,,,,,
2020-02-28,66.25186157226562,,,,,
2020-03-02,72.41996002197266,,,,,
2020-03-03,70.11992645263672,,,,,
2020-03-04,73.37242889404297,,,,,
2020-03-05,70.99244689941406,,,,,
2020-03-06,70.04964447021484,,,,,
2020-03-09,64.50929260253906,,,,,
2020-03-10,69.15534210205078,,,,,
2020-03-11,66.75354766845703,,,,,
2020-03-12,60.16131591796875,,,,,
2020-03-13,67.36914825439453,,,,,
2020-03-16,58.70230484008789,,,,,
2020-03-17,61.2834587097168,,,,,
2020-03-18,59.78322982788086,,,,,
2020-03-19,59.325172424316406,,,,,
2020-03-20,55.55889129638672,,,,,
2020-03-23,54.378578186035156,,,,,
2020-03-24,59.83414077758789,,,,,
2020-03-25,59.504512786865234,,,,,
2020-03-26,62.63583755493164,,,,,
2020-03-27,60.042564392089844,,,,,
2020-03-30,61.75605773925781,,,,,
2020-03-31,61.63003158569336,,,,,
2020-04-01,58.387237548828125,,,,,
2020-04-02,59.36153030395508,,,,,
2020-04-03,58.5084228515625,,,,,
2020-04-06,63.612545013427734,,,,,
2020-04-07,62.87575912475586,,,,,
2020-04-08,64.48503112792969,,,,,
2020-04-09,64.95037841796875,,,,,
2020-04-13,66.22521209716797,,,,,
2020-04-14,69.56978607177734,,,,,
2020-04-15,68.93478393554688,,,,,
2020-04-16,69.48255157470703,,,,,
2020-04-17,68.53974151611328,,,,,
2020-04-20,67.11710357666016,,,,,
2020-04-21,65.04246520996094,,,,,
2020-04-22,66.91593170166016,,,,,
2020-04-23,66.65660858154297,,,,,
2020-04-24,68.58094787597656,,,,,
2020-04-27,68.62942504882812,,,,,
2020-04-28,67.5169906616211,,,,,
2020-04-29,69.73457336425781,,,,,
2020-04-30,71.2057113647461,,,,,
2020-05-01,70.05935668945312,,,,,
2020-05-04,71.05062103271484,,,,,
2020-05-05,72.11698913574219,,,,,
2020-05-06,72.8610610961914,,,,,
2020-05-07,73.61479187011719,,,,,
2020-05-08,75.36695098876953,,,,,
2020-05-11,76.55287170410156,,,,,
2020-05-12,75.67800903320312,,,,,
2020-05-13,74.76427459716797,,,,,
2020-05-14,75.22355651855469,,,,,
2020-05-15,74.77883911132812,,,,,
2020-05-18,76.54072570800781,,,,,
2020-05-19,76.09843444824219,,,,,
2020-05-20,77.5783920288086,,,,,
2020-05-21,77.00001525878906,,,,,
2020-05-22,77.49577331542969,,,,,
2020-05-26,76.97086334228516,,,,,
2020-05-27,77.30622100830078,,,,,
2020-05-28,77.34024047851562,,,,,
2020-05-29,77.26492309570312,,,,,
2020-06-01,78.2151107788086,,,,,
2020-06-02,78.57719421386719,,,,,
2020-06-03,79.00978088378906,,,,,
2020-06-04,78.32933044433594,,,,,
2020-06-05,80.56021118164062,,,,,
2020-06-08,81.03653717041016,,,,,
2020-06-09,83.59551239013672,,,,,
2020-06-10,85.7462158203125,,,,,
2020-06-11,81.62950897216797,,,,,
2020-06-12,82.33424377441406,,,,,
2020-06-15,83.35247039794922,,,,,
2020-06-16,85.56150817871094,,,,,
2020-06-17,85.44244384765625,,,,,
2020-06-18,85.47647857666016,,,,,
2020-06-19,84.9880142211914,,,,,
2020-06-22,87.21160888671875,,,,,
2020-06-23,89.07313537597656,,,,,
2020-06-24,87.50081634521484,,,,,
2020-06-25,88.66241455078125,,,,,
2020-06-26,85.93820190429688,,,,,
2020-06-29,87.91877746582031,,,,,
2020-06-30,88.65269470214844,,,,,
2020-07-01,88.48501586914062,,,,,
2020-07-02,88.48501586914062,,,,,
2020-07-06,90.85200500488281,,,,,
2020-07-07,90.57010650634766,,,,,
2020-07-08,92.67949676513672,,,,,
2020-07-09,93.07804107666016,,,,,
2020-07-10,93.24085998535156,,,,,
2020-07-13,92.81073760986328,,,,,
2020-07-14,94.34661865234375,,,,,
2020-07-15,94.99544525146484,,,,,
2020-07-16,93.82653045654297,,,,,
2020-07-17,93.63699340820312,,,,,
2020-07-20,95.61026763916016,,,,,
2020-07-21,94.29070281982422,,,,,
2020-07-22,94.55559539794922,,,,,
2020-07-23,90.25176239013672,,,,,
2020-07-24,90.0281753540039,,,,,
2020-07-27,92.161865234375,,,,,
2020-07-28,90.64787292480469,,,,,
2020-07-29,92.38544464111328,,,,,
2020-07-30,93.50332641601562,,,,,
2020-07-31,103.29206085205078,,,,,
2020-08-03,105.89478302001953,,,,,
2020-08-04,106.60195922851562,,,,,
2020-08-05,106.98835754394531,,,,,
2020-08-06,110.72109985351562,,,,,
2020-08-07,108.20378112792969,,,,,
2020-08-10,109.7764892578125,,,,,
2020-08-11,106.51175689697266,,,,,
2020-08-12,110.05158996582031,,,,,
2020-08-13,111.99923706054688,,,,,
2020-08-14,111.89942169189453,,,,,
2020-08-17,111.60726928710938,,,,,
2020-08-18,112.53727722167969,,,,,
2020-08-19,112.67848205566406,,,,,
2020-08-20,115.17875671386719,,,,,
2020-08-21,121.11420440673828,,,,,
2020-08-24,122.56277465820312,,,,,
2020-08-25,121.55728912353516,,,,,
2020-08-26,123.21036529541016,,,,,
2020-08-27,121.73746490478516,,,,,
2020-08-28,121.5402603149414,,,,,
2020-08-31,125.66194152832031,,,,,
2020-09-01,130.6674041748047,,,,,
2020-09-02,127.96015167236328,,,,,
2020-09-03,117.71559143066406,,,,,
2020-09-04,117.79347229003906,,,,,
2020-09-08,109.86656951904297,,,,,
2020-09-09,114.24876403808594,,,,,
2020-09-10,110.5190200805664,,,,,
2020-09-11,109.06805419921875,,,,,
2020-09-14,112.34007263183594,,,,,
2020-09-15,112.5153579711914,,,,,
2020-09-16,109.19464111328125,,,,,
2020-09-17,107.45149230957031,,,,,
2020-09-18,104.04312133789062,,,,,
2020-09-21,107.19830322265625,,,,,
2020-09-22,108.88299560546875,,,,,
2020-09-23,104.3157958984375,,,,,
2020-09-24,105.3869857788086,,,,,
2020-09-25,109.3406982421875,,,,,
2020-09-28,111.95054626464844,,,,,
2020-09-29,111.10331726074219,,,,,
2020-09-30,112.77827453613281,,,,,
2020-10-01,113.7326431274414,,,,,
2020-10-02,110.06130981445312,,,,,
2020-10-05,113.45024108886719,,,,,
2020-10-06,110.19766998291016,,,,,
2020-10-07,112.06741333007812,,,,,
2020-10-08,111.96028900146484,,,,,
2020-10-09,113.90791320800781,,,,,
2020-10-12,121.14340209960938,,,,,
2020-10-13,117.92981719970703,,,,,
2020-10-14,118.01744842529297,,,,,
2020-10-15,117.5500259399414,,,,,
2020-10-16,115.90425109863281,,,,,
2020-10-19,112.94384002685547,,,,,
2020-10-20,114.43380737304688,,,,,
2020-10-21,113.810546875,,,,,
2020-10-22,112.7198715209961,,,,,
2020-10-23,112.02845764160156,,,,,
2020-10-26,112.0382080078125,,,,,
2020-10-27,113.54761505126953,,,,,
2020-10-28,108.28897857666016,,,,,
2020-10-29,112.30113220214844,,,,,
2020-10-30,106.0102310180664,,,,,
2020-11-02,105.92257690429688,,,,,
2020-11-03,107.54886627197266,,,,,
2020-11-04,111.94081115722656,,,,,
2020-11-05,115.91398620605469,,,,,
2020-11-06,115.78231811523438,,,,,
2020-11-09,113.47037506103516,,,,,
2020-11-10,113.12893676757812,,,,,
2020-11-11,116.5627212524414,,,,,
2020-11-12,116.28955841064453,,,,,
2020-11-13,116.33833312988281,,,,,
2020-11-16,117.3528823852539,,,,,
2020-11-17,116.46513366699219,,,,,
2020-11-18,115.13847351074219,,,,,
2020-11-19,115.73351287841797,,,,,
2020-11-20,114.46539306640625,,,,,
2020-11-23,111.06089782714844,,,,,
2020-11-24,112.34854125976562,,,,,
2020-11-25,113.1874771118164,,,,,
2020-11-27,113.7337417602539,,,,,
2020-11-30,116.13351440429688,,,,,
2020-12-01,119.71358489990234,,,,,
2020-12-02,120.06475830078125,,,,,
2020-12-03,119.9281997680664,,,,,
2020-12-04,119.2551040649414,,,,,
2020-12-07,120.71832275390625,,,,,
2020-12-08,121.33291625976562,,,,,
2020-12-09,118.79661560058594,,,,,
2020-12-10,120.22083282470703,,,,,
2020-12-11,119.41117858886719,,,,,
2020-12-14,118.79661560058594,,,,,
2020-12-15,124.74717712402344,,,,,
2020-12-16,124.67887115478516,,,,,
2020-12-17,125.54707336425781,,,,,
2020-12-18,123.55706787109375,,,,,
2020-12-21,125.08858489990234,,,,,
2020-12-22,128.64918518066406,,,,,
2020-12-23,127.7517318725586,,,,,
2020-12-24,128.7369384765625,,,,,
2020-12-28,133.34136962890625,,,,,
2020-12-29,131.56591796875,,,,,
2020-12-30,130.44412231445312,,,,,
2020-12-31,129.4393310546875,,,,,
2021-01-04,126.23968505859375,,,,,
2021-01-05,127.8005142211914,,,,,
2021-01-06,123.49852752685547,,,,,
2021-01-07,127.71271514892578,,,,,
2021-01-08,128.81500244140625,,,,,
2021-01-11,125.82023620605469,,,,,
2021-01-12,125.64463806152344,,,,,
2021-01-13,127.68343353271484,,,,,
2021-01-14,125.75194549560547,,,,,
2021-01-15,124.02530670166016,,,,,
2021-01-19,124.69840240478516,,,,,
2021-01-20,128.79551696777344,,,,,
2021-01-21,133.5169219970703,,,,,
2021-01-22,135.6630401611328,,,,,
2021-01-25,139.418701171875,,,,,
2021-01-26,139.65284729003906,,,,,
2021-01-27,138.57981872558594,,,,,
2021-01-28,133.73153686523438,,,,,
2021-01-29,128.7272186279297,,,,,
2021-02-01,130.8538055419922,,,,,
2021-02-02,131.6829833984375,,,,,
2021-02-03,130.6587371826172,,,,,
2021-02-04,134.02418518066406,,,,,
2021-02-05,133.6090087890625,,,,,
2021-02-08,133.75552368164062,,,,,
2021-02-09,132.8762969970703,,,,,
2021-02-10,132.27052307128906,,,,,
2021-02-11,132.0165557861328,,,,,
2021-02-12,132.2510528564453,,,,,
2021-02-16,130.12123107910156,,,,,
2021-02-17,127.82538604736328,,,,,
2021-02-18,126.72145080566406,,,,,
2021-02-19,126.87772369384766,,,,,
2021-02-22,123.0969009399414,,,,,
2021-02-23,122.96012115478516,,,,,
2021-02-24,122.46188354492188,,,,,
2021-02-25,118.20233154296875,,,,,
2021-02-26,118.46611785888672,,,,,
2021-03-01,124.84566497802734,,,,,
2021-03-02,122.2371826171875,,,,,
2021-03-03,119.24767303466797,,,,,
2021-03-04,117.36213684082031,,,,,
2021-03-05,118.6224136352539,,,,,
2021-03-08,113.67900848388672,,,,,
2021-03-09,118.30003356933594,,,,,
2021-03-10,117.21561431884766,,,,,
2021-03-11,119.14998626708984,,,,,
2021-03-12,118.24138641357422,,,,,
2021-03-15,121.13322448730469,,,,,
2021-03-16,122.67679595947266,,,,,
2021-03-17,121.8854751586914,,,,,
2021-03-18,117.7529296875,,,,,
2021-03-19,117.2253646850586,,,,,
2021-03-22,120.54703521728516,,,,,
2021-03-23,119.71662139892578,,,,,
2021-03-24,117.32305908203125,,,,,
2021-03-25,117.81153869628906,,,,,
2021-03-26,118.41726684570312,,,,,
2021-03-29,118.59310150146484,,,,,
2021-03-30,117.13743591308594,,,,,
2021-03-31,119.33561706542969,,,,,
2021-04-01,120.16602325439453,,,,,
2021-04-05,122.99921417236328,,,,,
2021-04-06,123.30206298828125,,,,,
2021-04-07,124.95311737060547,,,,,
2021-04-08,127.3564224243164,,,,,
2021-04-09,129.93560791015625,,,,,
2021-04-12,128.21620178222656,,,,,
2021-04-13,131.33267211914062,,,,,
2021-04-14,128.98797607421875,,,,,
2021-04-15,131.40106201171875,,,,,
2021-04-16,131.06887817382812,,,,,
2021-04-19,131.73321533203125,,,,,
2021-04-20,130.04310607910156,,,,,
2021-04-21,130.42410278320312,,,,,
2021-04-22,128.90008544921875,,,,,
2021-04-23,131.22520446777344,,,,,
2021-04-26,131.61595153808594,,,,,
2021-04-27,131.29360961914062,,,,,
2021-04-28,130.50222778320312,,,,,
2021-04-29,130.4045867919922,,,,,
2021-04-30,128.43112182617188,,,,,
2021-05-03,129.4862060546875,,,,,
2021-05-04,124.90428161621094,,,,,
2021-05-05,125.14849090576172,,,,,
2021-05-06,126.75071716308594,,,,,
2021-05-07,127.42597198486328,,,,,
2021-05-10,124.13780975341797,,,,,
2021-05-11,123.21791076660156,,,,,
2021-05-12,120.1450424194336,,,,,
2021-05-13,122.29801940917969,,,,,
2021-05-14,124.72499084472656,,,,,
2021-05-17,123.5702133178711,,,,,
2021-05-18,122.18058013916016,,,,,
2021-05-19,122.02400207519531,,,,,
2021-05-20,124.58796691894531,,,,,
2021-05-21,122.74817657470703,,,,,
2021-05-24,124.38246154785156,,,,,
2021-05-25,124.1867446899414,,,,,
2021-05-26,124.13780975341797,,,,,
2021-05-27,122.60138702392578,,,,,
2021-05-28,121.94570922851562,,,,,
2021-06-01,121.62276458740234,,,,,
2021-06-02,122.38609313964844,,,,,
2021-06-03,120.8985824584961,,,,,
2021-06-04,123.19834899902344,,,,,
2021-06-07,123.20812225341797,,,,,
2021-06-08,124.03015899658203,,,,,
2021-06-09,124.41181945800781,,,,,
2021-06-10,123.41364288330078,,,,,
2021-06-11,124.62713623046875,,,,,
2021-06-14,127.69019317626953,,,,,
2021-06-15,126.8681640625,,,,,
2021-06-16,127.36724853515625,,,,,
2021-06-17,128.97219848632812,,,,,
2021-06-18,127.67062377929688,,,,,
2021-06-21,129.47128295898438,,,,,
2021-06-22,131.11538696289062,,,,,
2021-06-23,130.8413543701172,,,,,
2021-06-24,130.5575714111328,,,,,
2021-06-25,130.2639617919922,,,,,
2021-06-28,131.89828491210938,,,,,
2021-06-29,133.41513061523438,,,,,
2021-06-30,134.03167724609375,,,,,
2021-07-01,134.33502197265625,,,,,
2021-07-02,136.96751403808594,,,,,
2021-07-06,138.98345947265625,,,,,
2021-07-07,141.47897338867188,,,,,
2021-07-08,140.17739868164062,,,,,
2021-07-09,142.0074005126953,,,,,
2021-07-12,141.4104461669922,,,,,
2021-07-13,142.52606201171875,,,,,
2021-07-14,145.96102905273438,,,,,
2021-07-15,145.3053436279297,,,,,
2021-07-16,143.26004028320312,,,,,
2021-07-19,139.404296875,,,,,
2021-07-20,143.0251922607422,,,,,
2021-07-21,142.29119873046875,,,,,
2021-07-22,143.66123962402344,,,,,
2021-07-23,145.38363647460938,,,,,
2021-07-26,145.804443359375,,,,,
2021-07-27,143.6319122314453,,,,,
2021-07-28,141.8801727294922,,,,,
2021-07-29,142.52606201171875,,,,,
2021-07-30,142.74136352539062,,,,,
2021-08-02,142.4086456298828,,,,,
2021-08-03,144.20932006835938,,,,,
2021-08-04,143.8080596923828,,,,,
2021-08-05,143.91566467285156,,,,,
2021-08-06,143.22959899902344,,,,,
2021-08-09,143.18063354492188,,,,,
2021-08-10,142.700439453125,,,,,
2021-08-11,142.95521545410156,,,,,
2021-08-12,145.9248504638672,,,,,
2021-08-13,146.13067626953125,,,,,
2021-08-16,148.11050415039062,,,,,
2021-08-17,147.19898986816406,,,,,
2021-08-18,143.4452667236328,,,,,
2021-08-19,143.7784881591797,,,,,
2021-08-20,145.2388153076172,,,,,
2021-08-23,146.7285614013672,,,,,
2021-08-24,146.64035034179688,,,,,
2021-08-25,145.4054412841797,,,,,
2021-08-26,144.6017608642578,,,,,
2021-08-27,145.64068603515625,,,,,
2021-08-30,150.07061767578125,,,,,
2021-08-31,148.8063201904297,,,,,
2021-09-01,149.47280883789062,,,,,
2021-09-02,150.59010314941406,,,,,
2021-09-03,151.22715759277344,,,,,
2021-09-07,153.5695343017578,,,,,
2021-09-08,152.02102661132812,,,,,
2021-09-09,151.00172424316406,,,,,
2021-09-10,146.00326538085938,,,,,
2021-09-13,146.57174682617188,,,,,
2021-09-14,145.17022705078125,,,,,
2021-09-15,146.0620880126953,,,,,
2021-09-16,145.8268280029297,,,,,
2021-09-17,143.15121459960938,,,,,
2021-09-20,140.09336853027344,,,,,
2021-09-21,140.5736083984375,,,,,
2021-09-22,142.94541931152344,,,,,
2021-09-23,143.90589904785156,,,,,
2021-09-24,143.9940948486328,,,,,
2021-09-27,142.47500610351562,,,,,
2021-09-28,139.08387756347656,,,,,
2021-09-29,139.9855499267578,,,,,
2021-09-30,138.6820526123047,,,,,
2021-10-01,139.80917358398438,,,,,
2021-10-04,136.3690643310547,,,,,
2021-10-05,138.29981994628906,,,,,
2021-10-06,139.17210388183594,,,,,
2021-10-07,140.43638610839844,,,,,
2021-10-08,140.0541534423828,,,,,
2021-10-11,139.9659881591797,,,,,
2021-10-12,138.6918182373047,,,,,
2021-10-13,138.1038055419922,,,,,
2021-10-14,140.89703369140625,,,,,
2021-10-15,141.95553588867188,,,,,
2021-10-18,143.63150024414062,,,,,
2021-10-19,145.7974853515625,,,,,
2021-10-20,146.28750610351562,,,,,
2021-10-21,146.50314331054688,,,,,
2021-10-22,145.72886657714844,,,,,
2021-10-25,145.6798553466797,,,,,
2021-10-26,146.34632873535156,,,,,
2021-10-27,145.8856658935547,,,,,
2021-10-28,149.5315704345703,,,,,
2021-10-29,146.81678771972656,,,,,
2021-11-01,145.99346923828125,,,,,
2021-11-02,147.0323486328125,,,,,
2021-11-03,148.47312927246094,,,,,
2021-11-04,147.9536895751953,,,,,
2021-11-05,148.48367309570312,,,,,
2021-11-08,147.6591796875,,,,,
2021-11-09,148.0223846435547,,,,,
2021-11-10,145.18577575683594,,,,,
2021-11-11,145.13673400878906,,,,,
2021-11-12,147.21751403808594,,,,,
2021-11-15,147.227294921875,,,,,
2021-11-16,148.20887756347656,,,,,
2021-11-17,150.65283203125,,,,,
2021-11-18,154.9518585205078,,,,,
2021-11-19,157.58233642578125,,,,,
2021-11-22,158.0436248779297,,,,,
2021-11-23,158.42642211914062,,,,,
2021-11-24,158.94664001464844,,,,,
2021-11-26,153.91143798828125,,,,,
2021-11-29,157.27804565429688,,,,,
2021-11-30,162.2445068359375,,,,,
2021-12-01,161.7243194580078,,,,,
2021-12-02,160.73301696777344,,,,,
2021-12-03,158.84848022460938,,,,,
2021-12-06,162.26417541503906,,,,,
2021-12-07,168.01585388183594,,,,,
2021-12-08,171.84373474121094,,,,,
2021-12-09,171.3333282470703,,,,,
2021-12-10,176.1329803466797,,,,,
2021-12-13,172.4915313720703,,,,,
2021-12-14,171.10763549804688,,,,,
2021-12-15,175.98574829101562,,,,,
2021-12-16,169.0758514404297,,,,,
2021-12-17,167.97653198242188,,,,,
2021-12-20,166.6122589111328,,,,,
2021-12-21,169.79237365722656,,,,,
2021-12-22,172.39340209960938,,,,,
2021-12-23,173.02154541015625,,,,,
2021-12-27,176.9967041015625,,,,,
2021-12-28,175.9759063720703,,,,,
2021-12-29,176.0642852783203,,,,,
2021-12-30,174.90606689453125,,,,,
2021-12-31,174.2877197265625,,,,,
2022-01-03,178.6456756591797,,,,,
2022-01-04,176.37835693359375,,,,,
2022-01-05,171.6866912841797,,,,,
2022-01-06,168.82069396972656,,,,,
2022-01-07,168.98751831054688,,,,,
2022-01-10,169.00718688964844,,,,,
2022-01-11,171.84373474121094,,,,,
2022-01-12,172.285400390625,,,,,
2022-01-13,169.00718688964844,,,,,
2022-01-14,169.87091064453125,,,,,
2022-01-18,166.66136169433594,,,,,
2022-01-19,163.1573486328125,,,,,
2022-01-20,161.4691162109375,,,,,
2022-01-21,159.40797424316406,,,,,
2022-01-24,158.63253784179688,,,,,
2022-01-25,156.82656860351562,,,,,
2022-01-26,156.7382354736328,,,,,
2022-01-27,156.27688598632812,,,,,
2022-01-28,167.1815643310547,,,,,
2022-01-31,171.54930114746094,,,,,
2022-02-01,171.38246154785156,,,,,
2022-02-02,172.58970642089844,,,,,
2022-02-03,169.7040252685547,,,,,
2022-02-04,169.41903686523438,,,,,
2022-02-07,168.70162963867188,,,,,
2022-02-08,171.81698608398438,,,,,
2022-02-09,173.2419891357422,,,,,
2022-02-10,169.1536865234375,,,,,
2022-02-11,165.73365783691406,,,,,
2022-02-14,165.9695281982422,,,,,
2022-02-15,169.81216430664062,,,,,
2022-02-16,169.57630920410156,,,,,
2022-02-17,165.9695281982422,,,,,
2022-02-18,164.41676330566406,,,,,
2022-02-22,161.4881134033203,,,,,
2022-02-23,157.31137084960938,,,,,
2022-02-24,159.9353790283203,,,,,
2022-02-25,162.00901794433594,,,,,
2022-02-28,162.2743377685547,,,,,
2022-03-01,160.38742065429688,,,,,
2022-03-02,163.68948364257812,,,,,
2022-03-03,163.36521911621094,,,,,
2022-03-04,160.35792541503906,,,,,
2022-03-07,156.55462646484375,,,,,
2022-03-08,154.72669982910156,,,,,
2022-03-09,160.14170837402344,,,,,
2022-03-10,155.7880859375,,,,,
2022-03-11,152.06336975097656,,,,,
2022-03-14,148.02420043945312,,,,,
2022-03-15,152.4171600341797,,,,,
2022-03-16,156.8396453857422,,,,,
2022-03-17,157.8518524169922,,,,,
2022-03-18,161.15394592285156,,,,,
2022-03-21,162.52989196777344,,,,,
2022-03-22,165.9105682373047,,,,,
2022-03-23,167.27664184570312,,,,,
2022-03-24,171.07008361816406,,,,,
2022-03-25,171.70887756347656,,,,,
2022-03-28,172.57373046875,,,,,
2022-03-29,175.87583923339844,,,,,
2022-03-30,174.706298828125,,,,,
2022-03-31,171.6007843017578,,,,,
2022-04-01,171.30593872070312,,,,,
2022-04-04,175.36476135253906,,,,,
2022-04-05,172.0430145263672,,,,,
2022-04-06,168.8686981201172,,,,,
2022-04-07,169.17335510253906,,,,,
2022-04-08,167.15866088867188,,,,,
2022-04-11,162.89346313476562,,,,,
2022-04-12,164.77056884765625,,,,,
2022-04-13,167.46334838867188,,,,,
2022-04-14,162.44139099121094,,,,,
2022-04-18,162.22520446777344,,,,,
2022-04-19,164.5150604248047,,,,,
2022-04-20,164.34796142578125,,,,,
2022-04-21,163.5519256591797,,,,,
2022-04-22,159.00172424316406,,,,,
2022-04-25,160.0729522705078,,,,,
2022-04-26,154.0977325439453,,,,,
2022-04-27,153.8717041015625,,,,,
2022-04-28,160.81985473632812,,,,,
2022-04-29,154.9330596923828,,,,,
2022-05-02,155.23773193359375,,,,,
2022-05-03,156.73153686523438,,,,,
2022-05-04,163.1588134765625,,,,,
2022-05-05,154.06826782226562,,,,,
2022-05-06,154.79653930664062,,,,,
2022-05-09,149.65895080566406,,,,,
2022-05-10,152.07029724121094,,,,,
2022-05-11,144.186767578125,,,,,
2022-05-12,140.30897521972656,,,,,
2022-05-13,144.78713989257812,,,,,
2022-05-16,143.241943359375,,,,,
2022-05-17,146.8834991455078,,,,,
2022-05-18,138.59646606445312,,,,,
2022-05-19,135.18125915527344,,,,,
2022-05-20,135.41744995117188,,,,,
2022-05-23,140.8502960205078,,,,,
2022-05-24,138.1437225341797,,,,,
2022-05-25,138.3011932373047,,,,,
2022-05-26,141.50970458984375,,,,,
2022-05-27,147.27719116210938,,,,,
2022-05-31,146.48983764648438,,,,,
2022-06-01,146.3618927001953,,,,,
2022-06-02,148.82241821289062,,,,,
2022-06-03,143.08445739746094,,,,,
2022-06-06,143.8324432373047,,,,,
2022-06-07,146.3618927001953,,,,,
2022-06-08,145.6237335205078,,,,,
2022-06-09,140.38772583007812,,,,,
2022-06-10,134.9647216796875,,,,,
2022-06-13,129.79763793945312,,,,,
2022-06-14,130.66372680664062,,,,,
2022-06-15,133.2915496826172,,,,,
2022-06-16,128.00633239746094,,,,,
2022-06-17,129.48265075683594,,,,,
2022-06-21,133.724609375,,,,,
2022-06-22,133.21282958984375,,,,,
2022-06-23,136.08670043945312,,,,,
2022-06-24,139.4232177734375,,,,,
2022-06-27,139.4232177734375,,,,,
2022-06-28,135.26983642578125,,,,,
2022-06-29,137.03155517578125,,,,,
2022-06-30,134.56118774414062,,,,,
2022-07-01,136.7362823486328,,,,,
2022-07-05,139.3247528076172,,,,,
2022-07-06,140.6632843017578,,,,,
2022-07-07,144.03915405273438,,,,,
2022-07-08,144.71823120117188,,,,,
2022-07-11,142.58251953125,,,,,
2022-07-12,143.556884765625,,,,,
2022-07-13,143.19271850585938,,,,,
2022-07-14,146.12567138671875,,,,,
2022-07-15,147.79879760742188,,,,,
2022-07-18,144.74777221679688,,,,,
2022-07-19,148.61573791503906,,,,,
2022-07-20,150.6234893798828,,,,,
2022-07-21,152.89703369140625,,,,,
2022-07-22,151.65692138671875,,,,,
2022-07-25,150.53492736816406,,,,,
2022-07-26,149.2062530517578,,,,,
2022-07-27,154.3142852783203,,,,,
2022-07-28,154.8654327392578,,,,,
2022-07-29,159.94395446777344,,,,,
2022-08-01,158.95973205566406,,,,,
2022-08-02,157.4834442138672,,,,,
2022-08-03,163.50680541992188,,,,,
2022-08-04,163.19186401367188,,,,,
2022-08-05,162.96517944335938,,,,,
2022-08-08,162.4921112060547,,,,,
2022-08-09,162.54141235351562,,,,,
2022-08-10,166.79908752441406,,,,,
2022-08-11,166.05990600585938,,,,,
2022-08-12,169.61782836914062,,,,,
2022-08-15,170.692138671875,,,,,
2022-08-16,170.534423828125,,,,,
2022-08-17,172.0325164794922,,,,,
2022-08-18,171.63824462890625,,,,,
2022-08-19,169.04617309570312,,,,,
2022-08-22,165.15316772460938,,,,,
2022-08-23,164.8180694580078,,,,,
2022-08-24,165.11373901367188,,,,,
2022-08-25,167.5776824951172,,,,,
2022-08-26,161.26011657714844,,,,,
2022-08-29,159.0524139404297,,,,,
2022-08-30,156.61807250976562,,,,,
2022-08-31,154.9524688720703,,,,,
2022-09-01,155.68177795410156,,,,,
2022-09-02,153.5627899169922,,,,,
2022-09-06,152.30125427246094,,,,,
2022-09-07,153.71060180664062,,,,,
2022-09-08,152.23226928710938,,,,,
2022-09-09,155.1002655029297,,,,,
2022-09-12,161.0728759765625,,,,,
2022-09-13,151.62118530273438,,,,,
2022-09-14,153.06997680664062,,,,,
2022-09-15,150.17237854003906,,,,,
2022-09-16,148.52650451660156,,,,,
2022-09-19,152.25193786621094,,,,,
2022-09-20,154.63705444335938,,,,,
2022-09-21,151.50289916992188,,,,,
2022-09-22,150.53704833984375,,,,,
2022-09-23,148.2603759765625,,,,,
2022-09-26,148.59547424316406,,,,,
2022-09-27,149.57118225097656,,,,,
2022-09-28,147.67889404296875,,,,,
2022-09-29,140.42501831054688,,,,,
2022-09-30,136.20677185058594,,,,,
2022-10-03,140.39547729492188,,,,,
2022-10-04,143.99282836914062,,,,,
2022-10-05,144.28848266601562,,,,,
2022-10-06,143.33248901367188,,,,,
2022-10-07,138.06948852539062,,,,,
2022-10-10,138.3947296142578,,,,,
2022-10-11,136.97547912597656,,,,,
2022-10-12,136.34475708007812,,,,,
2022-10-13,140.9276885986328,,,,,
2022-10-14,136.38418579101562,,,,,
2022-10-17,140.35604858398438,,,,,
2022-10-18,141.67669677734375,,,,,
2022-10-19,141.78514099121094,,,,,
2022-10-20,141.32191467285156,,,,,
2022-10-21,145.14593505859375,,,,,
2022-10-24,147.29452514648438,,,,,
2022-10-25,150.14280700683594,,,,,
2022-10-26,147.19593811035156,,,,,
2022-10-27,142.7115478515625,,,,,
2022-10-28,153.49380493164062,,,,,
2022-10-31,151.12838745117188,,,,,
2022-11-01,148.47718811035156,,,,,
2022-11-02,142.93824768066406,,,,,
2022-11-03,136.87693786621094,,,,,
2022-11-04,136.6104278564453,,,,,
2022-11-07,137.14349365234375,,,,,
2022-11-08,137.71607971191406,,,,,
2022-11-09,133.14527893066406,,,,,
2022-11-10,144.99183654785156,,,,,
2022-11-11,147.78564453125,,,,,
2022-11-14,146.3837890625,,,,,
2022-11-15,148.12130737304688,,,,,
2022-11-16,146.8872833251953,,,,,
2022-11-17,148.79261779785156,,,,,
2022-11-18,149.35528564453125,,,,,
2022-11-21,146.1172332763672,,,,,
2022-11-22,148.25950622558594,,,,,
2022-11-23,149.13815307617188,,,,,
2022-11-25,146.21597290039062,,,,,
2022-11-28,142.37571716308594,,,,,
2022-11-29,139.36473083496094,,,,,
2022-11-30,146.1370086669922,,,,,
2022-12-01,146.4134063720703,,,,,
2022-12-02,145.91983032226562,,,,,
2022-12-05,144.7549285888672,,,,,
2022-12-06,141.0824737548828,,,,,
2022-12-07,139.13768005371094,,,,,
2022-12-08,140.82577514648438,,,,,
2022-12-09,140.34207153320312,,,,,
2022-12-12,142.6422576904297,,,,,
2022-12-13,143.6097412109375,,,,,
2022-12-14,141.37864685058594,,,,,
2022-12-15,134.75445556640625,,,,,
2022-12-16,132.78990173339844,,,,,
2022-12-19,130.67727661132812,,,,,
2022-12-20,130.60816955566406,,,,,
2022-12-21,133.71786499023438,,,,,
2022-12-22,130.5390625,,,,,
2022-12-23,130.17376708984375,,,,,
2022-12-27,128.36720275878906,,,,,
2022-12-28,124.42821502685547,,,,,
2022-12-29,127.95255279541016,,,,,
2022-12-30,128.26844787597656,,,,,
2023-01-03,123.47061157226562,,,,,
2023-01-04,124.7441177368164,,,,,
2023-01-05,123.42124938964844,,,,,
2023-01-06,127.96240997314453,,,,,
2023-01-09,128.4856414794922,,,,,
2023-01-10,129.05824279785156,,,,,
2023-01-11,131.78292846679688,,,,,
2023-01-12,131.70396423339844,,,,,
2023-01-13,133.0366973876953,,,,,
2023-01-17,134.20159912109375,,,,,
2023-01-18,133.48095703125,,,,,
2023-01-19,133.54017639160156,,,,,
2023-01-20,136.10694885253906,,,,,
2023-01-23,139.30551147460938,,,,,
2023-01-24,140.70733642578125,,,,,
2023-01-25,140.0458984375,,,,,
2023-01-26,142.1190643310547,,,,,
2023-01-27,144.0638427734375,,,,,
2023-01-30,141.17132568359375,,,,,
2023-01-31,142.44480895996094,,,,,
2023-02-01,143.57025146484375,,,,,
2023-02-02,148.89137268066406,,,,,
2023-02-03,152.52427673339844,,,,,
2023-02-06,149.78970336914062,,,,,
2023-02-07,152.67234802246094,,,,,
2023-02-08,149.97726440429688,,,,,
2023-02-09,148.940673828125,,,,,
2023-02-10,149.30653381347656,,,,,
2023-02-13,152.11447143554688,,,,,
2023-02-14,151.47183227539062,,,,,
2023-02-15,153.57778930664062,,,,,
2023-02-16,151.97604370117188,,,,,
2023-02-17,150.82911682128906,,,,,
2023-02-21,146.80503845214844,,,,,
2023-02-22,147.23020935058594,,,,,
2023-02-23,147.71466064453125,,,,,
2023-02-24,145.05502319335938,,,,,
2023-02-27,146.25137329101562,,,,,
2023-02-28,145.74710083007812,,,,,
2023-03-01,143.6708221435547,,,,,
2023-03-02,144.26406860351562,,,,,
2023-03-03,149.32627868652344,,,,,
2023-03-06,152.09471130371094,,,,,
2023-03-07,149.88987731933594,,,,,
2023-03-08,151.14553833007812,,,,,
2023-03-09,148.8912811279297,,,,,
2023-03-10,146.82481384277344,,,,,
2023-03-13,148.77259826660156,,,,,
2023-03-14,150.86871337890625,,,,,
2023-03-15,151.26417541503906,,,,,
2023-03-16,154.09190368652344,,,,,
2023-03-17,153.25149536132812,,,,,
2023-03-20,155.62442016601562,,,,,
2023-03-21,157.4832305908203,,,,,
2023-03-22,156.04959106445312,,,,,
2023-03-23,157.1371612548828,,,,,
2023-03-24,158.44227600097656,,,,,
2023-03-27,156.4945068359375,,,,,
2023-03-28,155.87158203125,,,,,
2023-03-29,158.95645141601562,,,,,
2023-03-30,160.5284881591797,,,,,
2023-03-31,163.03982543945312,,,,,
2023-04-03,164.29551696777344,,,,,
2023-04-04,163.76158142089844,,,,,
2023-04-05,161.91268920898438,,,,,
2023-04-06,162.80255126953125,,,,,
2023-04-10,160.20220947265625,,,,,
2023-04-11,158.98606872558594,,,,,
2023-04-12,158.29397583007812,,,,,
2023-04-13,163.6923828125,,,,,
2023-04-14,163.34632873535156,,,,,
2023-04-17,163.36607360839844,,,,,
2023-04-18,164.59210205078125,,,,,
2023-04-19,165.73904418945312,,,,,
2023-04-20,164.7700653076172,,,,,
2023-04-21,163.15847778320312,,,,,
2023-04-24,163.46498107910156,,,,,
2023-04-25,161.92259216308594,,,,,
2023-04-26,161.91268920898438,,,,,
2023-04-27,166.51022338867188,,,,,
2023-04-28,167.76589965820312,,,,,
2023-05-01,167.6769256591797,,,,,
2023-05-02,166.63876342773438,,,,,
2023-05-03,165.56105041503906,,,,,
2023-05-04,163.91978454589844,,,,,
2023-05-05,171.61203002929688,,,,,
2023-05-08,171.5428009033203,,,,,
2023-05-09,169.83233642578125,,,,,
2023-05-10,171.60214233398438,,,,,
2023-05-11,171.7899932861328,,,,,
2023-05-12,170.85934448242188,,,,,
2023-05-15,170.36428833007812,,,,,
2023-05-16,170.36428833007812,,,,,
2023-05-17,170.9781036376953,,,,,
2023-05-18,173.3147430419922,,,,,
2023-05-19,173.4236297607422,,,,,
2023-05-22,172.47314453125,,,,,
2023-05-23,169.85931396484375,,,,,
2023-05-24,170.13653564453125,,,,,
2023-05-25,171.27516174316406,,,,,
2023-05-26,173.6909637451172,,,,,
2023-05-30,175.5424041748047,,,,,
2023-05-31,175.49290466308594,,,,,
2023-06-01,178.30477905273438,,,,,
2023-06-02,179.15625,,,,,
2023-06-05,177.79983520507812,,,,,
2023-06-06,177.43350219726562,,,,,
2023-06-07,176.05726623535156,,,,,
2023-06-08,178.78001403808594,,,,,
2023-06-09,179.1661376953125,,,,,
2023-06-12,181.96807861328125,,,,,
2023-06-13,181.49282836914062,,,,,
2023-06-14,182.1265106201172,,,,,
2023-06-15,184.16607666015625,,,,,
2023-06-16,183.0869140625,,,,,
2023-06-20,183.17599487304688,,,,,
2023-06-21,182.13641357421875,,,,,
2023-06-22,185.14625549316406,,,,,
2023-06-23,184.82943725585938,,,,,
2023-06-26,183.4334259033203,,,,,
2023-06-27,186.19573974609375,,,,,
2023-06-28,187.3739471435547,,,,,
2023-06-29,187.71058654785156,,,,,
2023-06-30,192.0471649169922,,,,,
2023-07-03,190.55215454101562,,,,,
2023-07-05,189.43331909179688,,,,,
2023-07-06,189.90858459472656,,,,,
2023-07-07,188.78977966308594,,,,,
2023-07-10,186.7403106689453,,,,,
2023-07-11,186.21556091308594,,,,,
2023-07-12,187.88882446289062,,,,,
2023-07-13,188.6511688232422,,,,,
2023-07-14,188.7996826171875,,,,,
2023-07-17,192.06698608398438,,,,,
2023-07-18,191.80955505371094,,,,,
2023-07-19,193.1659698486328,,,,,
2023-07-20,191.21551513671875,,,,,
2023-07-21,190.03729248046875,,,,,
2023-07-24,190.8392791748047,,,,,
2023-07-25,191.70062255859375,,,,,
2023-07-26,192.57191467285156,,,,,
2023-07-27,191.30459594726562,,,,,
2023-07-28,193.8887176513672,,,,,
2023-07-31,194.50257873535156,,,,,
2023-08-01,193.67092895507812,,,,,
2023-08-02,190.6709747314453,,,,,
2023-08-03,189.2749481201172,,,,,
2023-08-04,180.18594360351562,,,,,
2023-08-07,177.0770721435547,,,,,
2023-08-08,178.0176239013672,,,,,
2023-08-09,176.42361450195312,,,,,
2023-08-10,176.20578002929688,,,,,
2023-08-11,176.26524353027344,,,,,
2023-08-14,177.92095947265625,,,,,
2023-08-15,175.92816162109375,,,,,
2023-08-16,175.0557403564453,,,,,
2023-08-17,172.50778198242188,,,,,
2023-08-18,172.9935760498047,,,,,
2023-08-21,174.33200073242188,,,,,
2023-08-22,175.71005249023438,,,,,
2023-08-23,179.56671142578125,,,,,
2023-08-24,174.86737060546875,,,,,
2023-08-25,177.07823181152344,,,,,
2023-08-28,178.6446990966797,,,,,
2023-08-29,182.5409698486328,,,,,
2023-08-30,186.0407257080078,,,,,
2023-08-31,186.25881958007812,,,,,
2023-09-01,187.8351593017578,,,,,
2023-09-05,188.0731201171875,,,,,
2023-09-06,181.3413543701172,,,,,
2023-09-07,176.03724670410156,,,,,
2023-09-08,176.6519012451172,,,,,
2023-09-11,177.8218231201172,,,,,
2023-09-12,174.78807067871094,,,,,
2023-09-13,172.71597290039062,,,,,
2023-09-14,174.2328643798828,,,,,
2023-09-15,173.50909423828125,,,,,
2023-09-18,176.4437255859375,,,,,
2023-09-19,177.5343017578125,,,,,
2023-09-20,173.98500061035156,,,,,
2023-09-21,172.4383544921875,,,,,
2023-09-22,173.29100036621094,,,,,
2023-09-25,174.5699462890625,,,,,
2023-09-26,170.48529052734375,,,,,
2023-09-27,168.9683837890625,,,,,
2023-09-28,169.2261505126953,,,,,
2023-09-29,169.74171447753906,,,,,
2023-10-02,172.2599334716797,,,,,
2023-10-03,170.92147827148438,,,,,
2023-10-04,172.17066955566406,,,,,
2023-10-05,173.40997314453125,,,,,
2023-10-06,175.9678497314453,,,,,
2023-10-09,177.45498657226562,,,,,
2023-10-10,176.86012268066406,,,,,
2023-10-11,178.2580108642578,,,,,
2023-10-12,179.1602325439453,,,,,
2023-10-13,177.31619262695312,,,,,
2023-10-16,177.18728637695312,,,,,
2023-10-17,175.63076782226562,,,,,
2023-10-18,174.33200073242188,,,,,
2023-10-19,173.95526123046875,,,,,
2023-10-20,171.39736938476562,,,,,
2023-10-23,171.51632690429688,,,,,
2023-10-24,171.9525604248047,,,,,
2023-10-25,169.6326446533203,,,,,
2023-10-26,165.458740234375,,,,,
2023-10-27,166.77735900878906,,,,,
2023-10-30,168.82957458496094,,,,,
2023-10-31,169.30548095703125,,,,,
2023-11-01,172.47802734375,,,,,
2023-11-02,176.04714965820312,,,,,
2023-11-03,175.13504028320312,,,,,
2023-11-06,177.6929168701172,,,,,
2023-11-07,180.2606964111328,,,,,
2023-11-08,181.321533203125,,,,,
2023-11-09,180.84564208984375,,,,,
2023-11-10,185.0448760986328,,,,,
2023-11-13,183.45654296875,,,,,
2023-11-14,186.07733154296875,,,,,
2023-11-15,186.64317321777344,,,,,
2023-11-16,188.3308563232422,,,,,
2023-11-17,188.31097412109375,,,,,
2023-11-20,190.05816650390625,,,,,
2023-11-21,189.2540740966797,,,,,
2023-11-22,189.919189453125,,,,,
2023-11-24,188.5889434814453,,,,,
2023-11-27,188.4102325439453,,,,,
2023-11-28,189.0157928466797,,,,,
2023-11-29,187.9932861328125,,,,,
2023-11-30,188.569091796875,,,,,
2023-12-01,189.84970092773438,,,,,
2023-12-04,188.05287170410156,,,,,
2023-12-05,192.01385498046875,,,,,
2023-12-06,190.921875,,,,,
2023-12-07,192.85769653320312,,,,,
2023-12-08,194.28720092773438,,,,,
2023-12-11,191.77557373046875,,,,,
2023-12-12,193.2945098876953,,,,,
2023-12-13,196.5208740234375,,,,,
2023-12-14,196.66976928710938,,,,,
2023-12-15,196.13369750976562,,,,,
2023-12-18,194.46591186523438,,,,,
2023-12-19,195.50828552246094,,,,,
2023-12-20,193.41360473632812,,,,,
2023-12-21,193.26467895507812,,,,,
2023-12-22,192.1925506591797,,,,,
2023-12-26,191.64657592773438,,,,,
2023-12-27,191.74581909179688,,,,,
2023-12-28,192.17269897460938,,,,,
2023-12-29,191.1303253173828,,,,,
2024-01-02,184.29042053222656,,,,,
2024-01-03,182.9105224609375,,,,,
2024-01-04,180.58755493164062,,,,,
2024-01-05,179.86282348632812,,,,,
2024-01-08,184.21099853515625,,,,,
2024-01-09,183.79405212402344,,,,,
2024-01-10,184.83641052246094,,,,,
2024-01-11,184.2407684326172,,,,,
2024-01-12,184.56837463378906,,,,,
2024-01-16,182.2950439453125,,,,,
2024-01-17,181.35194396972656,,,,,
2024-01-18,187.25868225097656,,,,,
2024-01-19,190.16737365722656,,,,,
2024-01-22,192.48043823242188,,,,,
2024-01-23,193.76104736328125,,,,,
2024-01-24,193.0860137939453,,,,,
2024-01-25,192.75840759277344,,,,,
2024-01-26,191.02113342285156,,,,,
2024-01-29,190.3361358642578,,,,,
2024-01-30,186.6729736328125,,,,,
2024-01-31,183.05943298339844,,,,,
2024-02-01,185.50157165527344,,,,,
2024-02-02,184.4989013671875,,,,,
2024-02-05,186.31558227539062,,,,,
2024-02-06,187.92381286621094,,,,,
2024-02-07,188.03302001953125,,,,,
2024-02-08,186.95095825195312,,,,,
2024-02-09,187.71630859375,,,,,
2024-02-12,186.02651977539062,,,,,
2024-02-13,183.92918395996094,,,,,
2024-02-14,183.0445098876953,,,,,
2024-02-15,182.75625610351562,,,,,
2024-02-16,181.21556091308594,,,,,
2024-02-20,180.47006225585938,,,,,
2024-02-21,181.22552490234375,,,,,
2024-02-22,183.26321411132812,,,,,
2024-02-23,181.42430114746094,,,,,
2024-02-26,180.07247924804688,,,,,
2024-02-27,181.53366088867188,,,,,
2024-02-28,180.33090209960938,,,,,
2024-02-29,179.6649169921875,,,,,
2024-03-01,178.5814971923828,,,,,
2024-03-04,174.04885864257812,,,,,
2024-03-05,169.0987548828125,,,,,
2024-03-06,168.104736328125,,,,,
2024-03-07,167.98545837402344,,,,,
2024-03-08,169.70506286621094,,,,,
2024-03-11,171.71295166015625,,,,,
2024-03-12,172.1900634765625,,,,,
2024-03-13,170.10269165039062,,,,,
2024-03-14,171.96145629882812,,,,,
2024-03-15,171.583740234375,,,,,
2024-03-18,172.67713928222656,,,,,
2024-03-19,175.02297973632812,,,,,
2024-03-20,177.59744262695312,,,,,
2024-03-21,170.34124755859375,,,,,
2024-03-22,171.24578857421875,,,,,
2024-03-25,169.82437133789062,,,,,
2024-03-26,168.6912384033203,,,,,
2024-03-27,172.2695770263672,,,,,
2024-03-28,170.45059204101562,,,,,
2024-04-01,169.00929260253906,,,,,
2024-04-02,167.826416015625,,,,,
2024-04-03,168.63156127929688,,,,,
2024-04-04,167.8065643310547,,,,,
2024-04-05,168.56198120117188,,,,,
2024-04-08,167.43878173828125,,,,,
2024-04-09,168.6514434814453,,,,,
2024-04-10,166.77279663085938,,,,,
2024-04-11,173.98919677734375,,,,,
2024-04-12,175.4901580810547,,,,,
2024-04-15,171.6533203125,,,,,
2024-04-16,168.36318969726562,,,,,
2024-04-17,166.99147033691406,,,,,
2024-04-18,166.0372314453125,,,,,
2024-04-19,164.0094757080078,,,,,
2024-04-22,164.84442138671875,,,,,
2024-04-23,165.89805603027344,,,,,
2024-04-24,168.00535583496094,,,,,
2024-04-25,168.87013244628906,,,,,
2024-04-26,168.28367614746094,,,,,
2024-04-29,172.4584503173828,,,,,
2024-04-30,169.3074951171875,,,,,
2024-05-01,168.28367614746094,,,,,
2024-05-02,171.9912567138672,,,,,
2024-05-03,182.27914428710938,,,,,
2024-05-06,180.6191864013672,,,,,
2024-05-07,181.3050079345703,,,,,
2024-05-08,181.64300537109375,,,,,
2024-05-09,183.46200561523438,,,,,
2024-05-10,182.1979217529297,,,,,
2024-05-13,185.4128875732422,,,,,
2024-05-14,186.55752563476562,,,,,
2024-05-15,188.8368682861328,,,,,
2024-05-16,188.95631408691406,,,,,
2024-05-17,188.98617553710938,,,,,
2024-05-20,190.15072631835938,,,,,
2024-05-21,191.4546356201172,,,,,
2024-05-22,190.01138305664062,,,,,
2024-05-23,186.0100860595703,,,,,
2024-05-24,189.0956573486328,,,,,
2024-05-28,189.10562133789062,,,,,
2024-05-29,189.40420532226562,,,,,
2024-05-30,190.39956665039062,,,,,
2024-05-31,191.3551025390625,,,,,
2024-06-03,193.12680053710938,,,,,
2024-06-04,193.44532775878906,,,,,
2024-06-05,194.95823669433594,,,,,
2024-06-06,193.57469177246094,,,,,
2024-06-07,195.97349548339844,,,,,
2024-06-10,192.2210235595703,,,,,
2024-06-11,206.1857147216797,,,,,
2024-06-12,212.0782012939453,,,,,
2024-06-13,213.24273681640625,,,,,
2024-06-14,211.50086975097656,,,,,
2024-06-17,215.66140747070312,,,,,
2024-06-18,213.29248046875,,,,,
2024-06-20,208.70394897460938,,,,,
2024-06-21,206.524169921875,,,,,
2024-06-24,207.17111206054688,,,,,
2024-06-25,208.0968017578125,,,,,
2024-06-26,212.25733947753906,,,,,
2024-06-27,213.1033935546875,,,,,
2024-06-28,209.6395721435547,,,,,
2024-07-01,215.7410430908203,,,,,
2024-07-02,219.24464416503906,,,,,
2024-07-03,220.51870727539062,,,,,
2024-07-05,225.28639221191406,,,,,
2024-07-08,226.759521484375,,,,,
2024-07-09,227.61550903320312,,,,,
2024-07-10,231.89549255371094,,,,,
2024-07-11,226.5106964111328,,,,,
2024-07-12,229.46685791015625,,,,,
2024-07-15,233.3088836669922,,,,,
2024-07-16,233.72694396972656,,,,,
2024-07-17,227.81459045410156,,,,,
2024-07-18,223.13645935058594,,,,,
2024-07-19,223.26583862304688,,,,,
2024-07-22,222.91749572753906,,,,,
2024-07-23,223.96258544921875,,,,,
2024-07-24,217.522705078125,,,,,
2024-07-25,216.4776153564453,,,,,
2024-07-26,216.94541931152344,,,,,
2024-07-29,217.22412109375,,,,,
2024-07-30,217.78152465820312,,,,,
2024-07-31,221.0462188720703,,,,,
2024-08-01,217.3435516357422,,,,,
2024-08-02,218.83657836914062,,,,,
2024-08-05,208.29588317871094,,,,,
2024-08-06,206.2653350830078,,,,,
2024-08-07,208.8433074951172,,,,,
2024-08-08,212.3170623779297,,,,,
2024-08-09,215.23342895507812,,,,,
2024-08-12,216.76803588867188,,,,,
2024-08-13,220.49493408203125,,,,,
2024-08-14,220.943359375,,,,,
2024-08-15,223.93284606933594,,,,,
2024-08-16,225.25819396972656,,,,,
2024-08-19,225.09873962402344,,,,,
2024-08-20,225.71656799316406,,,,,
2024-08-21,225.60696411132812,,,,,
2024-08-22,223.74351501464844,,,,,
2024-08-23,226.04542541503906,,,,,
2024-08-26,226.3842315673828,,,,,
2024-08-27,227.23126220703125,,,,,
2024-08-28,225.6966552734375,,,,,
2024-08-29,228.98507690429688,,,,,
2024-08-30,228.19784545898438,,,,,
2024-09-03,221.9896697998047,,,,,
2024-09-04,220.07640075683594,,,,,
2024-09-05,221.60104370117188,,,,,
2024-09-06,220.0465087890625,,,,,
2024-09-09,220.13619995117188,,,,,
2024-09-10,219.3389892578125,,,,,
2024-09-11,221.88006591796875,,,,,
2024-09-12,221.9896697998047,,,,,
2024-09-13,221.7206268310547,,,,,
2024-09-16,215.56228637695312,,,,,
2024-09-17,216.03060913085938,,,,,
2024-09-18,219.91697692871094,,,,,
2024-09-19,228.0683135986328,,,,,
2024-09-20,227.40065002441406,,,,,
2024-09-23,225.67672729492188,,,,,
2024-09-24,226.57354736328125,,,,,
2024-09-25,225.57705688476562,,,,,
2024-09-26,226.72303771972656,,,,,
2024-09-27,226.99208068847656,,,,,
2024-09-30,232.18385314941406,,,,,
2024-10-01,225.41763305664062,,,,,
2024-10-02,225.98562622070312,,,,,
2024-10-03,224.8795166015625,,,,,
2024-10-04,226.00555419921875,,,,,
2024-10-07,220.91346740722656,,,,,
2024-10-08,224.97918701171875,,,,,
2024-10-09,228.73594665527344,,,,,
2024-10-10,228.23770141601562,,,,,
2024-10-11,226.75294494628906,,,,,
2024-10-14,230.48980712890625,,,,,
2024-10-15,233.03086853027344,,,,,
2024-10-16,230.96810913085938,,,,,
2024-10-17,231.33682250976562,,,,,
2024-10-18,234.1768341064453,,,,,
2024-10-21,235.65164184570312,,,,,
2024-10-22,235.03382873535156,,,,,
2024-10-23,229.95169067382812,,,,,
2024-10-24,229.76235961914062,,,,,
2024-10-25,230.59942626953125,,,,,
2024-10-28,232.5824432373047,,,,,
2024-10-29,232.85150146484375,,,,,
2024-10-30,229.29400634765625,,,,,
2024-10-31,225.11868286132812,,,,,
2024-11-01,222.12918090820312,,,,,
2024-11-04,221.23233032226562,,,,,
2024-11-05,222.66729736328125,,,,,
2024-11-06,221.93984985351562,,,,,
2024-11-07,226.6831817626953,,,,,
2024-11-08,226.41383361816406,,,,,
2024-11-11,223.69039916992188,,,,,
2024-11-12,223.69039916992188,,,,,
2024-11-13,224.5782470703125,,,,,
2024-11-14,227.67079162597656,,,,,
2024-11-15,224.4585418701172,,,,,
2024-11-18,227.4712677001953,,,,,
2024-11-19,227.73065185546875,,,,,
2024-11-20,228.44891357421875,,,,,
2024-11-21,227.97007751464844,,,,,
2024-11-22,229.3168182373047,,,,,
2024-11-25,232.30960083007812,,,,,
2024-11-26,234.49432373046875,,,,,
2024-11-27,234.36463928222656,,,,,
2024-11-29,236.7588653564453,,,,,
2024-12-02,239.013427734375,,,,,
2024-12-03,242.06607055664062,,,,,
2024-12-04,242.42520141601562,,,,,
2024-12-05,242.4551239013672,,,,,
2024-12-06,242.25559997558594,,,,,
2024-12-09,246.1562042236328,,,,,
2024-12-10,247.1737518310547,,,,,
2024-12-11,245.89683532714844,,,,,
2024-12-12,247.36329650878906,,,,,
2024-12-13,247.5328826904297,,,,,
2024-12-16,250.43588256835938,,,,,
2024-12-17,252.8699951171875,,,,,
2024-12-18,247.4530792236328,,,,,
2024-12-19,249.1888885498047,,,,,
2024-12-20,253.87759399414062,,,,,
2024-12-23,254.6557159423828,,,,,
2024-12-24,257.57867431640625,,,,,
2024-12-26,258.39666748046875,,,,,
2024-12-27,254.9749298095703,,,,,
2024-12-30,251.59307861328125,,,,,
2024-12-31,249.81736755371094,,,,,
2025-01-02,243.26319885253906,,,,,
2025-01-03,242.7743682861328,,,,,
2025-01-06,244.41041564941406,,,,,
2025-01-07,241.62713623046875,,,,,
2025-01-08,242.11595153808594,,,,,
2025-01-10,236.28004455566406,,,,,
2025-01-13,233.83592224121094,,,,,
2025-01-14,232.71861267089844,,,,,
2025-01-15,237.2975616455078,,,,,
2025-01-16,227.710693359375,,,,,
2025-01-17,229.4265594482422,,,,,
2025-01-21,222.10421752929688,,,,,
2025-01-22,223.29136657714844,,,,,
2025-01-23,223.1217803955078,,,,,
2025-01-24,222.24388122558594,,,,,
2025-01-27,229.30685424804688,,,,,
2025-01-28,237.68663024902344,,,,,
2025-01-29,238.7839813232422,,,,,
2025-01-30,237.0182342529297,,,,,
2025-01-31,235.4320831298828,,,,,
2025-02-03,227.46128845214844,,,,,
2025-02-04,232.23977661132812,,,,,
2025-02-05,231.91058349609375,,,,,
2025-02-06,232.6587677001953,,,,,
2025-02-07,227.08221435546875,,,,,
2025-02-10,227.3518524169922,,,,,
2025-02-11,232.3153533935547,,,,,
2025-02-12,236.55978393554688,,,,,
2025-02-13,241.21368408203125,,,,,
2025-02-14,244.2796630859375,,,,,
2025-02-18,244.14984130859375,,,,,
2025-02-19,244.54930114746094,,,,,
2025-02-20,245.508056640625,,,,,
2025-02-21,245.22842407226562,,,,,
2025-02-24,246.77639770507812,,,,,
2025-02-25,246.71646118164062,,,,,
2025-02-26,240.0452117919922,,,,,
2025-02-27,236.98922729492188,,,,,
2025-02-28,241.5232696533203,,,,,
2025-03-03,237.71826171875,,,,,
2025-03-04,235.6210174560547,,,,,
2025-03-05,235.4312744140625,,,,,
2025-03-06,235.0218048095703,,,,,
2025-03-07,238.7569122314453,,,,,
2025-03-10,227.1820831298828,,,,,
2025-03-11,220.55078125,,,,,
2025-03-12,216.69583129882812,,,,,
2025-03-13,209.4053955078125,,,,,
2025-03-14,213.21041870117188,,,,,
2025-03-17,213.71974182128906,,,,,
2025-03-18,212.4114532470703,,,,,
2025-03-19,214.95811462402344,,,,,
2025-03-20,213.81961059570312,,,,,
2025-03-21,217.98414611816406,,,,,
2025-03-24,220.44091796875,,,,,
2025-03-25,223.45697021484375,,,,,
2025-03-26,221.2398681640625,,,,,
2025-03-27,223.5568389892578,,,,,
2025-03-28,217.6146240234375,,,,,
2025-03-31,221.83909606933594,,,,,
2025-04-01,222.897705078125,,,,,
2025-04-02,223.59678649902344,,,,,
2025-04-03,202.9239044189453,,,,,
2025-04-04,188.13330078125,,,,,
2025-04-07,181.2223663330078,,,,,
2025-04-08,172.19419860839844,,,,,
2025-04-09,198.58958435058594,,,,,
2025-04-10,190.17062377929688,,,,,
2025-04-11,197.89048767089844,,,,,
2025-04-14,202.25477600097656,,,,,
2025-04-15,201.87527465820312,,,,,
2025-04-16,194.0155792236328,,,,,
2025-04-17,196.72203063964844,,,,,
2025-04-21,192.9070281982422,,,,,
2025-04-22,199.47842407226562,,,,,
2025-04-23,204.33206176757812,,,,,
2025-04-24,208.09710693359375,,,,,
2025-04-25,209.00592041015625,,,,,
2025-04-28,209.8647918701172,,,,,
2025-04-29,210.9333953857422,,,,,
2025-04-30,212.22171020507812,,,,,
2025-05-01,213.04063415527344,,,,,
2025-05-02,205.08106994628906,,,,,
2025-05-05,198.62953186035156,,,,,
2025-05-06,198.25001525878906,,,,,
2025-05-07,195.99298095703125,,,,,
2025-05-08,197.2313690185547,,,,,
2025-05-09,198.27000427246094,,,,,
2025-05-12,210.7899932861328,,,,,
2025-05-13,212.92999267578125,,,,,
2025-05-14,212.3300018310547,,,,,
2025-05-15,211.4499969482422,,,,,
2025-05-16,211.25999450683594,,,,,
2025-05-19,208.77999877929688,,,,,
2025-05-20,206.86000061035156,,,,,
2025-05-21,202.08999633789062,,,,,
2025-05-22,201.36000061035156,,,,,
2025-05-23,195.27000427246094,,,,,
2025-05-27,200.2100067138672,,,,,
2025-05-28,200.4199981689453,,,,,
2025-05-29,199.9499969482422,,,,,
2025-05-30,200.85000610351562,,,,,
2025-06-02,201.6999969482422,,,,,
2025-06-03,203.27000427246094,,,,,
2025-06-04,202.82000732421875,2025-06-03 18:05:15,Tim Sweeney didnt expect a five-year Fortnite ban,Fortnite was missing from the iOS App Store for nearly five years before returning to the US last month. Apple kicked the game off in 2020 after Epic snuck in an in-app payment mechanism that violated App Store rules at the time. Epic CEO Tim Sweeney knew tha,LABEL_0,0.5199315547943115
2025-06-05,200.6300048828125,2025-06-04 21:53:46,Apple ordered to keep web links in the App Store,"Apple will have to continue allowing web links and external payment options in the App Store after its request to halt a judges order was rejected today by a higher court. In April, a federal judge demanded that Apple begin allowing web links, cease restrict",LABEL_1,0.5961408019065857
2025-06-06,203.9199981689453,2025-06-05 16:15:47,Apple Watch Gets Snapchat App,"Snap today announced the launch of a Snapchat app that's designed for the Apple Watch. Snapchat users can now view and respond to conversations right from their wrists.





The Snapchat app supports replies with the built-in Apple Watch keyboard, Scribble, a",LABEL_2,0.5026874542236328
2025-06-09,201.4499969482422,2025-06-08 14:28:17,"Forget The Apple Watch at Full Price, Our Favorite Galaxy Watch Ultra Is Now 40% Off on Amazon",This is the all-time low price for the best sports smartwatch on Android.,LABEL_2,0.943844735622406
2025-06-10,202.6699981689453,2025-06-09 22:14:18,Apples big updates for Intel-based Macs will end with Tahoe,"Macs equipped with an Intel chip will no longer receive major software updates after the release of macOS Tahoe this fall. During the WWDC Platforms State of the Union keynote, Matthew Firlik, Apples senior director of developer relations, announced that mac",LABEL_2,0.8120267987251282
2025-06-11,198.77999877929688,2025-06-10 23:47:26,Craig Federighi confirms Apples first attempt at an AI Siri wasnt good enough,"In March, Apple delayed its upgraded Siri, saying that its going to take us longer than we thought to deliver the promised features. At WWDC this week, Apples SVP of software Craig Federighi and SVP of worldwide marketing Greg Joswiak shared more details ",LABEL_0,0.7043703198432922
2025-06-12,199.1999969482422,2025-06-11 21:34:22,Apple Home is expanding its energy management features,"Apples smart home didnt get a single nod during the WWDC keynote, but it turns out there are some interesting developments coming to the Home app around energy management. In a video posted to the Apple developer site this week, the company outlined its ne",LABEL_2,0.8356183767318726
2025-06-13,196.4499969482422,2025-06-12 23:43:02,"The Steve Jobs Archive shares stories, videos, and notes of his famous commencement speech","Thursday marks the 20th anniversary of Steve Jobs famous Stanford commencement speech, and the Steve Jobs Archive has marked the occasion by uploading an HD version of the speech, publishing notes Jobs emailed to himself, and sharing details about the leadup",LABEL_1,0.5060263872146606
2025-06-16,198.4199981689453,2025-06-13 14:30:35,Zombie AI Siri May Shuffle Onto iPhones Two Years After It Was First Announced,"At that point, will we even care anymore about AI Siri?",LABEL_1,0.8371476531028748
2025-06-17,195.63999938964844,2025-06-16 23:17:12,Hinge is planning its own mobile payment system to avoid App Store fees,"As part of his appearance on the Decoder podcast, Hinge co-founder and CEO Justin McLeod says that the company would like to introduce an alternative payment service by the end of this year. With a Hinge-run alternative payment service, Apple wont be able to",LABEL_1,0.7641383409500122
2025-06-18,196.5800018310547,2025-06-17 19:46:44,Discounted Apple Watch Series 10 Now Available From Apple's U.S. Refurbished Store,"Apple today stocked its U.S. refurbished store with Apple Watch Series 10 models, offering the latest Apple Watch devices at a discount for the first time since their launch last September.





The refurbished Apple Watch Series 10 models are discounted by a",LABEL_2,0.9030745625495912
2025-06-20,201.0,2025-06-19 13:10:17,"Apples 2025 MacBook Air With M4 Chip Hits All-Time Low, Limited Units Available for Early Prime Day",Get creative on the go with a lovely 15% discount on one of the best laptops around.,LABEL_2,0.640302300453186
2025-06-23,201.5,2025-06-22 21:44:27,"OpenAI and Jony Ives io brand has vanished, but their AI hardware deal remains","OpenAI has scrubbed mentions of io, the hardware startup co-founded by famous Apple designer Jony Ive, from its website and social media channels. The sudden change closely follows their recent announcement of OpenAIs nearly $6.5 billion acquisition and plan",LABEL_1,0.7339136600494385
2025-06-24,200.3000030517578,2025-06-23 17:04:52,Nomads minimalist MagSafe wallet has a tracking card built in,"Nomad already sells a line of leather wallets that can be bundled with the companys Apple-compatible Tracking Card, allowing them to be located if misplaced. The companys new Leather Mag Wallet is its first to instead feature the trackers electronics built",LABEL_1,0.6424057483673096
2025-06-25,201.55999755859375,2025-06-24 19:15:41,Apple Wallet notifications for an F1 movie promotion ticked off iPhone owners,"Apple poured some good money into making F1  a Formula 1 racing movie starring Brad Pitt  and it wants its customers to know that. To that end, many people, including some Verge staffers, noticed an unusual Apple Wallet notification this morning thats both",LABEL_1,0.6192591190338135
2025-06-26,201.0,2025-06-25 21:08:40,Chase Sapphire Reserve Card Offering New Apple Perk With $250 Value,"Chase this week announced a series of new perks for its premium Sapphire Reserve credit card, and one of them is for a pair of Apple services.





Specifically, the credit card now offers complimentary annual subscriptions to Apple TV+ and Apple Music, a val",LABEL_1,0.8807628154754639
2025-06-27,201.0800018310547,2025-06-26 21:10:01,Apple 13.3-Inch MacBook Air Is Going for Peanuts Thanks to 79% Off on a Grade-A Refurbished Deal,Enjoy all of the power of the Apple MacBook Air at a fraction of the price.,LABEL_2,0.8336727023124695
2025-06-30,205.1699981689453,2025-06-28 14:08:18,Amazon Takes Up to $100 Off Huge Collection of Apple Watch SE/Series 10 Models,"Amazon today is offering numerous discounts on Apple Watch Series 10 and Apple Watch SE, including both GPS and cellular models. These deals are being matched at Best Buy in most cases, and if you're looking for bands to go with a new Apple Watch be sure to c",LABEL_2,0.8985495567321777
2025-07-01,207.82000732421875,2025-06-30 19:44:00,DOJ's iPhone Monopoly Case Against Apple Moves Forward,"Apple failed in its attempt to get the antitrust lawsuit that the U.S. Department of Justice filed against it dismissed, reports Reuters. U.S. District Judge Julien Neals, who is overseeing the case, today denied Apple's motion for dismissal.





Apple asked",LABEL_1,0.8228945732116699
2025-07-02,212.44000244140625,2025-07-01 19:45:02,Foundation Season 3 Digs Into What Its Like for a Robot to Have an Existential Crisis,Laura Birn reflects on Demerzal's new dilemma ahead of the show's return to Apple TV+.,LABEL_1,0.7210220098495483
2025-07-03,213.5500030517578,2025-07-02 18:13:43,A Foldable iPhone Needs to Be At Least This Thin or Its DOA,"Apple's folding iPhone isn't even real yet, but it already has a very thin bar to meet.",LABEL_1,0.7285531759262085
