Date,Close,publishedAt,title,link,sentiment_label,sentiment_score
2015-01-01,435.5518493652344,,,,,
2015-01-02,441.6136169433594,,,,,
2015-01-05,437.8850402832031,,,,,
2015-01-06,431.0684814453125,,,,,
2015-01-07,432.3265686035156,,,,,
2015-01-08,441.40777587890625,,,,,
2015-01-09,446.3486328125,,,,,
2015-01-12,442.4141845703125,,,,,
2015-01-13,440.7215270996094,,,,,
2015-01-14,440.97314453125,,,,,
2015-01-15,454.354736328125,,,,,
2015-01-16,458.1061096191406,,,,,
2015-01-19,459.57000732421875,,,,,
2015-01-20,467.0728759765625,,,,,
2015-01-21,466.6153869628906,,,,,
2015-01-22,467.2100830078125,,,,,
2015-01-23,477.0689697265625,,,,,
2015-01-27,491.3655090332031,,,,,
2015-01-28,484.18292236328125,,,,,
2015-01-29,500.949951171875,,,,,
2015-01-30,492.8751220703125,,,,,
2015-02-02,494.81951904296875,,,,,
2015-02-03,486.8135070800781,,,,,
2015-02-04,488.4603576660156,,,,,
2015-02-05,492.4862365722656,,,,,
2015-02-06,481.964111328125,,,,,
2015-02-09,475.8337097167969,,,,,
2015-02-10,482.3986511230469,,,,,
2015-02-11,484.205810546875,,,,,
2015-02-12,492.2575988769531,,,,,
2015-02-13,487.59130859375,,,,,
2015-02-16,488.3917541503906,,,,,
2015-02-18,491.7086181640625,,,,,
2015-02-19,493.99609375,,,,,
2015-02-20,490.9079895019531,,,,,
2015-02-23,488.3689880371094,,,,,
2015-02-24,488.43756103515625,,,,,
2015-02-25,481.4837646484375,,,,,
2015-02-26,474.94171142578125,,,,,
2015-02-27,482.19281005859375,,,,,
2015-03-02,495.25408935546875,,,,,
2015-03-03,495.62017822265625,,,,,
2015-03-04,487.3624572753906,,,,,
2015-03-05,496.42071533203125,,,,,
2015-03-09,484.48028564453125,,,,,
2015-03-10,481.52947998046875,,,,,
2015-03-11,483.31365966796875,,,,,
2015-03-12,482.46728515625,,,,,
2015-03-13,477.0003967285156,,,,,
2015-03-16,481.0719909667969,,,,,
2015-03-17,484.0456848144531,,,,,
2015-03-18,486.5617980957031,,,,,
2015-03-19,481.3692626953125,,,,,
2015-03-20,483.0620422363281,,,,,
2015-03-23,479.3335876464844,,,,,
2015-03-24,474.8501892089844,,,,,
2015-03-25,473.157470703125,,,,,
2015-03-26,460.6679992675781,,,,,
2015-03-27,464.190673828125,,,,,
2015-03-30,474.3697204589844,,,,,
2015-03-31,467.8734436035156,,,,,
2015-04-01,472.70001220703125,,,,,
2015-04-06,472.1051940917969,,,,,
2015-04-07,472.4711608886719,,,,,
2015-04-08,473.7521667480469,,,,,
2015-04-09,483.153564453125,,,,,
2015-04-10,477.0003967285156,,,,,
2015-04-13,475.2390441894531,,,,,
2015-04-15,471.9679870605469,,,,,
2015-04-16,471.0530090332031,,,,,
2015-04-17,465.837646484375,,,,,
2015-04-20,459.8216247558594,,,,,
2015-04-21,458.86090087890625,,,,,
2015-04-22,463.4815673828125,,,,,
2015-04-23,463.6645202636719,,,,,
2015-04-24,460.4392395019531,,,,,
2015-04-27,459.98175048828125,,,,,
2015-04-28,459.57000732421875,,,,,
2015-04-29,454.354736328125,,,,,
2015-04-30,452.3646545410156,,,,,
2015-05-04,457.923095703125,,,,,
2015-05-05,451.8385009765625,,,,,
2015-05-06,444.03826904296875,,,,,
2015-05-07,435.2087097167969,,,,,
2015-05-08,449.25360107421875,,,,,
2015-05-11,453.0508117675781,,,,,
2015-05-12,444.6558837890625,,,,,
2015-05-13,453.0279846191406,,,,,
2015-05-14,453.3939514160156,,,,,
2015-05-15,452.9593505859375,,,,,
2015-05-18,461.99468994140625,,,,,
2015-05-19,460.9424743652344,,,,,
2015-05-20,468.4911193847656,,,,,
2015-05-21,468.7884521484375,,,,,
2015-05-22,468.60546875,,,,,
2015-05-25,468.2622985839844,,,,,
2015-05-26,470.0236511230469,,,,,
2015-05-27,474.94171142578125,,,,,
2015-05-28,470.9386291503906,,,,,
2015-05-29,480.61444091796875,,,,,
2015-06-01,474.0495300292969,,,,,
2015-06-02,461.51434326171875,,,,,
2015-06-03,460.02752685546875,,,,,
2015-06-04,464.3279724121094,,,,,
2015-06-05,462.86395263671875,,,,,
2015-06-08,459.0668029785156,,,,,
2015-06-09,458.33477783203125,,,,,
2015-06-10,464.6252746582031,,,,,
2015-06-11,457.5799255371094,,,,,
2015-06-12,461.6744689941406,,,,,
2015-06-15,459.8674011230469,,,,,
2015-06-16,461.3313903808594,,,,,
2015-06-17,459.6387023925781,,,,,
2015-06-18,466.4552307128906,,,,,
2015-06-19,471.44183349609375,,,,,
2015-06-22,479.05902099609375,,,,,
2015-06-23,481.3236083984375,,,,,
2015-06-24,478.4414367675781,,,,,
2015-06-25,487.2251892089844,,,,,
2015-06-26,486.2415771484375,,,,,
2015-06-29,483.4051818847656,,,,,
2015-06-30,488.2088623046875,,,,,
2015-07-01,490.5877380371094,,,,,
2015-07-02,487.7530212402344,,,,,
2015-07-03,495.1509094238281,,,,,
2015-07-06,499.41448974609375,,,,,
2015-07-07,500.95855712890625,,,,,
2015-07-08,492.6619567871094,,,,,
2015-07-09,495.05877685546875,,,,,
2015-07-10,502.7562561035156,,,,,
2015-07-13,505.2452392578125,,,,,
2015-07-14,503.2632141113281,,,,,
2015-07-15,505.498779296875,,,,,
2015-07-16,513.79541015625,,,,,
2015-07-17,511.8825378417969,,,,,
2015-07-20,514.0490112304688,,,,,
2015-07-21,506.1210632324219,,,,,
2015-07-22,513.6571655273438,,,,,
2015-07-23,510.6611633300781,,,,,
2015-07-24,510.6380615234375,,,,,
2015-07-27,505.10699462890625,,,,,
2015-07-28,510.9376220703125,,,,,
2015-07-29,510.8685607910156,,,,,
2015-07-30,511.8825378417969,,,,,
2015-07-31,512.3895263671875,,,,,
2015-08-03,504.89959716796875,,,,,
2015-08-04,500.774169921875,,,,,
2015-08-05,503.424560546875,,,,,
2015-08-06,505.15301513671875,,,,,
2015-08-07,503.63201904296875,,,,,
2015-08-10,504.5538330078125,,,,,
2015-08-11,504.5768737792969,,,,,
2015-08-12,493.3992919921875,,,,,
2015-08-13,496.6719970703125,,,,,
2015-08-14,507.8494567871094,,,,,
2015-08-17,503.1018981933594,,,,,
2015-08-18,500.72802734375,,,,,
2015-08-19,498.6540222167969,,,,,
2015-08-20,495.3583068847656,,,,,
2015-08-21,489.1819152832031,,,,,
2015-08-24,469.70770263671875,,,,,
2015-08-25,469.43115234375,,,,,
2015-08-26,467.1495666503906,,,,,
2015-08-27,471.1135559082031,,,,,
2015-08-28,473.8099670410156,,,,,
2015-08-31,473.57952880859375,,,,,
2015-09-01,460.97320556640625,,,,,
2015-09-02,458.69158935546875,,,,,
2015-09-03,465.6746826171875,,,,,
2015-09-04,459.1064147949219,,,,,
2015-09-07,453.7596435546875,,,,,
2015-09-08,462.79388427734375,,,,,
2015-09-09,468.4401550292969,,,,,
2015-09-10,465.9972839355469,,,,,
2015-09-11,465.766845703125,,,,,
2015-09-14,470.00738525390625,,,,,
2015-09-15,466.9883117675781,,,,,
2015-09-16,471.689697265625,,,,,
2015-09-18,483.85821533203125,,,,,
2015-09-21,485.33319091796875,,,,,
2015-09-22,475.0544738769531,,,,,
2015-09-23,483.6047058105469,,,,,
2015-09-24,484.61871337890625,,,,,
2015-09-28,482.314208984375,,,,,
2015-09-29,490.7951965332031,,,,,
2015-09-30,492.6389465332031,,,,,
2015-10-01,492.1087951660156,,,,,
2015-10-05,506.2592468261719,,,,,
2015-10-06,500.5437316894531,,,,,
2015-10-07,501.37347412109375,,,,,
2015-10-08,499.23004150390625,,,,,
2015-10-09,500.6359558105469,,,,,
2015-10-12,498.0548095703125,,,,,
2015-10-13,496.118896484375,,,,,
2015-10-14,499.9906921386719,,,,,
2015-10-15,499.714111328125,,,,,
2015-10-16,507.04290771484375,,,,,
2015-10-19,506.0057373046875,,,,,
2015-10-20,504.6690673828125,,,,,
2015-10-21,504.7152404785156,,,,,
2015-10-23,510.9376220703125,,,,,
2015-10-26,507.7111511230469,,,,,
2015-10-27,512.0439453125,,,,,
2015-10-28,512.3204956054688,,,,,
2015-10-29,508.65606689453125,,,,,
2015-10-30,506.83544921875,,,,,
2015-11-02,499.23004150390625,,,,,
2015-11-03,500.059814453125,,,,,
2015-11-04,498.5848388671875,,,,,
2015-11-05,497.7320861816406,,,,,
2015-11-06,498.2160949707031,,,,,
2015-11-09,490.7951965332031,,,,,
2015-11-10,486.0936584472656,,,,,
2015-11-13,484.9183654785156,,,,,
2015-11-16,489.02056884765625,,,,,
2015-11-17,488.9515075683594,,,,,
2015-11-18,483.3281555175781,,,,,
2015-11-19,492.6849060058594,,,,,
2015-11-20,493.5838317871094,,,,,
2015-11-23,491.3713073730469,,,,,
2015-11-24,490.58770751953125,,,,,
2015-11-26,490.40338134765625,,,,,
2015-11-27,497.5245666503906,,,,,
2015-11-30,496.76416015625,,,,,
2015-12-01,499.1841125488281,,,,,
2015-12-02,496.7873229980469,,,,,
2015-12-03,496.3032531738281,,,,,
2015-12-04,488.07574462890625,,,,,
2015-12-07,489.4814758300781,,,,,
2015-12-08,483.6277160644531,,,,,
2015-12-09,482.79803466796875,,,,,
2015-12-10,488.8592529296875,,,,,
2015-12-11,482.2909851074219,,,,,
2015-12-14,486.3011474609375,,,,,
2015-12-15,488.3292236328125,,,,,
2015-12-16,491.9475402832031,,,,,
2015-12-17,497.9164123535156,,,,,
2015-12-18,494.5747375488281,,,,,
2015-12-21,495.6810302734375,,,,,
2015-12-22,491.5556335449219,,,,,
2015-12-23,495.0818176269531,,,,,
2015-12-24,495.03564453125,,,,,
2015-12-28,496.5337219238281,,,,,
2015-12-29,496.8563232421875,,,,,
2015-12-30,495.1739807128906,,,,,
2015-12-31,498.7923278808594,,,,,
2016-01-01,501.8344421386719,,,,,
2016-01-04,493.4225158691406,,,,,
2016-01-05,489.68896484375,,,,,
2016-01-06,491.855224609375,,,,,
2016-01-07,486.8311767578125,,,,,
2016-01-08,489.66595458984375,,,,,
2016-01-11,487.9373474121094,,,,,
2016-01-12,482.5675964355469,,,,,
2016-01-13,488.6517639160156,,,,,
2016-01-14,483.85821533203125,,,,,
2016-01-15,480.3551940917969,,,,,
2016-01-18,472.842041015625,,,,,
2016-01-19,477.4283142089844,,,,,
2016-01-20,469.3620300292969,,,,,
2016-01-21,471.5284423828125,,,,,
2016-01-22,474.8931579589844,,,,,
2016-01-25,479.89422607421875,,,,,
2016-01-27,477.359130859375,,,,,
2016-01-28,475.5384521484375,,,,,
2016-01-29,483.9042663574219,,,,,
2016-02-01,488.467529296875,,,,,
2016-02-02,485.7249755859375,,,,,
2016-02-03,481.13873291015625,,,,,
2016-02-04,483.6047058105469,,,,,
2016-02-05,486.39324951171875,,,,,
2016-02-08,477.45135498046875,,,,,
2016-02-09,472.9342346191406,,,,,
2016-02-10,466.8960876464844,,,,,
2016-02-11,449.5422058105469,,,,,
2016-02-12,447.7445983886719,,,,,
2016-02-15,448.75860595703125,,,,,
2016-02-16,448.689453125,,,,,
2016-02-17,449.3578186035156,,,,,
2016-02-18,456.0643310546875,,,,,
2016-02-19,455.9951477050781,,,,,
2016-02-22,455.74163818359375,,,,,
2016-02-23,447.1223449707031,,,,,
2016-02-24,437.6963195800781,,,,,
2016-02-25,434.4929504394531,,,,,
2016-02-26,442.950927734375,,,,,
2016-02-29,447.9519958496094,,,,,
2016-03-01,453.6214294433594,,,,,
2016-03-02,464.2457580566406,,,,,
2016-03-03,468.23272705078125,,,,,
2016-03-04,470.3991394042969,,,,,
2016-03-08,467.44915771484375,,,,,
2016-03-09,472.3581237792969,,,,,
2016-03-10,470.7217712402344,,,,,
2016-03-11,474.15570068359375,,,,,
2016-03-14,473.6256408691406,,,,,
2016-03-15,473.23382568359375,,,,,
2016-03-16,474.9622802734375,,,,,
2016-03-17,469.4081115722656,,,,,
2016-03-18,474.0174255371094,,,,,
2016-03-21,481.94537353515625,,,,,
2016-03-22,485.7480163574219,,,,,
2016-03-23,483.6737976074219,,,,,
2016-03-28,482.8211669921875,,,,,
2016-03-29,485.7249755859375,,,,,
2016-03-30,490.86431884765625,,,,,
2016-03-31,493.72210693359375,,,,,
2016-04-01,490.63385009765625,,,,,
2016-04-04,492.754150390625,,,,,
2016-04-05,487.4073791503906,,,,,
2016-04-06,489.2740173339844,,,,,
2016-04-07,486.50860595703125,,,,,
2016-04-08,488.2831115722656,,,,,
2016-04-11,493.62982177734375,,,,,
2016-04-12,489.9654541015625,,,,,
2016-04-13,498.6078796386719,,,,,
2016-04-18,501.3963928222656,,,,,
2016-04-20,506.02880859375,,,,,
2016-04-21,502.94049072265625,,,,,
2016-04-22,503.4016418457031,,,,,
2016-04-25,503.9085388183594,,,,,
2016-04-26,513.403564453125,,,,,
2016-04-27,518.1741943359375,,,,,
2016-04-28,513.4497680664062,,,,,
2016-04-29,521.9306640625,,,,,
2016-05-02,515.1552734375,,,,,
2016-05-03,515.3165283203125,,,,,
2016-05-04,519.6261596679688,,,,,
2016-05-05,521.9078369140625,,,,,
2016-05-06,516.0770263671875,,,,,
2016-05-09,526.102294921875,,,,,
2016-05-10,527.7153930664062,,,,,
2016-05-11,524.90380859375,,,,,
2016-05-12,529.6512451171875,,,,,
2016-05-13,525.8717651367188,,,,,
2016-05-16,535.9660034179688,,,,,
2016-05-17,531.6563110351562,,,,,
2016-05-18,525.7564697265625,,,,,
2016-05-19,525.1342163085938,,,,,
2016-05-20,525.8717651367188,,,,,
2016-05-23,523.9588012695312,,,,,
2016-05-24,525.433837890625,,,,,
2016-05-25,540.8056640625,,,,,
2016-05-26,545.3919677734375,,,,,
2016-05-27,547.0283203125,,,,,
2016-05-30,543.7786865234375,,,,,
2016-05-31,544.769775390625,,,,,
2016-06-01,541.6585083007812,,,,,
2016-06-02,541.5662231445312,,,,,
2016-06-03,540.09130859375,,,,,
2016-06-06,539.791748046875,,,,,
2016-06-07,540.9901123046875,,,,,
2016-06-08,535.8738403320312,,,,,
2016-06-09,534.3988037109375,,,,,
2016-06-10,535.2976684570312,,,,,
2016-06-13,531.4028930664062,,,,,
2016-06-14,530.9188232421875,,,,,
2016-06-15,539.0772094726562,,,,,
2016-06-16,535.6663818359375,,,,,
2016-06-17,539.28466796875,,,,,
2016-06-20,540.2296752929688,,,,,
2016-06-21,537.7405395507812,,,,,
2016-06-22,539.9761352539062,,,,,
2016-06-23,548.5492553710938,,,,,
2016-06-24,535.5510864257812,,,,,
2016-06-27,534.6522827148438,,,,,
2016-06-28,537.8787841796875,,,,,
2016-06-29,542.9209594726562,,,,,
2016-06-30,546.708251953125,,,,,
2016-07-01,545.8021240234375,,,,,
2016-07-04,545.0121459960938,,,,,
2016-07-05,541.666259765625,,,,,
2016-07-07,550.9837646484375,,,,,
2016-07-08,545.9647827148438,,,,,
2016-07-11,557.5360717773438,,,,,
2016-07-12,558.6514282226562,,,,,
2016-07-13,556.6067504882812,,,,,
2016-07-14,557.8148803710938,,,,,
2016-07-15,568.6658325195312,,,,,
2016-07-18,570.4086303710938,,,,,
2016-07-19,566.1796875,,,,,
2016-07-20,572.615966796875,,,,,
2016-07-21,570.94287109375,,,,,
2016-07-22,571.96533203125,,,,,
2016-07-25,579.4703979492188,,,,,
2016-07-26,575.6830444335938,,,,,
2016-07-27,574.8233642578125,,,,,
2016-07-28,580.16748046875,,,,,
2016-07-29,579.121826171875,,,,,
2016-08-01,577.3095703125,,,,,
2016-08-02,577.7742919921875,,,,,
2016-08-03,576.4497680664062,,,,,
2016-08-04,576.7054443359375,,,,,
2016-08-05,580.5392456054688,,,,,
2016-08-08,580.701904296875,,,,,
2016-08-09,579.5865478515625,,,,,
2016-08-10,570.1529541015625,,,,,
2016-08-11,570.7803344726562,,,,,
2016-08-12,570.9894409179688,,,,,
2016-08-16,570.3388671875,,,,,
2016-08-17,573.8706665039062,,,,,
2016-08-18,582.0496215820312,,,,,
2016-08-19,579.5401611328125,,,,,
2016-08-22,581.0272827148438,,,,,
2016-08-23,581.5614624023438,,,,,
2016-08-24,586.3713989257812,,,,,
2016-08-25,584.861083984375,,,,,
2016-08-26,584.187255859375,,,,,
2016-08-29,575.3577880859375,,,,,
2016-08-30,589.5547485351562,,,,,
2016-08-31,600.0338134765625,,,,,
2016-09-01,596.5484619140625,,,,,
2016-09-02,597.1990966796875,,,,,
2016-09-06,604.3092041015625,,,,,
2016-09-07,597.9658813476562,,,,,
2016-09-08,599.1973876953125,,,,,
2016-09-09,599.662109375,,,,,
2016-09-12,594.7825927734375,,,,,
2016-09-14,589.9263916015625,,,,,
2016-09-15,594.6432495117188,,,,,
2016-09-16,603.124267578125,,,,,
2016-09-19,599.5458984375,,,,,
2016-09-20,598.755859375,,,,,
2016-09-21,600.8703002929688,,,,,
2016-09-22,607.3297119140625,,,,,
2016-09-23,610.0250244140625,,,,,
2016-09-26,602.3341064453125,,,,,
2016-09-27,603.2171020507812,,,,,
2016-09-28,601.9158935546875,,,,,
2016-09-29,593.6673583984375,,,,,
2016-09-30,591.5064697265625,,,,,
2016-10-03,598.175048828125,,,,,
2016-10-04,599.2671508789062,,,,,
2016-10-05,597.6637573242188,,,,,
2016-10-06,595.7352905273438,,,,,
2016-10-07,595.1079711914062,,,,,
2016-10-10,596.8505859375,,,,,
2016-10-13,586.8128051757812,,,,,
2016-10-14,586.3713989257812,,,,,
2016-10-17,575.1717529296875,,,,,
2016-10-18,584.5357666015625,,,,,
2016-10-19,584.76806640625,,,,,
2016-10-20,583.4436645507812,,,,,
2016-10-21,590.5072631835938,,,,,
2016-10-24,587.1846313476562,,,,,
2016-10-25,581.0272827148438,,,,,
2016-10-26,575.9154052734375,,,,,
2016-10-27,581.8637084960938,,,,,
2016-10-28,585.0934448242188,,,,,
2016-11-01,585.4419555664062,,,,,
2016-11-02,579.0986938476562,,,,,
2016-11-03,583.1880493164062,,,,,
2016-11-04,577.9601440429688,,,,,
2016-11-07,580.6321411132812,,,,,
2016-11-08,582.8861083984375,,,,,
2016-11-09,581.4686279296875,,,,,
2016-11-10,594.1552734375,,,,,
2016-11-11,592.8773803710938,,,,,
2016-11-15,583.0951538085938,,,,,
2016-11-16,578.2621459960938,,,,,
2016-11-17,571.6865844726562,,,,,
2016-11-18,562.9500732421875,,,,,
2016-11-21,557.0482177734375,,,,,
2016-11-22,556.74609375,,,,,
2016-11-23,550.5654296875,,,,,
2016-11-24,541.6198120117188,,,,,
2016-11-25,552.6799926757812,,,,,
2016-11-28,550.4259643554688,,,,,
2016-11-29,547.7772216796875,,,,,
2016-11-30,557.4663696289062,,,,,
2016-12-01,556.3743896484375,,,,,
2016-12-02,552.5868530273438,,,,,
2016-12-05,555.9561157226562,,,,,
2016-12-06,555.0731201171875,,,,,
2016-12-07,549.1015014648438,,,,,
2016-12-08,557.4198608398438,,,,,
2016-12-09,556.8621826171875,,,,,
2016-12-12,550.4259643554688,,,,,
2016-12-13,551.2625122070312,,,,,
2016-12-14,546.3597412109375,,,,,
2016-12-15,546.778076171875,,,,,
2016-12-16,549.4269409179688,,,,,
2016-12-19,546.8477172851562,,,,,
2016-12-20,549.2410888671875,,,,,
2016-12-21,548.3580322265625,,,,,
2016-12-22,545.151611328125,,,,,
2016-12-23,551.2625122070312,,,,,
2016-12-26,546.0345458984375,,,,,
2016-12-27,550.7745971679688,,,,,
2016-12-28,551.494873046875,,,,,
2016-12-29,560.0687866210938,,,,,
2016-12-30,560.5335083007812,,,,,
2017-01-02,556.3046264648438,,,,,
2017-01-03,552.9586791992188,,,,,
2017-01-04,550.9138793945312,,,,,
2017-01-05,551.2392578125,,,,,
2017-01-06,554.701416015625,,,,,
2017-01-09,555.421630859375,,,,,
2017-01-10,564.3209228515625,,,,,
2017-01-11,573.452392578125,,,,,
2017-01-12,573.9170532226562,,,,,
2017-01-13,572.75537109375,,,,,
2017-01-16,579.7957153320312,,,,,
2017-01-17,575.5435791015625,,,,,
2017-01-18,577.4489135742188,,,,,
2017-01-19,574.5213012695312,,,,,
2017-01-20,574.5443725585938,,,,,
2017-01-23,578.401611328125,,,,,
2017-01-24,589.04345703125,,,,,
2017-01-25,599.7550048828125,,,,,
2017-01-27,600.359130859375,,,,,
2017-01-30,597.1293334960938,,,,,
2017-01-31,597.9193725585938,,,,,
2017-02-01,606.7720336914062,,,,,
2017-02-02,603.5192260742188,,,,,
2017-02-03,609.2584228515625,,,,,
2017-02-06,610.6757202148438,,,,,
2017-02-07,607.446044921875,,,,,
2017-02-08,606.7489624023438,,,,,
2017-02-09,603.0313110351562,,,,,
2017-02-10,605.7962646484375,,,,,
2017-02-13,608.8633422851562,,,,,
2017-02-14,609.281494140625,,,,,
2017-02-15,614.4398193359375,,,,,
2017-02-16,617.0887451171875,,,,,
2017-02-17,639.92919921875,,,,,
2017-02-20,654.8232421875,,,,,
2017-02-21,657.8204956054688,,,,,
2017-02-22,650.1992797851562,,,,,
2017-02-23,647.9454345703125,,,,,
2017-02-27,647.6201782226562,,,,,
2017-02-28,645.9937133789062,,,,,
2017-03-01,646.7139892578125,,,,,
2017-03-02,641.3466796875,,,,,
2017-03-03,639.9059448242188,,,,,
2017-03-06,641.6486206054688,,,,,
2017-03-07,644.1812744140625,,,,,
2017-03-08,646.9696044921875,,,,,
2017-03-09,647.89892578125,,,,,
2017-03-10,650.6407470703125,,,,,
2017-03-14,655.5667724609375,,,,,
2017-03-15,658.3084716796875,,,,,
2017-03-16,658.6570434570312,,,,,
2017-03-17,662.6070556640625,,,,,
2017-03-20,667.370361328125,,,,,
2017-03-21,669.6241455078125,,,,,
2017-03-22,664.953857421875,,,,,
2017-03-23,664.953857421875,,,,,
2017-03-24,661.9100341796875,,,,,
2017-03-27,655.1717529296875,,,,,
2017-03-28,659.9815063476562,,,,,
2017-03-29,663.885009765625,,,,,
2017-03-30,681.3580932617188,,,,,
2017-03-31,670.3677368164062,,,,,
2017-04-03,666.022705078125,,,,,
2017-04-05,665.627685546875,,,,,
2017-04-06,668.4855346679688,,,,,
2017-04-07,668.6482543945312,,,,,
2017-04-10,666.464111328125,,,,,
2017-04-11,668.9503784179688,,,,,
2017-04-12,670.9021606445312,,,,,
2017-04-13,669.3222045898438,,,,,
2017-04-17,667.6956787109375,,,,,
2017-04-18,672.5751953125,,,,,
2017-04-19,673.3651733398438,,,,,
2017-04-20,679.47607421875,,,,,
2017-04-21,695.4853515625,,,,,
2017-04-24,712.424072265625,,,,,
2017-04-25,714.2828979492188,,,,,
2017-04-26,720.6029052734375,,,,,
2017-04-27,728.9444580078125,,,,,
2017-04-28,718.6742553710938,,,,,
2017-05-02,715.9324951171875,,,,,
2017-05-03,717.6519775390625,,,,,
2017-05-04,713.2373046875,,,,,
2017-05-05,712.0289916992188,,,,,
2017-05-08,713.2373046875,,,,,
2017-05-09,713.6787109375,,,,,
2017-05-10,721.1373901367188,,,,,
2017-05-11,718.6278686523438,,,,,
2017-05-12,721.067626953125,,,,,
2017-05-15,721.8809204101562,,,,,
2017-05-16,724.785400390625,,,,,
2017-05-17,723.62353515625,,,,,
2017-05-18,723.600341796875,,,,,
2017-05-19,725.5289916992188,,,,,
2017-05-22,732.3834228515625,,,,,
2017-05-23,729.1767578125,,,,,
2017-05-24,728.084716796875,,,,,
2017-05-25,751.506103515625,,,,,
2017-05-26,755.6187744140625,,,,,
2017-05-29,758.360595703125,,,,,
2017-05-30,757.0362548828125,,,,,
2017-05-31,760.35888671875,,,,,
2017-06-01,756.8270874023438,,,,,
2017-06-02,759.4526977539062,,,,,
2017-06-05,760.0568237304688,,,,,
2017-06-06,761.6367797851562,,,,,
2017-06-07,762.49658203125,,,,,
2017-06-08,764.3321533203125,,,,,
2017-06-09,774.5790405273438,,,,,
2017-06-12,775.485107421875,,,,,
2017-06-13,779.1796264648438,,,,,
2017-06-14,776.6237182617188,,,,,
2017-06-15,773.4404907226562,,,,,
2017-06-16,775.7175903320312,,,,,
2017-06-19,786.7079467773438,,,,,
2017-06-20,783.7570190429688,,,,,
2017-06-21,789.4033203125,,,,,
2017-06-22,789.0780029296875,,,,,
2017-06-23,780.0858154296875,,,,,
2017-06-27,774.9739379882812,,,,,
2017-06-28,774.4163208007812,,,,,
2017-06-29,777.9716796875,,,,,
2017-06-30,772.8258056640625,,,,,
2017-07-03,775.889892578125,,,,,
2017-07-04,773.4339599609375,,,,,
2017-07-05,771.2820434570312,,,,,
2017-07-06,775.6795043945312,,,,,
2017-07-07,779.9129028320312,,,,,
2017-07-10,784.193359375,,,,,
2017-07-11,786.087890625,,,,,
2017-07-12,786.485595703125,,,,,
2017-07-13,787.5614624023438,,,,,
2017-07-14,785.8773803710938,,,,,
2017-07-17,787.0001220703125,,,,,
2017-07-18,787.5614624023438,,,,,
2017-07-19,791.65478515625,,,,,
2017-07-20,800.3558349609375,,,,,
2017-07-21,796.68359375,,,,,
2017-07-24,811.6763916015625,,,,,
2017-07-25,813.804931640625,,,,,
2017-07-26,817.5005493164062,,,,,
2017-07-27,837.1948852539062,,,,,
2017-07-28,831.9789428710938,,,,,
2017-07-31,834.7388305664062,,,,,
2017-08-01,840.7266845703125,,,,,
2017-08-02,838.1304931640625,,,,,
2017-08-03,832.6571655273438,,,,,
2017-08-04,837.4756469726562,,,,,
2017-08-07,836.6803588867188,,,,,
2017-08-08,831.6981811523438,,,,,
2017-08-09,825.4063110351562,,,,,
2017-08-10,823.53515625,,,,,
2017-08-11,818.2023315429688,,,,,
2017-08-14,822.0148315429688,,,,,
2017-08-16,833.265380859375,,,,,
2017-08-17,825.8507690429688,,,,,
2017-08-18,819.6525268554688,,,,,
2017-08-21,815.465576171875,,,,,
2017-08-22,817.2432861328125,,,,,
2017-08-23,829.148681640625,,,,,
2017-08-24,824.494140625,,,,,
2017-08-28,824.3771362304688,,,,,
2017-08-29,816.8456420898438,,,,,
2017-08-30,827.3243408203125,,,,,
2017-08-31,831.0198974609375,,,,,
2017-09-01,826.8799438476562,,,,,
2017-09-04,819.0676879882812,,,,,
2017-09-05,821.1493530273438,,,,,
2017-09-06,823.2778930664062,,,,,
2017-09-07,826.3887939453125,,,,,
2017-09-08,836.2593383789062,,,,,
2017-09-11,852.9595947265625,,,,,
2017-09-12,858.5030517578125,,,,,
2017-09-13,861.6138305664062,,,,,
2017-09-14,860.4677734375,,,,,
2017-09-15,864.9352416992188,,,,,
2017-09-18,870.31494140625,,,,,
2017-09-19,865.2861328125,,,,,
2017-09-20,864.8884887695312,,,,,
2017-09-21,860.3274536132812,,,,,
2017-09-22,853.310546875,,,,,
2017-09-25,841.9196166992188,,,,,
2017-09-26,838.4345092773438,,,,,
2017-09-27,831.0432739257812,,,,,
2017-09-28,839.837890625,,,,,
2017-09-29,844.7030029296875,,,,,
2017-10-03,846.1766357421875,,,,,
2017-10-04,840.6331787109375,,,,,
2017-10-05,841.3817138671875,,,,,
2017-10-06,842.0834350585938,,,,,
2017-10-09,839.931396484375,,,,,
2017-10-10,843.299560546875,,,,,
2017-10-11,837.4288330078125,,,,,
2017-10-12,850.8312377929688,,,,,
2017-10-13,865.80078125,,,,,
2017-10-16,868.7713012695312,,,,,
2017-10-17,866.0111694335938,,,,,
2017-10-18,874.0806884765625,,,,,
2017-10-19,864.677978515625,,,,,
2017-10-23,871.6482543945312,,,,,
2017-10-24,873.4258422851562,,,,,
2017-10-25,839.7444458007812,,,,,
2017-10-26,839.861328125,,,,,
2017-10-27,837.849853515625,,,,,
2017-10-30,849.0535278320312,,,,,
2017-10-31,846.0128784179688,,,,,
2017-11-01,851.9539184570312,,,,,
2017-11-02,852.3748779296875,,,,,
2017-11-03,856.3980102539062,,,,,
2017-11-06,855.4156494140625,,,,,
2017-11-07,853.1234130859375,,,,,
2017-11-08,854.1759033203125,,,,,
2017-11-09,855.064697265625,,,,,
2017-11-10,852.3280639648438,,,,,
2017-11-13,848.375244140625,,,,,
2017-11-14,843.1358642578125,,,,,
2017-11-15,842.1534423828125,,,,,
2017-11-16,845.6385498046875,,,,,
2017-11-17,853.9888305664062,,,,,
2017-11-20,859.883056640625,,,,,
2017-11-21,863.672119140625,,,,,
2017-11-22,867.8824462890625,,,,,
2017-11-23,862.0817260742188,,,,,
2017-11-24,866.0813598632812,,,,,
2017-11-27,868.9584350585938,,,,,
2017-11-28,872.607177734375,,,,,
2017-11-29,876.3262939453125,,,,,
2017-11-30,867.1572875976562,,,,,
2017-12-01,864.58447265625,,,,,
2017-12-04,857.9884643554688,,,,,
2017-12-05,851.60302734375,,,,,
2017-12-06,843.580322265625,,,,,
2017-12-07,846.5508422851562,,,,,
2017-12-08,860.9356689453125,,,,,
2017-12-11,863.7423706054688,,,,,
2017-12-12,851.3457641601562,,,,,
2017-12-13,852.0240478515625,,,,,
2017-12-14,859.8363037109375,,,,,
2017-12-15,876.3963012695312,,,,,
2017-12-18,878.96923828125,,,,,
2017-12-19,881.5654296875,,,,,
2017-12-20,873.9169921875,,,,,
2017-12-21,873.9871826171875,,,,,
2017-12-22,877.893310546875,,,,,
2017-12-26,874.0105590820312,,,,,
2017-12-27,868.5841674804688,,,,,
2017-12-28,878.54833984375,,,,,
2017-12-29,875.9051513671875,,,,,
2018-01-01,867.5315551757812,,,,,
2018-01-02,875.8817749023438,,,,,
2018-01-03,866.6661376953125,,,,,
2018-01-04,870.0576782226562,,,,,
2018-01-05,871.7885131835938,,,,,
2018-01-08,870.3851318359375,,,,,
2018-01-09,871.8352661132812,,,,,
2018-01-10,872.0692138671875,,,,,
2018-01-11,875.975341796875,,,,,
2018-01-12,872.5838012695312,,,,,
2018-01-15,887.7638549804688,,,,,
2018-01-16,888.8865966796875,,,,,
2018-01-17,884.372314453125,,,,,
2018-01-18,904.8618774414062,,,,,
2018-01-19,913.2354125976562,,,,,
2018-01-22,918.451416015625,,,,,
2018-01-23,912.8143920898438,,,,,
2018-01-24,915.7849731445312,,,,,
2018-01-25,923.8778076171875,,,,,
2018-01-29,935.4324340820312,,,,,
2018-01-30,933.4910888671875,,,,,
2018-01-31,938.2625122070312,,,,,
2018-02-01,931.4561767578125,,,,,
2018-02-02,911.2706298828125,,,,,
2018-02-05,895.2953491210938,,,,,
2018-02-06,887.3193969726562,,,,,
2018-02-07,876.09228515625,,,,,
2018-02-08,879.90478515625,,,,,
2018-02-09,865.1925659179688,,,,,
2018-02-12,877.893310546875,,,,,
2018-02-14,880.9340209960938,,,,,
2018-02-15,880.3492431640625,,,,,
2018-02-16,878.8054809570312,,,,,
2018-02-19,878.6183471679688,,,,,
2018-02-20,871.6013793945312,,,,,
2018-02-21,868.8881225585938,,,,,
2018-02-22,866.9234008789062,,,,,
2018-02-23,879.7177124023438,,,,,
2018-02-26,894.219482421875,,,,,
2018-02-27,890.0092163085938,,,,,
2018-02-28,881.4251708984375,,,,,
2018-03-01,876.8173828125,,,,,
2018-03-05,874.759033203125,,,,,
2018-03-06,863.672119140625,,,,,
2018-03-07,857.2867431640625,,,,,
2018-03-08,866.7597045898438,,,,,
2018-03-09,865.917724609375,,,,,
2018-03-12,873.4959716796875,,,,,
2018-03-13,870.221435546875,,,,,
2018-03-14,872.2095947265625,,,,,
2018-03-15,879.8346557617188,,,,,
2018-03-16,866.829833984375,,,,,
2018-03-19,864.1400146484375,,,,,
2018-03-20,860.5146484375,,,,,
2018-03-21,869.5899658203125,,,,,
2018-03-22,873.7298583984375,,,,,
2018-03-23,861.4736328125,,,,,
2018-03-26,885.7522583007812,,,,,
2018-03-27,885.3546142578125,,,,,
2018-03-28,882.31396484375,,,,,
2018-04-02,903.4117431640625,,,,,
2018-04-03,896.25439453125,,,,,
2018-04-04,880.9808349609375,,,,,
2018-04-05,892.9797973632812,,,,,
2018-04-06,899.762939453125,,,,,
2018-04-09,907.083984375,,,,,
2018-04-10,898.5698852539062,,,,,
2018-04-11,897.6343994140625,,,,,
2018-04-12,902.2890014648438,,,,,
2018-04-13,900.5113525390625,,,,,
2018-04-16,908.5106811523438,,,,,
2018-04-17,911.5045776367188,,,,,
2018-04-18,904.066650390625,,,,,
2018-04-19,907.0604248046875,,,,,
2018-04-20,914.9662475585938,,,,,
2018-04-23,905.5402221679688,,,,,
2018-04-24,905.1892700195312,,,,,
2018-04-25,898.5231323242188,,,,,
2018-04-26,902.96728515625,,,,,
2018-04-27,899.762939453125,,,,,
2018-04-30,909.539794921875,,,,,
2018-05-02,921.328369140625,,,,,
2018-05-03,920.579833984375,,,,,
2018-05-04,930.2164916992188,,,,,
2018-05-07,925.0239868164062,,,,,
2018-05-08,920.1822509765625,,,,,
2018-05-09,925.4917602539062,,,,,
2018-05-10,932.1812744140625,,,,,
2018-05-11,941.0928955078125,,,,,
2018-05-14,945.7708740234375,,,,,
2018-05-15,953.2789916992188,,,,,
2018-05-16,946.5193481445312,,,,,
2018-05-17,948.57763671875,,,,,
2018-05-18,941.2799072265625,,,,,
2018-05-21,932.3450927734375,,,,,
2018-05-22,930.8714599609375,,,,,
2018-05-23,920.3927001953125,,,,,
2018-05-24,929.046875,,,,,
2018-05-25,939.6659545898438,,,,,
2018-05-28,955.3373413085938,,,,,
2018-05-29,950.846435546875,,,,,
2018-05-30,958.21435546875,,,,,
2018-05-31,1007.2230224609375,,,,,
2018-06-01,993.6410522460938,,,,,
2018-06-04,963.3222045898438,,,,,
2018-06-05,971.5139770507812,,,,,
2018-06-06,968.571533203125,,,,,
2018-06-07,970.8548583984375,,,,,
2018-06-08,964.8052978515625,,,,,
2018-06-11,961.4862670898438,,,,,
2018-06-12,962.2158813476562,,,,,
2018-06-13,956.3781127929688,,,,,
2018-06-14,959.1793823242188,,,,,
2018-06-15,955.5072631835938,,,,,
2018-06-18,950.5874633789062,,,,,
2018-06-19,952.6354370117188,,,,,
2018-06-20,968.0065307617188,,,,,
2018-06-21,968.6893310546875,,,,,
2018-06-22,980.8118896484375,,,,,
2018-06-25,986.2730712890625,,,,,
2018-06-26,985.6845092773438,,,,,
2018-06-27,994.5824584960938,,,,,
2018-06-28,1003.17431640625,,,,,
2018-06-29,992.6287231445312,,,,,
2018-07-02,976.0570678710938,,,,,
2018-07-03,974.62109375,,,,,
2018-07-04,990.3218994140625,,,,,
2018-07-05,999.8316040039062,,,,,
2018-07-06,995.7828979492188,,,,,
2018-07-09,1000.7261962890625,,,,,
2018-07-10,1010.4947509765625,,,,,
2018-07-11,1011.3658447265625,,,,,
2018-07-12,1019.698974609375,,,,,
2018-07-13,1026.7371826171875,,,,,
2018-07-16,1021.0643310546875,,,,,
2018-07-17,1024.783447265625,,,,,
2018-07-18,1024.5245361328125,,,,,
2018-07-19,1029.1854248046875,,,,,
2018-07-20,1030.5740966796875,,,,,
2018-07-23,1015.2264404296875,,,,,
2018-07-24,1016.780029296875,,,,,
2018-07-25,1021.7705078125,,,,,
2018-07-26,1032.245361328125,,,,,
2018-07-27,1036.7413330078125,,,,,
2018-07-30,1021.5585327148438,,,,,
2018-07-31,1026.0780029296875,,,,,
2018-08-01,1016.2857055664062,,,,,
2018-08-02,1002.8682250976562,,,,,
2018-08-03,998.843017578125,,,,,
2018-08-06,995.3829956054688,,,,,
2018-08-07,1003.1978759765625,,,,,
2018-08-08,1005.763671875,,,,,
2018-08-09,997.3600463867188,,,,,
2018-08-10,995.4533081054688,,,,,
2018-08-13,984.7194213867188,,,,,
2018-08-14,983.5191040039062,,,,,
2018-08-16,977.2103881835938,,,,,
2018-08-17,977.9871826171875,,,,,
2018-08-20,986.8614501953125,,,,,
2018-08-21,986.7909545898438,,,,,
2018-08-23,979.187744140625,,,,,
2018-08-24,974.4563598632812,,,,,
2018-08-27,979.446533203125,,,,,
2018-08-28,986.2260131835938,,,,,
2018-08-29,978.5286865234375,,,,,
2018-08-30,972.6910400390625,,,,,
2018-08-31,970.3839721679688,,,,,
2018-09-03,976.9044799804688,,,,,
2018-09-04,965.9586791992188,,,,,
2018-09-05,963.1574096679688,,,,,
2018-09-06,966.14697265625,,,,,
2018-09-07,968.3831787109375,,,,,
2018-09-10,960.9448852539062,,,,,
2018-09-11,941.7603149414062,,,,,
2018-09-12,947.1507568359375,,,,,
2018-09-14,955.5072631835938,,,,,
2018-09-17,937.8997802734375,,,,,
2018-09-18,936.4874877929688,,,,,
2018-09-19,923.3760375976562,,,,,
2018-09-21,927.5660400390625,,,,,
2018-09-24,906.592529296875,,,,,
2018-09-25,919.1625366210938,,,,,
2018-09-26,926.6010131835938,,,,,
2018-09-27,930.3436889648438,,,,,
2018-09-28,944.4202880859375,,,,,
2018-10-01,958.2612915039062,,,,,
2018-10-03,956.2369384765625,,,,,
2018-10-04,921.6812744140625,,,,,
2018-10-05,925.2357177734375,,,,,
2018-10-08,915.6787719726562,,,,,
2018-10-09,913.6072387695312,,,,,
2018-10-10,926.1066284179688,,,,,
2018-10-11,912.1714477539062,,,,,
2018-10-12,933.0271606445312,,,,,
2018-10-15,945.36181640625,,,,,
2018-10-16,938.15869140625,,,,,
2018-10-17,929.6139526367188,,,,,
2018-10-19,926.3890380859375,,,,,
2018-10-22,941.0541381835938,,,,,
2018-10-23,934.4395751953125,,,,,
2018-10-24,937.9232788085938,,,,,
2018-10-25,926.8834228515625,,,,,
2018-10-26,923.3054809570312,,,,,
2018-10-29,906.875,,,,,
2018-10-30,900.495849609375,,,,,
2018-10-31,900.0250854492188,,,,,
2018-11-01,900.2369995117188,,,,,
2018-11-02,917.773681640625,,,,,
2018-11-05,920.857421875,,,,,
2018-11-06,916.408447265625,,,,,
2018-11-07,921.775390625,,,,,
2018-11-09,915.8671264648438,,,,,
2018-11-12,904.4033813476562,,,,,
2018-11-13,907.5577392578125,,,,,
2018-11-14,921.6812744140625,,,,,
2018-11-15,929.8729248046875,,,,,
2018-11-16,943.5963745117188,,,,,
2018-11-19,948.1159057617188,,,,,
2018-11-20,947.4332275390625,,,,,
2018-11-21,950.3992309570312,,,,,
2018-11-22,944.1613159179688,,,,,
2018-11-26,965.01708984375,,,,,
2018-11-27,971.7022094726562,,,,,
2018-11-28,983.5895385742188,,,,,
2018-11-29,1003.2683715820312,,,,,
2018-11-30,1002.0443725585938,,,,,
2018-12-03,994.912109375,,,,,
2018-12-04,981.8477172851562,,,,,
2018-12-05,988.27392578125,,,,,
2018-12-06,987.26171875,,,,,
2018-12-07,992.2284545898438,,,,,
2018-12-10,983.3541870117188,,,,,
2018-12-11,969.6072387695312,,,,,
2018-12-12,981.7300415039062,,,,,
2018-12-13,989.2626342773438,,,,,
2018-12-14,986.626220703125,,,,,
2018-12-17,1002.8682250976562,,,,,
2018-12-18,1005.3399047851562,,,,,
2018-12-19,999.6904907226562,,,,,
2018-12-20,1006.2813720703125,,,,,
2018-12-21,993.8997192382812,,,,,
2018-12-24,979.5407104492188,,,,,
2018-12-26,999.1727294921875,,,,,
2018-12-27,991.0280151367188,,,,,
2018-12-28,999.4314575195312,,,,,
2018-12-31,998.8665771484375,,,,,
2019-01-01,1011.29541015625,,,,,
2019-01-02,1002.06787109375,,,,,
2019-01-03,994.2059326171875,,,,,
2019-01-04,996.86572265625,,,,,
2019-01-07,998.3721923828125,,,,,
2019-01-08,990.0629272460938,,,,,
2019-01-09,996.5596923828125,,,,,
2019-01-10,992.6522216796875,,,,,
2019-01-11,994.2528686523438,,,,,
2019-01-14,989.4273071289062,,,,,
2019-01-15,998.9606323242188,,,,,
2019-01-16,998.1603393554688,,,,,
2019-01-17,1003.8568725585938,,,,,
2019-01-18,1002.8919067382812,,,,,
2019-01-21,1011.3189086914062,,,,,
2019-01-22,1005.5285034179688,,,,,
2019-01-23,991.1927490234375,,,,,
2019-01-24,989.7097778320312,,,,,
2019-01-25,986.767333984375,,,,,
2019-01-28,981.1884765625,,,,,
2019-01-29,968.6893310546875,,,,,
2019-01-30,957.908203125,,,,,
2019-01-31,979.2112426757812,,,,,
2019-02-01,984.154541015625,,,,,
2019-02-04,990.9573364257812,,,,,
2019-02-05,995.2650756835938,,,,,
2019-02-06,999.3136596679688,,,,,
2019-02-07,996.7716064453125,,,,,
2019-02-08,999.3136596679688,,,,,
2019-02-11,1007.3173217773438,,,,,
2019-02-12,1002.6328735351562,,,,,
2019-02-14,993.4525146484375,,,,,
2019-02-15,988.9564819335938,,,,,
2019-02-18,983.8956298828125,,,,,
2019-02-19,981.1415405273438,,,,,
2019-02-20,992.5816650390625,,,,,
2019-02-21,996.1359252929688,,,,,
2019-02-22,984.6253051757812,,,,,
2019-02-25,1000.6085205078125,,,,,
2019-02-26,993.6643676757812,,,,,
2019-02-27,985.001953125,,,,,
2019-02-28,978.0813598632812,,,,,
2019-03-01,980.8118896484375,,,,,
2019-03-05,991.9931640625,,,,,
2019-03-06,990.6513671875,,,,,
2019-03-07,1001.1262817382812,,,,,
2019-03-08,1001.9268798828125,,,,,
2019-03-11,1002.0443725585938,,,,,
2019-03-12,1022.0763549804688,,,,,
2019-03-13,1048.2286376953125,,,,,
2019-03-14,1047.3809814453125,,,,,
2019-03-15,1060.680908203125,,,,,
2019-03-18,1064.658935546875,,,,,
2019-03-19,1067.625,,,,,
2019-03-20,1082.3370361328125,,,,,
2019-03-22,1071.579345703125,,,,,
2019-03-25,1074.0040283203125,,,,,
2019-03-26,1088.1512451171875,,,,,
2019-03-27,1082.548828125,,,,,
2019-03-28,1084.1259765625,,,,,
2019-04-01,1088.3631591796875,,,,,
2019-04-02,1080.38330078125,,,,,
2019-04-03,1079.39453125,,,,,
2019-04-04,1075.2515869140625,,,,,
2019-04-05,1085.4442138671875,,,,,
2019-04-08,1077.8173828125,,,,,
2019-04-09,1076.8050537109375,,,,,
2019-04-10,1053.3131103515625,,,,,
2019-04-11,1062.7994384765625,,,,,
2019-04-12,1066.4478759765625,,,,,
2019-04-15,1077.534912109375,,,,,
2019-04-16,1085.185302734375,,,,,
2019-04-18,1079.818115234375,,,,,
2019-04-22,1068.072265625,,,,,
2019-04-23,1057.0557861328125,,,,,
2019-04-24,1073.2742919921875,,,,,
2019-04-25,1065.6005859375,,,,,
2019-04-26,1073.8392333984375,,,,,
2019-04-30,1091.02294921875,,,,,
2019-05-02,1109.07763671875,,,,,
2019-05-03,1114.7977294921875,,,,,
2019-05-06,1096.201416015625,,,,,
2019-05-07,1093.329833984375,,,,,
2019-05-08,1086.220947265625,,,,,
2019-05-09,1078.5235595703125,,,,,
2019-05-10,1081.1600341796875,,,,,
2019-05-13,1076.78173828125,,,,,
2019-05-14,1077.1114501953125,,,,,
2019-05-15,1076.54638671875,,,,,
2019-05-16,1087.821533203125,,,,,
2019-05-17,1112.043701171875,,,,,
2019-05-20,1145.116455078125,,,,,
2019-05-21,1131.6282958984375,,,,,
2019-05-22,1132.593505859375,,,,,
2019-05-23,1097.9200439453125,,,,,
2019-05-24,1117.3399658203125,,,,,
2019-05-27,1133.8173828125,,,,,
2019-05-28,1137.5130615234375,,,,,
2019-05-29,1137.842529296875,,,,,
2019-05-30,1148.5059814453125,,,,,
2019-05-31,1141.8209228515625,,,,,
2019-06-03,1156.7681884765625,,,,,
2019-06-04,1154.508544921875,,,,,
2019-06-06,1140.8792724609375,,,,,
2019-06-07,1152.3192138671875,,,,,
2019-06-10,1148.81201171875,,,,,
2019-06-11,1152.6722412109375,,,,,
2019-06-12,1142.62109375,,,,,
2019-06-13,1150.930419921875,,,,,
2019-06-14,1146.4110107421875,,,,,
2019-06-17,1140.243408203125,,,,,
2019-06-18,1138.0074462890625,,,,,
2019-06-19,1143.233154296875,,,,,
2019-06-20,1149.3914794921875,,,,,
2019-06-21,1143.6357421875,,,,,
2019-06-24,1145.412109375,,,,,
2019-06-25,1150.5045166015625,,,,,
2019-06-26,1169.073974609375,,,,,
2019-06-27,1166.4212646484375,,,,,
2019-06-28,1157.634033203125,,,,,
2019-07-01,1177.43505859375,,,,,
2019-07-02,1181.9117431640625,,,,,
2019-07-03,1179.3773193359375,,,,,
2019-07-04,1176.606201171875,,,,,
2019-07-05,1171.205810546875,,,,,
2019-07-08,1141.4566650390625,,,,,
2019-07-09,1127.031982421875,,,,,
2019-07-10,1131.5797119140625,,,,,
2019-07-11,1140.2960205078125,,,,,
2019-07-12,1134.01953125,,,,,
2019-07-15,1134.422119140625,,,,,
2019-07-16,1132.740478515625,,,,,
2019-07-17,1135.701171875,,,,,
2019-07-18,1142.546142578125,,,,,
2019-07-19,1125.3741455078125,,,,,
2019-07-22,1088.235107421875,,,,,
2019-07-23,1072.247314453125,,,,,
2019-07-24,1080.489990234375,,,,,
2019-07-25,1082.9296875,,,,,
2019-07-26,1078.78466796875,,,,,
2019-07-29,1063.1519775390625,,,,,
2019-07-30,1066.918212890625,,,,,
2019-07-31,1066.6337890625,,,,,
2019-08-01,1054.8358154296875,,,,,
2019-08-02,1051.2989501953125,,,,,
2019-08-05,1034.6346435546875,,,,,
2019-08-06,1039.3109130859375,,,,,
2019-08-07,1036.8897705078125,,,,,
2019-08-08,1060.224365234375,,,,,
2019-08-09,1083.4168701171875,,,,,
2019-08-13,1054.1474609375,,,,,
2019-08-14,1058.4677734375,,,,,
2019-08-16,1057.6368408203125,,,,,
2019-08-19,1047.7381591796875,,,,,
2019-08-20,1054.2662353515625,,,,,
2019-08-21,1056.7587890625,,,,,
2019-08-22,1032.1895751953125,,,,,
2019-08-23,1026.777099609375,,,,,
2019-08-26,1071.14404296875,,,,,
2019-08-27,1072.9482421875,,,,,
2019-08-28,1067.0374755859375,,,,,
2019-08-29,1057.2808837890625,,,,,
2019-08-30,1057.7557373046875,,,,,
2019-09-03,1049.684814453125,,,,,
2019-09-04,1067.156005859375,,,,,
2019-09-05,1061.1739501953125,,,,,
2019-09-06,1066.2777099609375,,,,,
2019-09-09,1068.0345458984375,,,,,
2019-09-11,1068.8414306640625,,,,,
2019-09-12,1078.1231689453125,,,,,
2019-09-13,1071.7613525390625,,,,,
2019-09-16,1065.4468994140625,,,,,
2019-09-17,1049.87451171875,,,,,
2019-09-18,1038.670166015625,,,,,
2019-09-19,1045.4830322265625,,,,,
2019-09-20,1139.0594482421875,,,,,
2019-09-23,1193.800048828125,,,,,
2019-09-24,1190.524169921875,,,,,
2019-09-25,1177.1356201171875,,,,,
2019-09-26,1179.79443359375,,,,,
2019-09-27,1181.40869140625,,,,,
2019-09-30,1165.50390625,,,,,
2019-10-01,1185.7764892578125,,,,,
2019-10-03,1161.8009033203125,,,,,
2019-10-04,1129.6590576171875,,,,,
2019-10-07,1127.0003662109375,,,,,
2019-10-09,1166.1685791015625,,,,,
2019-10-10,1139.9615478515625,,,,,
2019-10-11,1138.2999267578125,,,,,
2019-10-14,1143.6171875,,,,,
2019-10-15,1161.325927734375,,,,,
2019-10-16,1159.4742431640625,,,,,
2019-10-17,1158.4298095703125,,,,,
2019-10-18,1166.9757080078125,,,,,
2019-10-22,1176.755859375,,,,,
2019-10-23,1178.939697265625,,,,,
2019-10-24,1173.7174072265625,,,,,
2019-10-25,1166.9757080078125,,,,,
2019-10-27,1175.236572265625,,,,,
2019-10-29,1179.79443359375,,,,,
2019-10-30,1185.3489990234375,,,,,
2019-10-31,1168.2576904296875,,,,,
2019-11-01,1177.4681396484375,,,,,
2019-11-04,1174.4295654296875,,,,,
2019-11-05,1176.94580078125,,,,,
2019-11-06,1193.2303466796875,,,,,
2019-11-07,1199.924560546875,,,,,
2019-11-08,1192.2332763671875,,,,,
2019-11-11,1200.92138671875,,,,,
2019-11-13,1194.0849609375,,,,,
2019-11-14,1209.609619140625,,,,,
2019-11-15,1213.4078369140625,,,,,
2019-11-18,1198.3577880859375,,,,,
2019-11-19,1207.7105712890625,,,,,
2019-11-20,1209.08740234375,,,,,
2019-11-21,1218.582763671875,,,,,
2019-11-22,1200.92138671875,,,,,
2019-11-25,1206.9510498046875,,,,,
2019-11-26,1210.7017822265625,,,,,
2019-11-27,1213.8826904296875,,,,,
2019-11-28,1201.4439697265625,,,,,
2019-11-29,1210.606689453125,,,,,
2019-12-02,1201.8709716796875,,,,,
2019-12-03,1192.0433349609375,,,,,
2019-12-04,1188.482666015625,,,,,
2019-12-05,1182.738037109375,,,,,
2019-12-06,1183.165283203125,,,,,
2019-12-09,1180.2216796875,,,,,
2019-12-10,1186.441162109375,,,,,
2019-12-11,1185.7288818359375,,,,,
2019-12-12,1199.8294677734375,,,,,
2019-12-13,1200.06689453125,,,,,
2019-12-16,1193.89501953125,,,,,
2019-12-17,1206.9510498046875,,,,,
2019-12-18,1227.1285400390625,,,,,
2019-12-19,1223.7576904296875,,,,,
2019-12-20,1231.259033203125,,,,,
2019-12-23,1236.67138671875,,,,,
2019-12-24,1224.090087890625,,,,,
2019-12-26,1206.3336181640625,,,,,
2019-12-27,1210.6541748046875,,,,,
2019-12-30,1217.443359375,,,,,
2019-12-31,1207.9005126953125,,,,,
2020-01-01,1214.072509765625,,,,,
2020-01-02,1221.8111572265625,,,,,
2020-01-03,1204.3873291015625,,,,,
2020-01-06,1178.32275390625,,,,,
2020-01-07,1196.9808349609375,,,,,
2020-01-08,1193.847412109375,,,,,
2020-01-09,1207.23583984375,,,,,
2020-01-10,1217.9654541015625,,,,,
2020-01-13,1221.09912109375,,,,,
2020-01-14,1224.42236328125,,,,,
2020-01-15,1219.4373779296875,,,,,
2020-01-16,1222.665771484375,,,,,
2020-01-17,1213.6451416015625,,,,,
2020-01-20,1191.568603515625,,,,,
2020-01-21,1181.551025390625,,,,,
2020-01-22,1178.2276611328125,,,,,
2020-01-23,1182.0257568359375,,,,,
2020-01-24,1181.740966796875,,,,,
2020-01-27,1151.972900390625,,,,,
2020-01-28,1161.4683837890625,,,,,
2020-01-29,1173.47998046875,,,,,
2020-01-30,1164.1746826171875,,,,,
2020-01-31,1164.411865234375,,,,,
2020-02-03,1132.6026611328125,,,,,
2020-02-04,1167.7353515625,,,,,
2020-02-05,1181.8358154296875,,,,,
2020-02-06,1177.230712890625,,,,,
2020-02-07,1179.509521484375,,,,,
2020-02-10,1177.705322265625,,,,,
2020-02-11,1177.990234375,,,,,
2020-02-12,1185.96630859375,,,,,
2020-02-13,1178.7498779296875,,,,,
2020-02-14,1157.8126220703125,,,,,
2020-02-17,1155.7237548828125,,,,,
2020-02-18,1152.0206298828125,,,,,
2020-02-19,1165.2664794921875,,,,,
2020-02-20,1155.67626953125,,,,,
2020-02-24,1148.886962890625,,,,,
2020-02-25,1139.7242431640625,,,,,
2020-02-26,1138.72705078125,,,,,
2020-02-27,1138.9169921875,,,,,
2020-02-28,1118.217041015625,,,,,
2020-03-02,1120.06884765625,,,,,
2020-03-03,1122.15771484375,,,,,
2020-03-04,1090.87060546875,,,,,
2020-03-05,1093.244384765625,,,,,
2020-03-06,1077.624755859375,,,,,
2020-03-09,1051.41748046875,,,,,
2020-03-11,1057.589599609375,,,,,
2020-03-12,969.7577514648438,,,,,
2020-03-13,1015.8101196289062,,,,,
2020-03-16,949.0579223632812,,,,,
2020-03-17,925.8892822265625,,,,,
2020-03-18,832.645263671875,,,,,
2020-03-19,850.35400390625,,,,,
2020-03-20,838.294921875,,,,,
2020-03-23,732.6119384765625,,,,,
2020-03-24,728.956298828125,,,,,
2020-03-25,813.5121459960938,,,,,
2020-03-26,855.6238403320312,,,,,
2020-03-27,858.804931640625,,,,,
2020-03-30,789.6788940429688,,,,,
2020-03-31,818.4022827148438,,,,,
2020-04-01,787.77978515625,,,,,
2020-04-03,772.7772216796875,,,,,
2020-04-07,850.8762817382812,,,,,
2020-04-08,844.0396728515625,,,,,
2020-04-09,878.3651733398438,,,,,
2020-04-13,850.1640625,,,,,
2020-04-15,819.7315063476562,,,,,
2020-04-16,835.351318359375,,,,,
2020-04-17,864.3596801757812,,,,,
2020-04-20,897.1659545898438,,,,,
2020-04-21,875.1368408203125,,,,,
2020-04-22,881.736083984375,,,,,
2020-04-23,906.7562866210938,,,,,
2020-04-24,890.709228515625,,,,,
2020-04-27,882.7805786132812,,,,,
2020-04-28,884.394775390625,,,,,
2020-04-29,927.7884521484375,,,,,
2020-04-30,951.2418823242188,,,,,
2020-05-04,876.4186401367188,,,,,
2020-05-05,865.4515991210938,,,,,
2020-05-06,898.6377563476562,,,,,
2020-05-07,878.3177490234375,,,,,
2020-05-08,882.1633911132812,,,,,
2020-05-11,869.58203125,,,,,
2020-05-12,856.0512084960938,,,,,
2020-05-13,880.833984375,,,,,
2020-05-14,848.5973510742188,,,,,
2020-05-15,843.3274536132812,,,,,
2020-05-18,794.4265747070312,,,,,
2020-05-19,788.7293090820312,,,,,
2020-05-20,813.844482421875,,,,,
2020-05-21,816.1708374023438,,,,,
2020-05-22,796.5155029296875,,,,,
2020-05-26,809.3816528320312,,,,,
2020-05-27,858.0452880859375,,,,,
2020-05-28,897.5457763671875,,,,,
2020-05-29,903.622802734375,,,,,
2020-06-01,937.8059692382812,,,,,
2020-06-02,950.4822387695312,,,,,
2020-06-03,970.6597900390625,,,,,
2020-06-04,951.1469116210938,,,,,
2020-06-05,981.1995849609375,,,,,
2020-06-08,964.63037109375,,,,,
2020-06-09,937.4735717773438,,,,,
2020-06-10,941.7940063476562,,,,,
2020-06-11,919.7174072265625,,,,,
2020-06-12,933.1532592773438,,,,,
2020-06-15,901.9136352539062,,,,,
2020-06-16,940.4171752929688,,,,,
2020-06-17,929.8298950195312,,,,,
2020-06-18,968.4758911132812,,,,,
2020-06-19,981.1995849609375,,,,,
2020-06-22,976.831787109375,,,,,
2020-06-23,989.6978759765625,,,,,
2020-06-24,980.392578125,,,,,
2020-06-25,976.831787109375,,,,,
2020-06-26,1003.1337890625,,,,,
2020-06-29,1021.7446899414062,,,,,
2020-06-30,1012.0595092773438,,,,,
2020-07-01,1029.8631591796875,,,,,
2020-07-02,1034.4210205078125,,,,,
2020-07-03,1019.7507934570312,,,,,
2020-07-06,1047.3345947265625,,,,,
2020-07-07,1049.3759765625,,,,,
2020-07-08,1054.3135986328125,,,,,
2020-07-09,1068.1767578125,,,,,
2020-07-10,1049.32861328125,,,,,
2020-07-13,1025.7325439453125,,,,,
2020-07-14,1005.4127197265625,,,,,
2020-07-15,1000.0003662109375,,,,,
2020-07-16,1008.9260864257812,,,,,
2020-07-17,1043.0142822265625,,,,,
2020-07-20,1075.8681640625,,,,,
2020-07-21,1081.0904541015625,,,,,
2020-07-22,1069.506103515625,,,,,
2020-07-23,1073.3519287109375,,,,,
2020-07-24,1062.6220703125,,,,,
2020-07-27,1025.0205078125,,,,,
2020-07-28,1031.809814453125,,,,,
2020-07-29,1010.8724975585938,,,,,
2020-07-30,997.6265258789062,,,,,
2020-07-31,980.6774291992188,,,,,
2020-08-03,951.4317626953125,,,,,
2020-08-04,989.080810546875,,,,,
2020-08-05,975.6923828125,,,,,
2020-08-06,988.1786499023438,,,,,
2020-08-07,991.1696166992188,,,,,
2020-08-10,997.6265258789062,,,,,
2020-08-11,1012.819091796875,,,,,
2020-08-12,1010.0180053710938,,,,,
2020-08-13,1005.602783203125,,,,,
2020-08-14,982.2440795898438,,,,,
2020-08-17,980.6299438476562,,,,,
2020-08-18,1003.1812744140625,,,,,
2020-08-19,1012.7715454101562,,,,,
2020-08-20,1005.5551147460938,,,,,
2020-08-21,1030.860107421875,,,,,
2020-08-24,1060.675537109375,,,,,
2020-08-25,1063.1917724609375,,,,,
2020-08-26,1062.0047607421875,,,,,
2020-08-27,1055.9752197265625,,,,,
2020-08-28,1058.2542724609375,,,,,
2020-08-31,1059.5361328125,,,,,
2020-09-01,1070.408203125,,,,,
2020-09-02,1076.9124755859375,,,,,
2020-09-03,1073.8267822265625,,,,,
2020-09-04,1062.8121337890625,,,,,
2020-09-07,1054.4560546875,,,,,
2020-09-08,1056.3076171875,,,,,
2020-09-09,1041.1627197265625,,,,,
2020-09-10,1035.5130615234375,,,,,
2020-09-11,1024.2135009765625,,,,,
2020-09-14,1004.5579833984375,,,,,
2020-09-15,1016.4747924804688,,,,,
2020-09-16,1038.45654296875,,,,,
2020-09-17,1028.9136962890625,,,,,
2020-09-18,1003.94091796875,,,,,
2020-09-21,996.3446655273438,,,,,
2020-09-22,983.1461791992188,,,,,
2020-09-23,994.3981323242188,,,,,
2020-09-24,978.3984985351562,,,,,
2020-09-25,991.3121337890625,,,,,
2020-09-28,1000.9973754882812,,,,,
2020-09-29,1008.9260864257812,,,,,
2020-09-30,1024.1658935546875,,,,,
2020-10-01,1051.085205078125,,,,,
2020-10-05,1058.1116943359375,,,,,
2020-10-06,1086.3603515625,,,,,
2020-10-07,1103.5943603515625,,,,,
2020-10-08,1131.6531982421875,,,,,
2020-10-09,1171.296142578125,,,,,
2020-10-12,1152.4005126953125,,,,,
2020-10-13,1137.9674072265625,,,,,
2020-10-14,1150.35888671875,,,,,
2020-10-15,1110.2410888671875,,,,,
2020-10-16,1138.822021484375,,,,,
2020-10-19,1142.8101806640625,,,,,
2020-10-20,1162.1805419921875,,,,,
2020-10-21,1183.782470703125,,,,,
2020-10-22,1171.0587158203125,,,,,
2020-10-23,1173.4324951171875,,,,,
2020-10-26,1149.7891845703125,,,,,
2020-10-27,1170.8687744140625,,,,,
2020-10-28,1148.5546875,,,,,
2020-10-29,1127.2852783203125,,,,,
2020-10-30,1123.8194580078125,,,,,
2020-11-02,1153.9195556640625,,,,,
2020-11-03,1184.96923828125,,,,,
2020-11-04,1193.9423828125,,,,,
2020-11-05,1205.1468505859375,,,,,
2020-11-06,1241.656494140625,,,,,
2020-11-09,1272.8961181640625,,,,,
2020-11-10,1323.3162841796875,,,,,
2020-11-11,1319.8028564453125,,,,,
2020-11-12,1302.473876953125,,,,,
2020-11-13,1290.22509765625,,,,,
2020-11-14,1300.5748291015625,,,,,
2020-11-17,1337.3692626953125,,,,,
2020-11-18,1337.606689453125,,,,,
2020-11-19,1304.990234375,,,,,
2020-11-20,1332.8116455078125,,,,,
2020-11-23,1324.21826171875,,,,,
2020-11-24,1365.617919921875,,,,,
2020-11-25,1332.0045166015625,,,,,
2020-11-26,1354.65087890625,,,,,
2020-11-27,1368.13427734375,,,,,
2020-12-01,1360.96533203125,,,,,
2020-12-02,1335.945068359375,,,,,
2020-12-03,1307.6962890625,,,,,
2020-12-04,1315.6724853515625,,,,,
2020-12-07,1302.9962158203125,,,,,
2020-12-08,1306.8419189453125,,,,,
2020-12-09,1336.182373046875,,,,,
2020-12-10,1315.9097900390625,,,,,
2020-12-11,1313.013916015625,,,,,
2020-12-14,1302.9014892578125,,,,,
2020-12-15,1321.0848388671875,,,,,
2020-12-16,1339.5057373046875,,,,,
2020-12-17,1369.0362548828125,,,,,
2020-12-18,1340.1229248046875,,,,,
2020-12-21,1303.3760986328125,,,,,
2020-12-22,1303.8033447265625,,,,,
2020-12-23,1306.2247314453125,,,,,
2020-12-24,1326.592041015625,,,,,
2020-12-28,1341.5472412109375,,,,,
2020-12-29,1355.1729736328125,,,,,
2020-12-30,1360.2056884765625,,,,,
2020-12-31,1363.8138427734375,,,,,
2021-01-01,1353.1317138671875,,,,,
2021-01-04,1344.538330078125,,,,,
2021-01-05,1354.6983642578125,,,,,
2021-01-06,1348.858642578125,,,,,
2021-01-07,1344.7757568359375,,,,,
2021-01-08,1359.3984375,,,,,
2021-01-11,1378.19921875,,,,,
2021-01-12,1406.258056640625,,,,,
2021-01-13,1396.4302978515625,,,,,
2021-01-14,1394.6259765625,,,,,
2021-01-15,1392.6322021484375,,,,,
2021-01-18,1408.2518310546875,,,,,
2021-01-19,1427.954833984375,,,,,
2021-01-20,1416.702880859375,,,,,
2021-01-21,1400.370849609375,,,,,
2021-01-22,1370.697998046875,,,,,
2021-01-25,1389.02392578125,,,,,
2021-01-27,1338.4613037109375,,,,,
2021-01-28,1302.236572265625,,,,,
2021-01-29,1320.3251953125,,,,,
2021-02-01,1402.2225341796875,,,,,
2021-02-02,1481.793212890625,,,,,
2021-02-03,1495.3240966796875,,,,,
2021-02-04,1499.4071044921875,,,,,
2021-02-05,1516.973388671875,,,,,
2021-02-08,1524.2373046875,,,,,
2021-02-09,1530.50439453125,,,,,
2021-02-10,1501.9234619140625,,,,,
2021-02-11,1492.9976806640625,,,,,
2021-02-12,1502.11328125,,,,,
2021-02-15,1535.0146484375,,,,,
2021-02-16,1544.557373046875,,,,,
2021-02-17,1506.4334716796875,,,,,
2021-02-18,1475.858642578125,,,,,
2021-02-19,1461.4256591796875,,,,,
2021-02-22,1469.8765869140625,,,,,
2021-02-23,1451.9779052734375,,,,,
2021-02-24,1525.3768310546875,,,,,
2021-02-25,1525.3292236328125,,,,,
2021-02-26,1456.9630126953125,,,,,
2021-03-01,1480.2265625,,,,,
2021-03-02,1489.0572509765625,,,,,
2021-03-03,1506.7659912109375,,,,,
2021-03-04,1473.72216796875,,,,,
2021-03-05,1452.78515625,,,,,
2021-03-08,1442.81494140625,,,,,
2021-03-09,1483.6448974609375,,,,,
2021-03-10,1477.2353515625,,,,,
2021-03-12,1473.6273193359375,,,,,
2021-03-15,1451.503173828125,,,,,
2021-03-16,1435.8359375,,,,,
2021-03-17,1419.8837890625,,,,,
2021-03-18,1415.7532958984375,,,,,
2021-03-19,1421.92529296875,,,,,
2021-03-22,1395.005859375,,,,,
2021-03-23,1424.4415283203125,,,,,
2021-03-24,1404.1689453125,,,,,
2021-03-25,1389.49853515625,,,,,
2021-03-26,1416.038330078125,,,,,
2021-03-30,1475.2889404296875,,,,,
2021-03-31,1418.26953125,,,,,
2021-04-01,1411.7177734375,,,,,
2021-04-05,1376.442626953125,,,,,
2021-04-06,1367.564453125,,,,,
2021-04-07,1374.1636962890625,,,,,
2021-04-08,1360.490478515625,,,,,
2021-04-09,1349.998046875,,,,,
2021-04-12,1298.0587158203125,,,,,
2021-04-13,1329.677978515625,,,,,
2021-04-15,1357.9266357421875,,,,,
2021-04-16,1356.5499267578125,,,,,
2021-04-19,1341.1199951171875,,,,,
2021-04-20,1321.1796875,,,,,
2021-04-22,1350.7103271484375,,,,,
2021-04-23,1342.78173828125,,,,,
2021-04-26,1333.9036865234375,,,,,
2021-04-27,1366.0927734375,,,,,
2021-04-28,1402.2698974609375,,,,,
2021-04-29,1398.1868896484375,,,,,
2021-04-30,1341.0250244140625,,,,,
2021-05-03,1343.0665283203125,,,,,
2021-05-04,1318.2835693359375,,,,,
2021-05-05,1331.814453125,,,,,
2021-05-06,1330.200439453125,,,,,
2021-05-07,1343.351318359375,,,,,
2021-05-10,1348.194091796875,,,,,
2021-05-11,1332.7166748046875,,,,,
2021-05-12,1328.8709716796875,,,,,
2021-05-14,1316.8594970703125,,,,,
2021-05-17,1367.564453125,,,,,
2021-05-18,1402.1749267578125,,,,,
2021-05-19,1384.6085205078125,,,,,
2021-05-20,1360.490478515625,,,,,
2021-05-21,1421.7353515625,,,,,
2021-05-24,1433.746826171875,,,,,
2021-05-25,1404.311279296875,,,,,
2021-05-26,1402.50732421875,,,,,
2021-05-27,1407.82470703125,,,,,
2021-05-28,1427.574951171875,,,,,
2021-05-31,1439.34912109375,,,,,
2021-06-01,1435.4085693359375,,,,,
2021-06-02,1428.09716796875,,,,,
2021-06-03,1443.8121337890625,,,,,
2021-06-04,1425.201171875,,,,,
2021-06-07,1424.1566162109375,,,,,
2021-06-08,1408.20458984375,,,,,
2021-06-09,1405.59326171875,,,,,
2021-06-10,1406.3055419921875,,,,,
2021-06-11,1411.337890625,,,,,
2021-06-14,1404.7861328125,,,,,
2021-06-15,1415.041015625,,,,,
2021-06-16,1409.67626953125,,,,,
2021-06-17,1392.1099853515625,,,,,
2021-06-18,1405.1185302734375,,,,,
2021-06-21,1413.5692138671875,,,,,
2021-06-22,1408.9166259765625,,,,,
2021-06-23,1410.5308837890625,,,,,
2021-06-24,1430.233642578125,,,,,
2021-06-25,1438.636962890625,,,,,
2021-06-28,1432.2276611328125,,,,,
2021-06-29,1432.4183349609375,,,,,
2021-06-30,1428.4608154296875,,,,,
2021-07-01,1417.8277587890625,,,,,
2021-07-02,1411.77197265625,,,,,
2021-07-05,1426.12451171875,,,,,
2021-07-06,1463.5548095703125,,,,,
2021-07-07,1468.13232421875,,,,,
2021-07-08,1449.96533203125,,,,,
2021-07-09,1432.370849609375,,,,,
2021-07-12,1418.0660400390625,,,,,
2021-07-13,1432.2276611328125,,,,,
2021-07-14,1429.6529541015625,,,,,
2021-07-15,1450.203857421875,,,,,
2021-07-16,1451.77734375,,,,,
2021-07-19,1402.807861328125,,,,,
2021-07-20,1376.248779296875,,,,,
2021-07-22,1381.54150390625,,,,,
2021-07-23,1375.867431640625,,,,,
2021-07-26,1368.0474853515625,,,,,
2021-07-27,1373.0064697265625,,,,,
2021-07-28,1351.59716796875,,,,,
2021-07-29,1352.5030517578125,,,,,
2021-07-30,1360.3231201171875,,,,,
2021-08-02,1356.6993408203125,,,,,
2021-08-03,1368.1905517578125,,,,,
2021-08-04,1397.3721923828125,,,,,
2021-08-05,1416.0157470703125,,,,,
2021-08-06,1423.4542236328125,,,,,
2021-08-09,1434.1826171875,,,,,
2021-08-10,1437.7587890625,,,,,
2021-08-11,1425.6475830078125,,,,,
2021-08-12,1431.798583984375,,,,,
2021-08-13,1455.4488525390625,,,,,
2021-08-16,1459.6448974609375,,,,,
2021-08-17,1444.434326171875,,,,,
2021-08-18,1442.8607177734375,,,,,
2021-08-20,1444.52978515625,,,,,
2021-08-23,1453.923095703125,,,,,
2021-08-24,1486.5853271484375,,,,,
2021-08-25,1485.2025146484375,,,,,
2021-08-26,1482.72314453125,,,,,
2021-08-27,1476.66748046875,,,,,
2021-08-30,1495.5494384765625,,,,,
2021-08-31,1508.0899658203125,,,,,
2021-09-01,1505.896484375,,,,,
2021-09-02,1515.337646484375,,,,,
2021-09-03,1502.988037109375,,,,,
2021-09-06,1493.11767578125,,,,,
2021-09-07,1496.503173828125,,,,,
2021-09-08,1503.3216552734375,,,,,
2021-09-09,1495.88330078125,,,,,
2021-09-13,1483.438232421875,,,,,
2021-09-14,1476.7626953125,,,,,
2021-09-15,1475.093994140625,,,,,
2021-09-16,1487.6341552734375,,,,,
2021-09-17,1508.8050537109375,,,,,
2021-09-20,1487.5389404296875,,,,,
2021-09-21,1480.0050048828125,,,,,
2021-09-22,1462.60107421875,,,,,
2021-09-23,1497.2183837890625,,,,,
2021-09-24,1527.305908203125,,,,,
2021-09-27,1549.76416015625,,,,,
2021-09-28,1540.1800537109375,,,,,
2021-09-29,1519.9627685546875,,,,,
2021-09-30,1521.01171875,,,,,
2021-10-01,1509.32958984375,,,,,
2021-10-04,1512.23828125,,,,,
2021-10-05,1521.488525390625,,,,,
2021-10-06,1540.0369873046875,,,,,
2021-10-07,1535.8409423828125,,,,,
2021-10-08,1528.354736328125,,,,,
2021-10-11,1558.060791015625,,,,,
2021-10-12,1554.055419921875,,,,,
2021-10-13,1563.401123046875,,,,,
2021-10-14,1609.176025390625,,,,,
2021-10-18,1592.86865234375,,,,,
2021-10-19,1610.4156494140625,,,,,
2021-10-20,1596.254150390625,,,,,
2021-10-21,1598.590576171875,,,,,
2021-10-22,1602.834228515625,,,,,
2021-10-25,1580.1851806640625,,,,,
2021-10-26,1576.13232421875,,,,,
2021-10-27,1566.6436767578125,,,,,
2021-10-28,1519.724365234375,,,,,
2021-10-29,1509.47265625,,,,,
2021-11-01,1530.882080078125,,,,,
2021-11-02,1532.2647705078125,,,,,
2021-11-03,1508.137451171875,,,,,
2021-11-04,1520.0579833984375,,,,,
2021-11-08,1526.066162109375,,,,,
2021-11-09,1499.3641357421875,,,,,
2021-11-10,1483.152099609375,,,,,
2021-11-11,1476.5244140625,,,,,
2021-11-12,1481.0064697265625,,,,,
2021-11-15,1485.059326171875,,,,,
2021-11-16,1476.2381591796875,,,,,
2021-11-17,1459.8355712890625,,,,,
2021-11-18,1468.036865234375,,,,,
2021-11-22,1445.1016845703125,,,,,
2021-11-23,1445.2926025390625,,,,,
2021-11-24,1447.6766357421875,,,,,
2021-11-25,1455.2103271484375,,,,,
2021-11-26,1420.831787109375,,,,,
2021-11-29,1431.6553955078125,,,,,
2021-11-30,1424.3125,,,,,
2021-12-01,1434.89794921875,,,,,
2021-12-02,1455.0196533203125,,,,,
2021-12-03,1443.38525390625,,,,,
2021-12-06,1434.08740234375,,,,,
2021-12-07,1454.9720458984375,,,,,
2021-12-08,1481.76953125,,,,,
2021-12-09,1456.0687255859375,,,,,
2021-12-10,1451.9681396484375,,,,,
2021-12-13,1441.0965576171875,,,,,
2021-12-14,1432.7998046875,,,,,
2021-12-15,1430.4635009765625,,,,,
2021-12-16,1430.558837890625,,,,,
2021-12-17,1404.762939453125,,,,,
2021-12-20,1359.5601806640625,,,,,
2021-12-21,1374.96142578125,,,,,
2021-12-22,1378.2037353515625,,,,,
2021-12-23,1377.15478515625,,,,,
2021-12-24,1372.1959228515625,,,,,
2021-12-27,1383.5443115234375,,,,,
2021-12-28,1393.08056640625,,,,,
2021-12-29,1386.452880859375,,,,,
2021-12-30,1393.7481689453125,,,,,
2021-12-31,1410.8184814453125,,,,,
2022-01-03,1449.20263671875,,,,,
2022-01-04,1457.6900634765625,,,,,
2022-01-05,1492.30712890625,,,,,
2022-01-06,1468.3707275390625,,,,,
2022-01-07,1478.670166015625,,,,,
2022-01-10,1486.8714599609375,,,,,
2022-01-11,1493.30859375,,,,,
2022-01-12,1484.4874267578125,,,,,
2022-01-13,1457.1654052734375,,,,,
2022-01-14,1473.5203857421875,,,,,
2022-01-17,1450.966796875,,,,,
2022-01-18,1458.357421875,,,,,
2022-01-19,1448.05810546875,,,,,
2022-01-20,1439.0462646484375,,,,,
2022-01-21,1451.0621337890625,,,,,
2022-01-24,1417.732421875,,,,,
2022-01-25,1419.0675048828125,,,,,
2022-01-27,1406.57470703125,,,,,
2022-01-28,1395.4169921875,,,,,
2022-01-31,1416.826416015625,,,,,
2022-02-01,1427.6024169921875,,,,,
2022-02-02,1460.217041015625,,,,,
2022-02-03,1445.1016845703125,,,,,
2022-02-04,1453.3509521484375,,,,,
2022-02-07,1400.0899658203125,,,,,
2022-02-08,1394.0819091796875,,,,,
2022-02-09,1428.1746826171875,,,,,
2022-02-10,1454.399658203125,,,,,
2022-02-11,1448.4395751953125,,,,,
2022-02-14,1405.3826904296875,,,,,
2022-02-15,1447.4383544921875,,,,,
2022-02-16,1445.4832763671875,,,,,
2022-02-17,1436.662109375,,,,,
2022-02-18,1442.2408447265625,,,,,
2022-02-21,1451.538818359375,,,,,
2022-02-22,1440.66748046875,,,,,
2022-02-23,1431.3216552734375,,,,,
2022-02-24,1353.599853515625,,,,,
2022-02-25,1388.5985107421875,,,,,
2022-02-28,1360.13232421875,,,,,
2022-03-02,1310.54296875,,,,,
2022-03-03,1307.443603515625,,,,,
2022-03-04,1303.1522216796875,,,,,
2022-03-07,1263.3853759765625,,,,,
2022-03-08,1266.246337890625,,,,,
2022-03-09,1307.5865478515625,,,,,
2022-03-10,1328.137451171875,,,,,
2022-03-11,1332.047607421875,,,,,
2022-03-14,1375.6766357421875,,,,,
2022-03-15,1357.986572265625,,,,,
2022-03-16,1381.01708984375,,,,,
2022-03-17,1411.4383544921875,,,,,
2022-03-21,1417.5892333984375,,,,,
2022-03-22,1424.8846435546875,,,,,
2022-03-23,1410.67529296875,,,,,
2022-03-24,1375.77197265625,,,,,
2022-03-25,1364.566650390625,,,,,
2022-03-28,1366.378662109375,,,,,
2022-03-29,1384.4979248046875,,,,,
2022-03-30,1408.48193359375,,,,,
2022-03-31,1402.18798828125,,,,,
2022-04-01,1436.185302734375,,,,,
2022-04-04,1579.9945068359375,,,,,
2022-04-05,1533.6951904296875,,,,,
2022-04-06,1478.9561767578125,,,,,
2022-04-07,1446.43701171875,,,,,
2022-04-08,1444.434326171875,,,,,
2022-04-11,1426.791748046875,,,,,
2022-04-12,1424.2647705078125,,,,,
2022-04-13,1397.0382080078125,,,,,
2022-04-18,1330.760009765625,,,,,
2022-04-19,1279.9786376953125,,,,,
2022-04-20,1291.517822265625,,,,,
2022-04-21,1310.6383056640625,,,,,
2022-04-22,1292.757568359375,,,,,
2022-04-25,1302.4368896484375,,,,,
2022-04-26,1308.445068359375,,,,,
2022-04-27,1308.921875,,,,,
2022-04-28,1307.77734375,,,,,
2022-04-29,1320.4130859375,,,,,
2022-05-02,1338.627685546875,,,,,
2022-05-04,1293.138916015625,,,,,
2022-05-05,1290.2303466796875,,,,,
2022-05-06,1256.5191650390625,,,,,
2022-05-09,1258.6646728515625,,,,,
2022-05-10,1278.882080078125,,,,,
2022-05-11,1286.08203125,,,,,
2022-05-12,1257.091796875,,,,,
2022-05-13,1245.804443359375,,,,,
2022-05-16,1259.0694580078125,,,,,
2022-05-17,1267.6556396484375,,,,,
2022-05-18,1267.5592041015625,,,,,
2022-05-19,1241.6561279296875,,,,,
2022-05-20,1274.3604736328125,,,,,
2022-05-23,1258.00830078125,,,,,
2022-05-24,1272.4310302734375,,,,,
2022-05-25,1281.9337158203125,,,,,
2022-05-26,1318.496826171875,,,,,
2022-05-27,1342.952880859375,,,,,
2022-05-30,1352.1177978515625,,,,,
2022-05-31,1339.962158203125,,,,,
2022-06-01,1345.6541748046875,,,,,
2022-06-02,1336.2479248046875,,,,,
2022-06-03,1331.6173095703125,,,,,
2022-06-06,1329.832275390625,,,,,
2022-06-07,1314.54150390625,,,,,
2022-06-08,1319.1722412109375,,,,,
2022-06-09,1329.10888671875,,,,,
2022-06-10,1303.4471435546875,,,,,
2022-06-13,1279.8111572265625,,,,,
2022-06-14,1265.7261962890625,,,,,
2022-06-15,1261.3365478515625,,,,,
2022-06-16,1236.1090087890625,,,,,
2022-06-17,1244.2608642578125,,,,,
2022-06-20,1275.5181884765625,,,,,
2022-06-21,1289.4102783203125,,,,,
2022-06-22,1283.33251953125,,,,,
2022-06-23,1288.0596923828125,,,,,
2022-06-24,1306.052001953125,,,,,
2022-06-27,1308.41552734375,,,,,
2022-06-28,1298.4305419921875,,,,,
2022-06-29,1296.54931640625,,,,,
2022-06-30,1300.45654296875,,,,,
2022-07-01,1306.003662109375,,,,,
2022-07-04,1307.8367919921875,,,,,
2022-07-05,1304.8941650390625,,,,,
2022-07-06,1322.8863525390625,,,,,
2022-07-07,1346.5706787109375,,,,,
2022-07-08,1347.82470703125,,,,,
2022-07-11,1356.5555419921875,,,,,
2022-07-12,1342.711669921875,,,,,
2022-07-13,1309.958984375,,,,,
2022-07-14,1303.39892578125,,,,,
2022-07-15,1314.0108642578125,,,,,
2022-07-18,1300.0224609375,,,,,
2022-07-19,1300.5047607421875,,,,,
2022-07-20,1316.905029296875,,,,,
2022-07-21,1312.7567138671875,,,,,
2022-07-22,1343.386962890625,,,,,
2022-07-25,1347.3421630859375,,,,,
2022-07-26,1344.5928955078125,,,,,
2022-07-27,1354.8673095703125,,,,,
2022-07-28,1366.878173828125,,,,,
2022-07-29,1383.6160888671875,,,,,
2022-08-01,1395.1446533203125,,,,,
2022-08-02,1379.8055419921875,,,,,
2022-08-03,1383.037353515625,,,,,
2022-08-04,1381.3973388671875,,,,,
2022-08-05,1376.7183837890625,,,,,
2022-08-08,1410.48388671875,,,,,
2022-08-10,1414.5841064453125,,,,,
2022-08-11,1433.2998046875,,,,,
2022-08-12,1432.769287109375,,,,,
2022-08-16,1449.169677734375,,,,,
2022-08-17,1456.6463623046875,,,,,
2022-08-18,1458.3826904296875,,,,,
2022-08-19,1440.390625,,,,,
2022-08-22,1418.4912109375,,,,,
2022-08-23,1414.101806640625,,,,,
2022-08-24,1420.903076171875,,,,,
2022-08-25,1413.185302734375,,,,,
2022-08-26,1413.4263916015625,,,,,
2022-08-29,1388.6328125,,,,,
2022-08-30,1433.6856689453125,,,,,
2022-09-01,1420.227783203125,,,,,
2022-09-02,1433.10693359375,,,,,
2022-09-05,1442.3201904296875,,,,,
2022-09-06,1436.8211669921875,,,,,
2022-09-07,1430.0198974609375,,,,,
2022-09-08,1444.780029296875,,,,,
2022-09-09,1445.7447509765625,,,,,
2022-09-12,1440.8729248046875,,,,,
2022-09-13,1459.7335205078125,,,,,
2022-09-14,1474.735107421875,,,,,
2022-09-15,1467.0653076171875,,,,,
2022-09-16,1440.1011962890625,,,,,
2022-09-19,1449.603759765625,,,,,
2022-09-20,1467.0653076171875,,,,,
2022-09-21,1464.7982177734375,,,,,
2022-09-22,1433.5892333984375,,,,,
2022-09-23,1395.1446533203125,,,,,
2022-09-26,1376.33251953125,,,,,
2022-09-27,1363.9840087890625,,,,,
2022-09-28,1340.5408935546875,,,,,
2022-09-29,1333.5948486328125,,,,,
2022-09-30,1371.219482421875,,,,,
2022-10-03,1363.3568115234375,,,,,
2022-10-04,1401.753173828125,,,,,
2022-10-06,1386.3175048828125,,,,,
2022-10-07,1380.336181640625,,,,,
2022-10-10,1365.0933837890625,,,,,
2022-10-11,1351.24951171875,,,,,
2022-10-12,1360.076904296875,,,,,
2022-10-13,1344.4481201171875,,,,,
2022-10-14,1388.246826171875,,,,,
2022-10-17,1395.53076171875,,,,,
2022-10-18,1392.92578125,,,,,
2022-10-19,1407.2039794921875,,,,,
2022-10-20,1397.7012939453125,,,,,
2022-10-21,1387.8609619140625,,,,,
2022-10-24,1409.519287109375,,,,,
2022-10-25,1399.7271728515625,,,,,
2022-10-27,1403.103759765625,,,,,
2022-10-28,1407.251953125,,,,,
2022-10-31,1443.911865234375,,,,,
2022-11-01,1459.878173828125,,,,,
2022-11-02,1460.7945556640625,,,,,
2022-11-03,1454.379150390625,,,,,
2022-11-04,1444.345947265625,,,,,
2022-11-07,1455.585205078125,,,,,
2022-11-09,1455.1510009765625,,,,,
2022-11-10,1470.9725341796875,,,,,
2022-11-11,1554.3251953125,,,,,
2022-11-14,1558.0877685546875,,,,,
2022-11-15,1561.8984375,,,,,
2022-11-16,1575.3082275390625,,,,,
2022-11-17,1561.078369140625,,,,,
2022-11-18,1556.9783935546875,,,,,
2022-11-21,1541.011962890625,,,,,
2022-11-22,1538.7447509765625,,,,,
2022-11-23,1542.7484130859375,,,,,
2022-11-24,1567.83154296875,,,,,
2022-11-25,1560.5960693359375,,,,,
2022-11-28,1543.8096923828125,,,,,
2022-11-29,1541.4942626953125,,,,,
2022-11-30,1551.720458984375,,,,,
2022-12-01,1562.3807373046875,,,,,
2022-12-02,1550.4180908203125,,,,,
2022-12-05,1556.061767578125,,,,,
2022-12-06,1554.3251953125,,,,,
2022-12-07,1553.64990234375,,,,,
2022-12-08,1562.3807373046875,,,,,
2022-12-09,1573.5234375,,,,,
2022-12-12,1585.775390625,,,,,
2022-12-13,1590.1649169921875,,,,,
2022-12-14,1603.6229248046875,,,,,
2022-12-15,1574.2469482421875,,,,,
2022-12-16,1581.820068359375,,,,,
2022-12-19,1586.740234375,,,,,
2022-12-20,1575.7906494140625,,,,,
2022-12-21,1560.547607421875,,,,,
2022-12-22,1555.193603515625,,,,,
2022-12-23,1541.3013916015625,,,,,
2022-12-26,1571.9798583984375,,,,,
2022-12-27,1573.5716552734375,,,,,
2022-12-28,1572.317626953125,,,,,
2022-12-29,1583.4119873046875,,,,,
2022-12-30,1570.7257080078125,,,,,
2023-01-02,1571.256103515625,,,,,
2023-01-03,1581.5306396484375,,,,,
2023-01-04,1553.2640380859375,,,,,
2023-01-05,1543.279052734375,,,,,
2023-01-06,1538.166015625,,,,,
2023-01-09,1541.1566162109375,,,,,
2023-01-10,1512.986572265625,,,,,
2023-01-11,1534.78955078125,,,,,
2023-01-12,1542.98974609375,,,,,
2023-01-13,1544.1956787109375,,,,,
2023-01-16,1529.386962890625,,,,,
2023-01-17,1552.1546630859375,,,,,
2023-01-18,1579.5528564453125,,,,,
2023-01-19,1586.113037109375,,,,,
2023-01-20,1602.36865234375,,,,,
2023-01-23,1614.0902099609375,,,,,
2023-01-24,1635.7001953125,,,,,
2023-01-25,1590.502685546875,,,,,
2023-01-27,1558.811279296875,,,,,
2023-01-30,1557.219482421875,,,,,
2023-01-31,1546.9449462890625,,,,,
2023-02-01,1570.1468505859375,,,,,
2023-02-02,1546.80029296875,,,,,
2023-02-03,1600.2945556640625,,,,,
2023-02-06,1593.4932861328125,,,,,
2023-02-07,1595.8568115234375,,,,,
2023-02-08,1595.6639404296875,,,,,
2023-02-09,1592.3355712890625,,,,,
2023-02-10,1598.654541015625,,,,,
2023-02-13,1599.8604736328125,,,,,
2023-02-14,1614.6690673828125,,,,,
2023-02-15,1611.3890380859375,,,,,
2023-02-16,1605.5523681640625,,,,,
2023-02-17,1597.4969482421875,,,,,
2023-02-20,1582.495361328125,,,,,
2023-02-21,1588.428466796875,,,,,
2023-02-22,1557.267578125,,,,,
2023-02-23,1546.703857421875,,,,,
2023-02-24,1532.908203125,,,,,
2023-02-27,1536.718994140625,,,,,
2023-02-28,1543.1826171875,,,,,
2023-03-01,1541.6873779296875,,,,,
2023-03-02,1528.56689453125,,,,,
2023-03-03,1558.90771484375,,,,,
2023-03-06,1569.90576171875,,,,,
2023-03-08,1573.041015625,,,,,
2023-03-09,1573.1856689453125,,,,,
2023-03-10,1532.6187744140625,,,,,
2023-03-13,1513.227783203125,,,,,
2023-03-14,1509.1759033203125,,,,,
2023-03-15,1487.5177001953125,,,,,
2023-03-16,1497.1649169921875,,,,,
2023-03-17,1517.18310546875,,,,,
2023-03-20,1506.6676025390625,,,,,
2023-03-21,1523.7431640625,,,,,
2023-03-22,1520.2220458984375,,,,,
2023-03-23,1508.0181884765625,,,,,
2023-03-24,1505.6064453125,,,,,
2023-03-27,1512.16650390625,,,,,
2023-03-28,1524.466796875,,,,,
2023-03-29,1531.798828125,,,,,
2023-03-31,1552.78173828125,,,,,
2023-04-03,1553.746337890625,,,,,
2023-04-05,1595.4227294921875,,,,,
2023-04-06,1607.578369140625,,,,,
2023-04-10,1599.9569091796875,,,,,
2023-04-11,1604.635986328125,,,,,
2023-04-12,1625.47412109375,,,,,
2023-04-13,1632.7578125,,,,,
2023-04-17,1607.8677978515625,,,,,
2023-04-18,1601.06640625,,,,,
2023-04-19,1606.951171875,,,,,
2023-04-20,1612.9326171875,,,,,
2023-04-21,1615.5374755859375,,,,,
2023-04-24,1628.609375,,,,,
2023-04-25,1605.4559326171875,,,,,
2023-04-26,1612.836181640625,,,,,
2023-04-27,1621.711669921875,,,,,
2023-04-28,1628.0787353515625,,,,,
2023-05-02,1627.7413330078125,,,,,
2023-05-03,1633.4332275390625,,,,,
2023-05-04,1666.861083984375,,,,,
2023-05-05,1568.3138427734375,,,,,
2023-05-08,1586.45068359375,,,,,
2023-05-09,1586.4990234375,,,,,
2023-05-10,1593.8309326171875,,,,,
2023-05-11,1594.8922119140625,,,,,
2023-05-12,1608.977294921875,,,,,
2023-05-15,1616.695068359375,,,,,
2023-05-16,1607.4251708984375,,,,,
2023-05-17,1598.7891845703125,,,,,
2023-05-18,1605.1806640625,,,,,
2023-05-19,1607.0347900390625,,,,,
2023-05-22,1601.3262939453125,,,,,
2023-05-23,1597.5694580078125,,,,,
2023-05-24,1576.6876220703125,,,,,
2023-05-25,1570.6375732421875,,,,,
2023-05-26,1576.6876220703125,,,,,
2023-05-29,1595.91064453125,,,,,
2023-05-30,1597.13037109375,,,,,
2023-05-31,1571.8572998046875,,,,,
2023-06-01,1565.173095703125,,,,,
2023-06-02,1567.6126708984375,,,,,
2023-06-05,1565.5634765625,,,,,
2023-06-06,1560.6845703125,,,,,
2023-06-07,1568.7835693359375,,,,,
2023-06-08,1569.75927734375,,,,,
2023-06-09,1571.6134033203125,,,,,
2023-06-12,1562.0506591796875,,,,,
2023-06-13,1564.6851806640625,,,,,
2023-06-14,1562.9775390625,,,,,
2023-06-15,1543.7545166015625,,,,,
2023-06-16,1563.953369140625,,,,,
2023-06-19,1565.319580078125,,,,,
2023-06-20,1568.5885009765625,,,,,
2023-06-21,1596.00830078125,,,,,
2023-06-22,1603.8145751953125,,,,,
2023-06-23,1603.717041015625,,,,,
2023-06-26,1595.95947265625,,,,,
2023-06-27,1618.4515380859375,,,,,
2023-06-28,1635.5767822265625,,,,,
2023-06-30,1660.2154541015625,,,,,
2023-07-03,1678.170166015625,,,,,
2023-07-04,1686.36669921875,,,,,
2023-07-05,1632.795654296875,,,,,
2023-07-06,1634.45458984375,,,,,
2023-07-07,1620.2080078125,,,,,
2023-07-10,1616.353515625,,,,,
2023-07-11,1608.4984130859375,,,,,
2023-07-12,1593.42236328125,,,,,
2023-07-13,1601.3751220703125,,,,,
2023-07-14,1604.69287109375,,,,,
2023-07-17,1638.2601318359375,,,,,
2023-07-18,1636.89404296875,,,,,
2023-07-19,1644.31005859375,,,,,
2023-07-20,1647.8717041015625,,,,,
2023-07-21,1635.1864013671875,,,,,
2023-07-24,1637.772216796875,,,,,
2023-07-25,1655.5316162109375,,,,,
2023-07-26,1649.7744140625,,,,,
2023-07-27,1632.6492919921875,,,,,
2023-07-28,1603.717041015625,,,,,
2023-07-31,1611.2305908203125,,,,,
2023-08-01,1622.01318359375,,,,,
2023-08-02,1600.7896728515625,,,,,
2023-08-03,1589.2265625,,,,,
2023-08-04,1612.2064208984375,,,,,
2023-08-07,1611.2794189453125,,,,,
2023-08-08,1609.962158203125,,,,,
2023-08-09,1610.5474853515625,,,,,
2023-08-10,1596.252197265625,,,,,
2023-08-11,1579.614990234375,,,,,
2023-08-14,1571.90625,,,,,
2023-08-16,1567.31982421875,,,,,
2023-08-17,1558.635498046875,,,,,
2023-08-18,1552.243896484375,,,,,
2023-08-21,1551.024169921875,,,,,
2023-08-22,1544.388671875,,,,,
2023-08-23,1548.1943359375,,,,,
2023-08-24,1541.071044921875,,,,,
2023-08-25,1523.701904296875,,,,,
2023-08-28,1539.55859375,,,,,
2023-08-29,1551.8048095703125,,,,,
2023-08-30,1540.4854736328125,,,,,
2023-08-31,1533.4110107421875,,,,,
2023-09-01,1536.5823974609375,,,,,
2023-09-04,1546.194091796875,,,,,
2023-09-05,1536.777587890625,,,,,
2023-09-06,1556.87890625,,,,,
2023-09-07,1571.8572998046875,,,,,
2023-09-08,1584.103515625,,,,,
2023-09-11,1592.30029296875,,,,,
2023-09-12,1597.2767333984375,,,,,
2023-09-13,1604.107421875,,,,,
2023-09-14,1603.131591796875,,,,,
2023-09-15,1621.5252685546875,,,,,
2023-09-18,1589.6168212890625,,,,,
2023-09-20,1525.8486328125,,,,,
2023-09-21,1515.749267578125,,,,,
2023-09-22,1492.6229248046875,,,,,
2023-09-25,1493.940185546875,,,,,
2023-09-26,1500.42919921875,,,,,
2023-09-27,1489.890625,,,,,
2023-09-28,1486.81689453125,,,,,
2023-09-29,1489.35400390625,,,,,
2023-10-03,1471.5457763671875,,,,,
2023-10-04,1492.5252685546875,,,,,
2023-10-05,1498.5751953125,,,,,
2023-10-06,1496.91650390625,,,,,
2023-10-09,1479.5472412109375,,,,,
2023-10-10,1487.9390869140625,,,,,
2023-10-11,1502.33203125,,,,,
2023-10-12,1512.3338623046875,,,,,
2023-10-13,1498.5751953125,,,,,
2023-10-16,1492.5740966796875,,,,,
2023-10-17,1503.893310546875,,,,,
2023-10-18,1482.9625244140625,,,,,
2023-10-19,1478.2786865234375,,,,,
2023-10-20,1485.938720703125,,,,,
2023-10-23,1469.59423828125,,,,,
2023-10-25,1460.275390625,,,,,
2023-10-26,1427.9766845703125,,,,,
2023-10-27,1433.58740234375,,,,,
2023-10-30,1449.1512451171875,,,,,
2023-10-31,1440.759521484375,,,,,
2023-11-01,1438.8079833984375,,,,,
2023-11-02,1441.00341796875,,,,,
2023-11-03,1447.833984375,,,,,
2023-11-06,1458.32373046875,,,,,
2023-11-07,1451.2491455078125,,,,,
2023-11-08,1455.4451904296875,,,,,
2023-11-09,1449.68798828125,,,,,
2023-11-10,1455.3963623046875,,,,,
2023-11-13,1452.76171875,,,,,
2023-11-15,1467.984130859375,,,,,
2023-11-16,1471.8385009765625,,,,,
2023-11-17,1468.667236328125,,,,,
2023-11-20,1468.7647705078125,,,,,
2023-11-21,1481.2060546875,,,,,
2023-11-22,1475.936767578125,,,,,
2023-11-23,1484.47509765625,,,,,
2023-11-24,1495.0135498046875,,,,,
2023-11-28,1491.647216796875,,,,,
2023-11-29,1521.4088134765625,,,,,
2023-11-30,1521.0672607421875,,,,,
2023-12-01,1517.7496337890625,,,,,
2023-12-04,1570.4425048828125,,,,,
2023-12-05,1584.396240234375,,,,,
2023-12-06,1588.3970947265625,,,,,
2023-12-07,1590.9827880859375,,,,,
2023-12-08,1613.1822509765625,,,,,
2023-12-11,1611.035400390625,,,,,
2023-12-12,1595.0323486328125,,,,,
2023-12-13,1591.4219970703125,,,,,
2023-12-14,1610.2060546875,,,,,
2023-12-15,1616.451171875,,,,,
2023-12-18,1615.6217041015625,,,,,
2023-12-19,1612.8895263671875,,,,,
2023-12-20,1616.8902587890625,,,,,
2023-12-21,1645.8712158203125,,,,,
2023-12-22,1630.405029296875,,,,,
2023-12-26,1641.7242431640625,,,,,
2023-12-27,1662.069580078125,,,,,
2023-12-28,1663.9722900390625,,,,,
2023-12-29,1667.87548828125,,,,,
2024-01-01,1656.9952392578125,,,,,
2024-01-02,1657.9710693359375,,,,,
2024-01-03,1632.4052734375,,,,,
2024-01-04,1649.9208984375,,,,,
2024-01-05,1641.480224609375,,,,,
2024-01-08,1623.1839599609375,,,,,
2024-01-09,1610.5474853515625,,,,,
2024-01-10,1615.8656005859375,,,,,
2024-01-11,1609.0838623046875,,,,,
2024-01-12,1601.47265625,,,,,
2024-01-15,1632.3077392578125,,,,,
2024-01-16,1638.504150390625,,,,,
2024-01-17,1500.2828369140625,,,,,
2024-01-18,1450.1759033203125,,,,,
2024-01-19,1435.051025390625,,,,,
2024-01-23,1392.7991943359375,,,,,
2024-01-24,1420.6580810546875,,,,,
2024-01-25,1400.16650390625,,,,,
2024-01-29,1419.4383544921875,,,,,
2024-01-30,1409.3388671875,,,,,
2024-01-31,1427.1470947265625,,,,,
2024-02-01,1430.8551025390625,,,,,
2024-02-02,1411.1441650390625,,,,,
2024-02-05,1409.8756103515625,,,,,
2024-02-06,1409.1436767578125,,,,,
2024-02-07,1395.336181640625,,,,,
2024-02-08,1369.0875244140625,,,,,
2024-02-09,1369.6240234375,,,,,
2024-02-12,1356.353271484375,,,,,
2024-02-13,1360.695556640625,,,,,
2024-02-14,1350.54736328125,,,,,
2024-02-15,1379.8211669921875,,,,,
2024-02-16,1385.529541015625,,,,,
2024-02-19,1382.7972412109375,,,,,
2024-02-20,1419.096923828125,,,,,
2024-02-21,1404.3135986328125,,,,,
2024-02-22,1385.1881103515625,,,,,
2024-02-23,1386.2125244140625,,,,,
2024-02-26,1387.8714599609375,,,,,
2024-02-27,1385.7735595703125,,,,,
2024-02-28,1375.28369140625,,,,,
2024-02-29,1369.428955078125,,,,,
2024-03-01,1396.116943359375,,,,,
2024-03-04,1398.0196533203125,,,,,
2024-03-05,1405.972412109375,,,,,
2024-03-06,1407.6800537109375,,,,,
2024-03-07,1411.0953369140625,,,,,
2024-03-11,1393.23828125,,,,,
2024-03-12,1424.2197265625,,,,,
2024-03-13,1425.0491943359375,,,,,
2024-03-14,1420.218994140625,,,,,
2024-03-15,1417.48681640625,,,,,
2024-03-18,1411.0465087890625,,,,,
2024-03-19,1414.2666015625,,,,,
2024-03-20,1396.40966796875,,,,,
2024-03-21,1410.7537841796875,,,,,
2024-03-22,1407.9239501953125,,,,,
2024-03-26,1390.8963623046875,,,,,
2024-03-27,1405.8260498046875,,,,,
2024-03-28,1412.851806640625,,,,,
2024-04-01,1434.9046630859375,,,,,
2024-04-02,1444.3211669921875,,,,,
2024-04-03,1446.419189453125,,,,,
2024-04-04,1490.62255859375,,,,,
2024-04-05,1512.041259765625,,,,,
2024-04-08,1509.16259765625,,,,,
2024-04-09,1511.0654296875,,,,,
2024-04-10,1499.16064453125,,,,,
2024-04-12,1482.181884765625,,,,,
2024-04-15,1458.518798828125,,,,,
2024-04-16,1472.716796875,,,,,
2024-04-18,1458.518798828125,,,,,
2024-04-19,1494.2330322265625,,,,,
2024-04-22,1475.59521484375,,,,,
2024-04-23,1471.106689453125,,,,,
2024-04-24,1475.1072998046875,,,,,
2024-04-25,1474.180419921875,,,,,
2024-04-26,1473.25341796875,,,,,
2024-04-29,1492.4765625,,,,,
2024-04-30,1483.303955078125,,,,,
2024-05-02,1495.159912109375,,,,,
2024-05-03,1482.8160400390625,,,,,
2024-05-06,1485.7923583984375,,,,,
2024-05-07,1469.6917724609375,,,,,
2024-05-08,1446.7606201171875,,,,,
2024-05-09,1412.46142578125,,,,,
2024-05-10,1422.253662109375,,,,,
2024-05-13,1439.4149169921875,,,,,
2024-05-14,1445.0528564453125,,,,,
2024-05-15,1422.84716796875,,,,,
2024-05-16,1444.3604736328125,,,,,
2024-05-17,1448.1685791015625,,,,,
2024-05-21,1442.92626953125,,,,,
2024-05-22,1443.3218994140625,,,,,
2024-05-23,1476.3583984375,,,,,
2024-05-24,1500.6907958984375,,,,,
2024-05-27,1511.0765380859375,,,,,
2024-05-28,1513.8460693359375,,,,,
2024-05-29,1491.8876953125,,,,,
2024-05-30,1498.3663330078125,,,,,
2024-05-31,1514.8846435546875,,,,,
2024-06-03,1555.09228515625,,,,,
2024-06-04,1467.0113525390625,,,,,
2024-06-05,1534.914306640625,,,,,
2024-06-06,1542.728271484375,,,,,
2024-06-07,1556.229736328125,,,,,
2024-06-10,1544.31103515625,,,,,
2024-06-11,1547.77294921875,,,,,
2024-06-12,1557.0211181640625,,,,,
2024-06-13,1563.54931640625,,,,,
2024-06-14,1579.5235595703125,,,,,
2024-06-18,1590.304931640625,,,,,
2024-06-19,1639.810302734375,,,,,
2024-06-20,1651.1851806640625,,,,,
2024-06-21,1647.6243896484375,,,,,
2024-06-24,1654.2020263671875,,,,,
2024-06-25,1692.7281494140625,,,,,
2024-06-26,1682.9853515625,,,,,
2024-06-27,1677.693603515625,,,,,
2024-06-28,1665.47802734375,,,,,
2024-07-01,1686.64501953125,,,,,
2024-07-02,1711.7686767578125,,,,,
2024-07-03,1749.4046630859375,,,,,
2024-07-04,1708.3563232421875,,,,,
2024-07-05,1630.1663818359375,,,,,
2024-07-08,1617.55517578125,,,,,
2024-07-09,1618.692626953125,,,,,
2024-07-10,1608.40576171875,,,,,
2024-07-11,1604.2515869140625,,,,,
2024-07-12,1605.042724609375,,,,,
2024-07-15,1604.4493408203125,,,,,
2024-07-16,1602.1248779296875,,,,,
2024-07-18,1597.2288818359375,,,,,
2024-07-19,1589.8104248046875,,,,,
2024-07-22,1624.6768798828125,,,,,
2024-07-23,1600.7896728515625,,,,,
2024-07-24,1586.5958251953125,,,,,
2024-07-25,1599.0091552734375,,,,,
2024-07-26,1600.5423583984375,,,,,
2024-07-29,1587.5849609375,,,,,
2024-07-30,1597.970703125,,,,,
2024-07-31,1598.16845703125,,,,,
2024-08-01,1620.9676513671875,,,,,
2024-08-02,1641.09619140625,,,,,
2024-08-05,1598.16845703125,,,,,
2024-08-06,1583.7767333984375,,,,,
2024-08-07,1605.8341064453125,,,,,
2024-08-08,1624.8251953125,,,,,
2024-08-09,1632.2435302734375,,,,,
2024-08-12,1642.0357666015625,,,,,
2024-08-13,1585.7550048828125,,,,,
2024-08-14,1590.304931640625,,,,,
2024-08-16,1614.3404541015625,,,,,
2024-08-19,1613.7965087890625,,,,,
2024-08-20,1619.8795166015625,,,,,
2024-08-21,1608.109130859375,,,,,
2024-08-22,1613.54931640625,,,,,
2024-08-23,1607.3673095703125,,,,,
2024-08-26,1622.1051025390625,,,,,
2024-08-27,1619.9290771484375,,,,,
2024-08-28,1619.2861328125,,,,,
2024-08-29,1620.7203369140625,,,,,
2024-08-30,1619.08837890625,,,,,
2024-09-02,1609.2464599609375,,,,,
2024-09-03,1619.5333251953125,,,,,
2024-09-04,1623.93505859375,,,,,
2024-09-05,1627.545166015625,,,,,
2024-09-06,1619.1376953125,,,,,
2024-09-09,1628.5838623046875,,,,,
2024-09-10,1632.3919677734375,,,,,
2024-09-11,1626.01220703125,,,,,
2024-09-12,1648.465087890625,,,,,
2024-09-13,1647.8221435546875,,,,,
2024-09-16,1652.7677001953125,,,,,
2024-09-17,1650.6412353515625,,,,,
2024-09-18,1676.3582763671875,,,,,
2024-09-19,1689.9091796875,,,,,
2024-09-20,1722.2532958984375,,,,,
2024-09-23,1740.6510009765625,,,,,
2024-09-24,1748.811279296875,,,,,
2024-09-25,1759.740966796875,,,,,
2024-09-26,1764.0435791015625,,,,,
2024-09-27,1733.578857421875,,,,,
2024-09-30,1713.2030029296875,,,,,
2024-10-01,1707.41650390625,,,,,
2024-10-03,1663.697509765625,,,,,
2024-10-04,1639.612548828125,,,,,
2024-10-07,1600.1961669921875,,,,,
2024-10-08,1633.0843505859375,,,,,
2024-10-09,1615.379150390625,,,,,
2024-10-10,1644.310791015625,,,,,
2024-10-11,1633.034912109375,,,,,
2024-10-14,1669.731201171875,,,,,
2024-10-15,1665.774658203125,,,,,
2024-10-16,1681.303955078125,,,,,
2024-10-17,1654.94384765625,,,,,
2024-10-18,1663.5491943359375,,,,,
2024-10-21,1709.8892822265625,,,,,
2024-10-22,1695.8934326171875,,,,,
2024-10-23,1716.9122314453125,,,,,
2024-10-24,1730.6114501953125,,,,,
2024-10-25,1724.429443359375,,,,,
2024-10-28,1715.3294677734375,,,,,
2024-10-29,1732.7874755859375,,,,,
2024-10-30,1715.7252197265625,,,,,
2024-10-31,1716.8131103515625,,,,,
2024-11-01,1718.3958740234375,,,,,
2024-11-04,1695.4482421875,,,,,
2024-11-05,1738.72216796875,,,,,
2024-11-06,1736.1505126953125,,,,,
2024-11-07,1727.545166015625,,,,,
2024-11-08,1735.359130859375,,,,,
2024-11-11,1747.080322265625,,,,,
2024-11-12,1699.5035400390625,,,,,
2024-11-13,1663.0545654296875,,,,,
2024-11-14,1674.33056640625,,,,,
2024-11-18,1686.546142578125,,,,,
2024-11-19,1723.2919921875,,,,,
2024-11-21,1722.2532958984375,,,,,
2024-11-22,1726.60546875,,,,,
2024-11-25,1766.170166015625,,,,,
2024-11-26,1766.120849609375,,,,,
2024-11-27,1792.5797119140625,,,,,
2024-11-28,1773.6380615234375,,,,,
2024-11-29,1776.506591796875,,,,,
2024-12-02,1785.0623779296875,,,,,
2024-12-03,1806.4273681640625,,,,,
2024-12-04,1839.8594970703125,,,,,
2024-12-05,1845.4481201171875,,,,,
2024-12-06,1835.65576171875,,,,,
2024-12-09,1849.65185546875,,,,,
2024-12-10,1847.7724609375,,,,,
2024-12-11,1842.826904296875,,,,,
2024-12-12,1839.018798828125,,,,,
2024-12-13,1851.3828125,,,,,
2024-12-16,1844.904052734375,,,,,
2024-12-17,1813.3017578125,,,,,
2024-12-18,1790.9970703125,,,,,
2024-12-19,1773.9842529296875,,,,,
2024-12-20,1752.2236328125,,,,,
2024-12-23,1781.4027099609375,,,,,
2024-12-24,1778.5341796875,,,,,
2024-12-26,1771.26416015625,,,,,
2024-12-27,1778.6826171875,,,,,
2024-12-30,1758.5540771484375,,,,,
2024-12-31,1753.5589599609375,,,,,
2025-01-01,1763.3511962890625,,,,,
2025-01-02,1774.2315673828125,,,,,
2025-01-03,1730.166259765625,,,,,
2025-01-06,1691.887451171875,,,,,
2025-01-07,1694.755859375,,,,,
2025-01-08,1675.86376953125,,,,,
2025-01-09,1649.652099609375,,,,,
2025-01-10,1638.7222900390625,,,,,
2025-01-13,1613.1041259765625,,,,,
2025-01-14,1628.6827392578125,,,,,
2025-01-15,1625.17138671875,,,,,
2025-01-16,1634.073486328125,,,,,
2025-01-17,1618.93994140625,,,,,
2025-01-20,1633.2821044921875,,,,,
2025-01-21,1624.5284423828125,,,,,
2025-01-22,1647.921142578125,,,,,
2025-01-23,1646.78369140625,,,,,
2025-01-24,1631.8480224609375,,,,,
2025-01-27,1612.0655517578125,,,,,
2025-01-28,1652.2237548828125,,,,,
2025-01-29,1659.0487060546875,,,,,
2025-01-30,1673.0941162109375,,,,,
2025-01-31,1680.2652587890625,,,,,
2025-02-01,1672.550048828125,,,,,
2025-02-03,1659.7410888671875,,,,,
2025-02-04,1702.17431640625,,,,,
2025-02-05,1718.890380859375,,,,,
2025-02-06,1724.87451171875,,,,,
2025-02-07,1713.895263671875,,,,,
2025-02-10,1697.080322265625,,,,,
2025-02-11,1682.886474609375,,,,,
2025-02-12,1688.227783203125,,,,,
2025-02-13,1679.2266845703125,,,,,
2025-02-14,1676.40771484375,,,,,
2025-02-17,1698.662841796875,,,,,
2025-02-18,1704.3009033203125,,,,,
2025-02-19,1708.4056396484375,,,,,
2025-02-20,1668.7420654296875,,,,,
2025-02-21,1674.083251953125,,,,,
2025-02-24,1658.850830078125,,,,,
2025-02-25,1664.043701171875,,,,,
2025-02-27,1682.1939697265625,,,,,
2025-02-28,1713.5491943359375,,,,,
2025-03-03,1683.034912109375,,,,,
2025-03-04,1691.392822265625,,,,,
2025-03-05,1671.6104736328125,,,,,
2025-03-06,1672.79736328125,,,,,
2025-03-07,1670.86865234375,,,,,
2025-03-10,1669.1376953125,,,,,
2025-03-11,1667.159423828125,,,,,
2025-03-12,1692.5303955078125,,,,,
2025-03-13,1688.02978515625,,,,,
2025-03-17,1691.78857421875,,,,,
2025-03-18,1691.78857421875,,,,,
2025-03-19,1725.121826171875,,,,,
2025-03-20,1749.5035400390625,,,,,
2025-03-21,1751.086181640625,,,,,
2025-03-24,1780.41357421875,,,,,
2025-03-25,1801.630126953125,,,,,
2025-03-26,1786.892333984375,,,,,
2025-03-27,1805.4876708984375,,,,,
2025-03-28,1808.306640625,,,,,
2025-04-01,1748.6134033203125,,,,,
2025-04-02,1777.3472900390625,,,,,
2025-04-03,1775.319580078125,,,,,
2025-04-04,1797.525390625,,,,,
2025-04-07,1738.57373046875,,,,,
2025-04-08,1749.8992919921875,,,,,
2025-04-09,1745.79443359375,,,,,
2025-04-11,1787.090087890625,,,,,
2025-04-15,1844.607421875,,,,,
2025-04-16,1857.5648193359375,,,,,
2025-04-17,1885.9525146484375,,,,,
2025-04-21,1906.1304931640625,,,,,
2025-04-22,1940.35400390625,,,,,
2025-04-23,1902.96533203125,,,,,
2025-04-24,1895.942626953125,,,,,
2025-04-25,1890.4034423828125,,,,,
2025-04-28,1899.3055419921875,,,,,
2025-04-29,1888.0296630859375,,,,,
2025-04-30,1904.0533447265625,,,,,
2025-05-02,1900.9871826171875,,,,,
2025-05-05,1915.7249755859375,,,,,
2025-05-06,1910.680419921875,,,,,
2025-05-07,1924.42919921875,,,,,
2025-05-08,1907.5152587890625,,,,,
2025-05-09,1869.137451171875,,,,,
2025-05-12,1935.9029541015625,,,,,
2025-05-13,1901.679443359375,,,,,
2025-05-14,1889.81005859375,,,,,
2025-05-15,1912.7576904296875,,,,,
2025-05-16,1913.6478271484375,,,,,
2025-05-19,1917.604248046875,,,,,
2025-05-20,1894.0633544921875,,,,,
2025-05-21,1905.8338623046875,,,,,
2025-05-22,1899.0089111328125,,,,,
2025-05-23,1912.559814453125,,,,,
2025-05-26,1919.087890625,,,,,
2025-05-27,1905.3392333984375,,,,,
2025-05-28,1902.5697021484375,,,,,
2025-05-29,1906.526123046875,,,,,
2025-05-30,1923.73681640625,,,,,
2025-06-02,1911.0760498046875,,,,,
2025-06-03,1903.65771484375,,,,,
2025-06-04,1920.0770263671875,,,,,
2025-06-05,1928.3856201171875,,,,,
2025-06-06,1957.1689453125,,,,,
2025-06-09,1957.366943359375,,,,,
2025-06-10,1943.9149169921875,,,,,
2025-06-11,1929.177001953125,,,,,
2025-06-12,1922.253173828125,,,,,
2025-06-13,1896.73388671875,,,,,
2025-06-16,1914.3402099609375,,,,,
2025-06-17,1908.603271484375,,,,,
2025-06-18,1912.8565673828125,,,,,
2025-06-19,1914.2413330078125,,,,,
2025-06-20,1943.3212890625,,,,,
2025-06-23,1927.19873046875,,,,,
2025-06-24,1939.562744140625,,,,,
2025-06-25,1958.6527099609375,,,,,
2025-06-26,1999.800048828125,,,,,
2025-06-27,2014.9000244140625,,,,,
2025-06-30,2001.5,,,,,
2025-07-01,2012.0999755859375,,,,,
2025-07-02,1986.0,,,,,
2025-07-03,1987.0999755859375,,,,,
2025-07-04,1989.300048828125,,,,,
