Date,Close
,ICICIBANK.NS
2015-01-01,296.2925720214844
2015-01-02,304.70281982421875
2015-01-05,305.33355712890625
2015-01-06,292.38177490234375
2015-01-07,284.4761962890625
2015-01-08,292.213623046875
2015-01-09,287.50390625
2015-01-12,291.4566955566406
2015-01-13,286.7049255371094
2015-01-14,283.3407897949219
2015-01-15,296.7550964355469
2015-01-16,297.59613037109375
2015-01-19,303.4412841796875
2015-01-20,309.286376953125
2015-01-21,309.8751220703125
2015-01-22,311.0104675292969
2015-01-23,311.7674255371094
2015-01-27,322.532470703125
2015-01-28,322.9950256347656
2015-01-29,319.8412170410156
2015-01-30,303.35711669921875
2015-02-02,295.9141540527344
2015-02-03,291.4987487792969
2015-02-04,289.8587646484375
2015-02-05,282.2474365234375
2015-02-06,276.9910888671875
2015-02-09,269.1695861816406
2015-02-10,278.4207763671875
2015-02-11,281.4905700683594
2015-02-12,285.23309326171875
2015-02-13,289.1859436035156
2015-02-16,284.3079528808594
2015-02-18,287.96649169921875
2015-02-19,284.7284851074219
2015-02-20,278.33673095703125
2015-02-23,276.6967468261719
2015-02-24,274.2156982421875
2015-02-25,271.2300720214844
2015-02-26,270.2207946777344
2015-02-27,281.9531555175781
2015-03-02,293.5592346191406
2015-03-03,293.2228698730469
2015-03-04,293.8115234375
2015-03-05,292.46588134765625
2015-03-09,279.8926086425781
2015-03-10,280.6074523925781
2015-03-11,279.76641845703125
2015-03-12,284.4341735839844
2015-03-13,277.7059326171875
2015-03-16,278.7572021484375
2015-03-17,281.6167297363281
2015-03-18,281.5746765136719
2015-03-19,277.7059326171875
2015-03-20,267.9500427246094
2015-03-23,263.9131164550781
2015-03-24,262.3152160644531
2015-03-25,266.52032470703125
2015-03-26,258.9931945800781
2015-03-27,264.5439147949219
2015-03-30,268.0341796875
2015-03-31,265.3428955078125
2015-04-01,271.7767028808594
2015-04-06,270.17877197265625
2015-04-07,266.9408264160156
2015-04-08,265.0064697265625
2015-04-09,269.6321716308594
2015-04-10,267.69781494140625
2015-04-13,266.52032470703125
2015-04-15,264.9223937988281
2015-04-16,262.81988525390625
2015-04-17,260.8013610839844
2015-04-20,261.6844787597656
2015-04-21,261.43212890625
2015-04-22,263.1982727050781
2015-04-23,262.273193359375
2015-04-24,259.2454528808594
2015-04-27,254.24139404296875
2015-04-28,274.8885192871094
2015-04-29,277.66387939453125
2015-04-30,278.5049133300781
2015-05-04,276.9490051269531
2015-05-05,276.23419189453125
2015-05-06,262.52545166015625
2015-05-07,256.17578125
2015-05-08,266.6044616699219
2015-05-11,272.071044921875
2015-05-12,259.20343017578125
2015-05-13,267.1511535644531
2015-05-14,264.8803405761719
2015-05-15,262.6936950683594
2015-05-18,265.9736633300781
2015-05-19,265.2167663574219
2015-05-20,268.0762634277344
2015-05-21,263.7029113769531
2015-05-22,263.7449645996094
2015-05-25,262.52545166015625
2015-05-26,260.4649963378906
2015-05-27,263.3664855957031
2015-05-28,264.5018310546875
2015-05-29,266.8146667480469
2015-06-01,266.1418762207031
2015-06-02,256.0916442871094
2015-06-03,248.73268127441406
2015-06-04,248.17657470703125
2015-06-05,243.04368591308594
2015-06-08,242.23098754882812
2015-06-09,245.61013793945312
2015-06-10,250.2297821044922
2015-06-11,246.80783081054688
2015-06-12,253.18121337890625
2015-06-15,255.9615478515625
2015-06-16,258.399658203125
2015-06-17,257.8008728027344
2015-06-18,259.51177978515625
2015-06-19,260.53839111328125
2015-06-22,269.52099609375
2015-06-23,268.1949768066406
2015-06-24,271.8308410644531
2015-06-25,269.3070983886719
2015-06-26,266.6551208496094
2015-06-29,266.22735595703125
2015-06-30,263.4898681640625
2015-07-01,267.0828552246094
2015-07-02,267.7672424316406
2015-07-03,269.09326171875
2015-07-06,269.6065368652344
2015-07-07,267.4250183105469
2015-07-08,263.1048278808594
2015-07-09,264.7730712890625
2015-07-10,267.8955993652344
2015-07-13,270.6758728027344
2015-07-14,268.1522216796875
2015-07-15,269.1788330078125
2015-07-16,271.2747497558594
2015-07-17,271.5741882324219
2015-07-20,270.16259765625
2015-07-21,266.44122314453125
2015-07-22,271.01812744140625
2015-07-23,267.68170166015625
2015-07-24,257.1592712402344
2015-07-27,249.0321044921875
2015-07-28,243.81362915039062
2015-07-29,247.449462890625
2015-07-30,248.94651794433594
2015-07-31,258.6990966796875
2015-08-03,267.68170166015625
2015-08-04,268.66552734375
2015-08-05,266.35565185546875
2015-08-06,266.0990905761719
2015-08-07,265.3291320800781
2015-08-10,264.8586120605469
2015-08-11,258.57080078125
2015-08-12,249.50259399414062
2015-08-13,249.7165069580078
2015-08-14,258.8702087402344
2015-08-17,259.1268005371094
2015-08-18,257.5869445800781
2015-08-19,260.49560546875
2015-08-20,255.1488037109375
2015-08-21,253.6517333984375
2015-08-24,230.9385528564453
2015-08-25,242.53041076660156
2015-08-26,237.86798095703125
2015-08-27,241.63217163085938
2015-08-28,242.7014923095703
2015-08-31,237.73968505859375
2015-09-01,231.79405212402344
2015-09-02,226.57557678222656
2015-09-03,228.2865447998047
2015-09-04,220.50161743164062
2015-09-07,213.10166931152344
2015-09-08,223.11085510253906
2015-09-09,226.31893920898438
2015-09-10,228.75706481933594
2015-09-11,228.88540649414062
2015-09-14,233.03451538085938
2015-09-15,229.6981201171875
2015-09-16,233.41946411132812
2015-09-18,237.6968994140625
2015-09-21,238.93736267089844
2015-09-22,231.45184326171875
2015-09-23,233.84722900390625
2015-09-24,229.52700805664062
2015-09-28,229.35589599609375
2015-09-29,230.1258544921875
2015-09-30,231.28074645996094
2015-10-01,228.5004119873047
2015-10-05,240.34890747070312
2015-10-06,241.8887939453125
2015-10-07,242.10267639160156
2015-10-08,238.21018981933594
2015-10-09,244.7546844482422
2015-10-12,246.0378875732422
2015-10-13,245.90957641601562
2015-10-14,242.01712036132812
2015-10-15,244.96852111816406
2015-10-16,247.6205291748047
2015-10-19,245.69570922851562
2015-10-20,244.84022521972656
2015-10-21,241.84600830078125
2015-10-23,244.8830108642578
2015-10-26,244.11302185058594
2015-10-27,242.7014923095703
2015-10-28,232.00791931152344
2015-10-29,232.22177124023438
2015-10-30,236.96971130371094
2015-11-02,239.15122985839844
2015-11-03,239.065673828125
2015-11-04,233.84722900390625
2015-11-05,231.0241241455078
2015-11-06,228.5004119873047
2015-11-09,225.12124633789062
2015-11-10,224.82183837890625
2015-11-13,223.923583984375
2015-11-16,228.62875366210938
2015-11-17,229.14202880859375
2015-11-18,222.81141662597656
2015-11-19,227.90158081054688
2015-11-20,226.66111755371094
2015-11-23,227.51658630371094
2015-11-24,225.2923583984375
2015-11-26,225.8484344482422
2015-11-27,231.0241241455078
2015-11-30,234.01832580566406
2015-12-01,234.31773376464844
2015-12-02,231.32354736328125
2015-12-03,227.3883056640625
2015-12-04,223.6669158935547
2015-12-07,225.0357208251953
2015-12-08,223.6669158935547
2015-12-09,221.95596313476562
2015-12-10,221.52821350097656
2015-12-11,213.2727813720703
2015-12-14,213.01614379882812
2015-12-15,210.79185485839844
2015-12-16,215.62535095214844
2015-12-17,216.56640625
2015-12-18,213.9571533203125
2015-12-21,220.88661193847656
2015-12-22,222.04150390625
2015-12-23,224.00912475585938
2015-12-24,220.6727294921875
2015-12-28,225.8911895751953
2015-12-29,226.49002075195312
2015-12-30,224.4368438720703
2015-12-31,223.58139038085938
2016-01-01,224.99293518066406
2016-01-04,218.61956787109375
2016-01-05,219.60336303710938
2016-01-06,213.9571533203125
2016-01-07,211.0912628173828
2016-01-08,209.63694763183594
2016-01-11,204.84622192382812
2016-01-12,202.53639221191406
2016-01-13,204.8889923095703
2016-01-14,201.68092346191406
2016-01-15,192.01393127441406
2016-01-18,190.85902404785156
2016-01-19,195.69253540039062
2016-01-20,191.9711456298828
2016-01-21,193.5965576171875
2016-01-22,199.11447143554688
2016-01-25,201.9375762939453
2016-01-27,203.00692749023438
2016-01-28,199.4994354248047
2016-01-29,196.89019775390625
2016-02-01,185.81166076660156
2016-02-02,179.99432373046875
2016-02-03,174.56201171875
2016-02-04,174.47645568847656
2016-02-05,179.13885498046875
2016-02-08,178.41171264648438
2016-02-09,179.13885498046875
2016-02-10,177.299560546875
2016-02-11,170.45565795898438
2016-02-12,165.57940673828125
2016-02-15,174.09149169921875
2016-02-16,168.18861389160156
2016-02-17,163.1840362548828
2016-02-18,167.80364990234375
2016-02-19,170.07070922851562
2016-02-22,169.77125549316406
2016-02-23,164.25340270996094
2016-02-24,159.9759521484375
2016-02-25,156.55401611328125
2016-02-26,158.0939178466797
2016-02-29,162.585205078125
2016-03-01,175.3319549560547
2016-03-02,188.20703125
2016-03-03,186.49603271484375
2016-03-04,188.63473510742188
2016-03-08,185.5122528076172
2016-03-09,185.08448791503906
2016-03-10,184.35731506347656
2016-03-11,182.94577026367188
2016-03-14,189.6185760498047
2016-03-15,189.36190795898438
2016-03-16,193.68211364746094
2016-03-17,194.8370361328125
2016-03-18,196.93296813964844
2016-03-21,200.91098022460938
2016-03-22,199.8416290283203
2016-03-23,200.3549041748047
2016-03-28,192.86941528320312
2016-03-29,191.1156768798828
2016-03-30,203.17800903320312
2016-03-31,202.45089721679688
2016-04-01,203.86241149902344
2016-04-04,204.2473602294922
2016-04-05,192.99774169921875
2016-04-06,190.3885040283203
2016-04-07,188.46363830566406
2016-04-08,189.27638244628906
2016-04-11,192.227783203125
2016-04-12,195.69253540039062
2016-04-13,205.87278747558594
2016-04-18,202.8786163330078
2016-04-20,203.64854431152344
2016-04-21,216.48085021972656
2016-04-22,215.5825958251953
2016-04-25,216.39529418945312
2016-04-26,217.33633422851562
2016-04-27,209.25196838378906
2016-04-28,205.40228271484375
2016-04-29,202.70748901367188
2016-05-02,193.98155212402344
2016-05-03,189.14804077148438
2016-05-04,183.4590606689453
2016-05-05,183.63015747070312
2016-05-06,187.0093231201172
2016-05-09,192.74107360839844
2016-05-10,192.9121856689453
2016-05-11,191.58619689941406
2016-05-12,198.3017578125
2016-05-13,193.76768493652344
2016-05-16,191.41510009765625
2016-05-17,193.29713439941406
2016-05-18,193.7248992919922
2016-05-19,192.9549560546875
2016-05-20,188.29257202148438
2016-05-23,189.14804077148438
2016-05-24,192.09947204589844
2016-05-25,201.039306640625
2016-05-26,206.300537109375
2016-05-27,208.0115203857422
2016-05-30,209.1664276123047
2016-05-31,209.2947540283203
2016-06-01,205.35951232910156
2016-06-02,206.47164916992188
2016-06-03,208.5248260498047
2016-06-06,208.31092834472656
2016-06-07,217.37911987304688
2016-06-08,220.4160614013672
2016-06-09,217.76406860351562
2016-06-10,216.09588623046875
2016-06-13,208.5248260498047
2016-06-14,209.55140686035156
2016-06-15,212.11785888671875
2016-06-16,208.71278381347656
2016-06-17,208.18893432617188
2016-06-20,207.88339233398438
2016-06-21,207.66510009765625
2016-06-22,208.66917419433594
2016-06-23,210.32803344726562
2016-06-24,201.6407470703125
2016-06-27,203.16867065429688
2016-06-28,203.56153869628906
2016-06-29,206.6173858642578
2016-06-30,210.0224609375
2016-07-01,209.84783935546875
2016-07-04,216.657958984375
2016-07-05,213.99501037597656
2016-07-07,213.77674865722656
2016-07-08,211.24476623535156
2016-07-11,218.14219665527344
2016-07-12,228.4883575439453
2016-07-13,228.0081329345703
2016-07-14,234.51271057128906
2016-07-15,232.0243682861328
2016-07-18,229.9726104736328
2016-07-19,234.99290466308594
2016-07-20,233.5522918701172
2016-07-21,228.66297912597656
2016-07-22,230.01626586914062
2016-07-25,234.55633544921875
2016-07-26,228.44471740722656
2016-07-27,236.2588653564453
2016-07-28,237.481201171875
2016-07-29,229.5360565185547
2016-08-01,217.8366241455078
2016-08-02,214.16961669921875
2016-08-03,211.37574768066406
2016-08-04,209.84783935546875
2016-08-05,214.7371368408203
2016-08-08,214.1259765625
2016-08-09,214.21328735351562
2016-08-10,208.9747314453125
2016-08-11,211.8996124267578
2016-08-12,214.7371368408203
2016-08-16,217.00718688964844
2016-08-17,216.17774963378906
2016-08-18,220.8051300048828
2016-08-19,221.67820739746094
2016-08-22,220.2376251220703
2016-08-23,218.44778442382812
2016-08-24,216.9198760986328
2016-08-25,215.6102294921875
2016-08-26,214.16961669921875
2016-08-29,218.709716796875
2016-08-30,223.73001098632812
2016-08-31,225.25791931152344
2016-09-01,227.83352661132812
2016-09-02,228.13912963867188
2016-09-06,238.0923614501953
2016-09-07,242.85073852539062
2016-09-08,241.27914428710938
2016-09-09,239.31472778320312
2016-09-12,234.16346740722656
2016-09-14,237.00099182128906
2016-09-15,236.2588653564453
2016-09-16,233.4213104248047
2016-09-19,237.13197326660156
2016-09-20,237.56854248046875
2016-09-21,235.647705078125
2016-09-22,240.5370330810547
2016-09-23,236.82638549804688
2016-09-26,229.23049926757812
2016-09-27,227.00408935546875
2016-09-28,227.65892028808594
2016-09-29,218.57876586914062
2016-09-30,220.1503143310547
2016-10-03,223.64268493652344
2016-10-04,225.4325408935547
2016-10-05,223.03152465820312
2016-10-06,219.36453247070312
2016-10-07,218.79702758789062
2016-10-10,218.3604736328125
2016-10-13,210.54629516601562
2016-10-14,211.07015991210938
2016-10-17,225.9127197265625
2016-10-18,236.0406036376953
2016-10-19,231.41319274902344
2016-10-20,242.37054443359375
2016-10-21,242.19590759277344
2016-10-24,248.43853759765625
2016-10-25,252.5420684814453
2016-10-26,243.06900024414062
2016-10-27,248.22027587890625
2016-10-28,241.7156982421875
2016-11-01,240.40606689453125
2016-11-02,237.39389038085938
2016-11-03,235.51673889160156
2016-11-04,235.56039428710938
2016-11-07,243.33091735839844
2016-11-08,247.25985717773438
2016-11-09,245.73191833496094
2016-11-10,255.4668731689453
2016-11-11,241.32281494140625
2016-11-15,235.51673889160156
2016-11-16,232.41726684570312
2016-11-17,233.68325805664062
2016-11-18,231.02032470703125
2016-11-21,228.05181884765625
2016-11-22,229.36143493652344
2016-11-23,231.32589721679688
2016-11-24,226.39291381835938
2016-11-25,227.09140014648438
2016-11-28,222.9005584716797
2016-11-29,223.03152465820312
2016-11-30,231.8497772216797
2016-12-01,226.26199340820312
2016-12-02,226.5675506591797
2016-12-05,227.74623107910156
2016-12-06,227.87718200683594
2016-12-07,225.86907958984375
2016-12-08,229.4051055908203
2016-12-09,234.3817138671875
2016-12-12,231.23858642578125
2016-12-13,230.84571838378906
2016-12-14,227.4842987060547
2016-12-15,227.2660369873047
2016-12-16,223.16246032714844
2016-12-19,224.4721221923828
2016-12-20,219.67010498046875
2016-12-21,221.1107177734375
2016-12-22,220.84878540039062
2016-12-23,219.88839721679688
2016-12-26,216.657958984375
2016-12-27,221.37265014648438
2016-12-28,219.8011016845703
2016-12-29,219.23355102539062
2016-12-30,222.9005584716797
2017-01-02,219.97572326660156
2017-01-03,222.11477661132812
2017-01-04,219.23355102539062
2017-01-05,224.6031036376953
2017-01-06,225.3888702392578
2017-01-09,225.86907958984375
2017-01-10,227.17869567871094
2017-01-11,231.10763549804688
2017-01-12,234.29443359375
2017-01-13,234.03250122070312
2017-01-16,235.12387084960938
2017-01-17,234.3380889892578
2017-01-18,234.3817138671875
2017-01-19,235.47311401367188
2017-01-20,230.01626586914062
2017-01-23,224.86502075195312
2017-01-24,224.51577758789062
2017-01-25,226.96044921875
2017-01-27,237.481201171875
2017-01-30,236.43348693847656
2017-01-31,234.8182830810547
2017-02-01,245.33905029296875
2017-02-02,249.52989196777344
2017-02-03,245.81924438476562
2017-02-06,253.45880126953125
2017-02-07,251.53802490234375
2017-02-08,249.52989196777344
2017-02-09,248.8314208984375
2017-02-10,245.86289978027344
2017-02-13,245.90655517578125
2017-02-14,248.52584838867188
2017-02-15,245.12075805664062
2017-02-16,243.41822814941406
2017-02-17,247.08523559570312
2017-02-20,246.51771545410156
2017-02-21,248.65679931640625
2017-02-22,249.83546447753906
2017-02-23,248.39486694335938
2017-02-27,243.46189880371094
2017-02-28,241.27914428710938
2017-03-01,243.68014526367188
2017-03-02,243.28726196289062
2017-03-03,240.92991638183594
2017-03-06,241.62838745117188
2017-03-07,240.9735870361328
2017-03-08,239.57662963867188
2017-03-09,238.7908477783203
2017-03-10,236.21522521972656
2017-03-14,250.79583740234375
2017-03-15,248.9623565673828
2017-03-16,248.39486694335938
2017-03-17,244.98980712890625
2017-03-20,240.14414978027344
2017-03-21,237.52487182617188
2017-03-22,231.3695526123047
2017-03-23,233.07211303710938
2017-03-24,239.88221740722656
2017-03-27,238.48526000976562
2017-03-28,241.84666442871094
2017-03-29,246.38674926757812
2017-03-30,245.6446075439453
2017-03-31,241.7156982421875
2017-04-03,250.31565856933594
2017-04-05,248.70046997070312
2017-04-06,245.2080841064453
2017-04-07,242.15223693847656
2017-04-10,242.41416931152344
2017-04-11,247.65274047851562
2017-04-12,245.16441345214844
2017-04-13,246.9105987548828
2017-04-17,246.5613555908203
2017-04-18,247.43446350097656
2017-04-19,244.94613647460938
2017-04-20,238.13604736328125
2017-04-21,234.99290466308594
2017-04-24,234.55633544921875
2017-04-25,237.91773986816406
2017-04-26,241.75936889648438
2017-04-27,239.35836791992188
2017-04-28,243.1563262939453
2017-05-02,240.6243133544922
2017-05-03,238.13604736328125
2017-05-04,260.00701904296875
2017-05-05,260.6617736816406
2017-05-08,264.5034484863281
2017-05-09,262.45172119140625
2017-05-10,260.7491455078125
2017-05-11,262.1023864746094
2017-05-12,258.9156188964844
2017-05-15,263.4993896484375
2017-05-16,264.24151611328125
2017-05-17,270.4404602050781
2017-05-18,268.868896484375
2017-05-19,268.0830993652344
2017-05-22,265.2891845703125
2017-05-23,267.2099914550781
2017-05-24,267.77752685546875
2017-05-25,277.3815612792969
2017-05-26,280.7429504394531
2017-05-29,274.9369201660156
2017-05-30,280.61199951171875
2017-05-31,285.0211181640625
2017-06-01,279.4769592285156
2017-06-02,277.7744445800781
2017-06-05,279.17138671875
2017-06-06,278.4729309082031
2017-06-07,283.4931945800781
2017-06-08,279.5642395019531
2017-06-09,281.266845703125
2017-06-12,275.67901611328125
2017-06-13,274.8932189941406
2017-06-14,278.5602111816406
2017-06-15,276.5521240234375
2017-06-16,276.3338317871094
2017-06-19,279.9135437011719
2017-06-20,283.0769958496094
2017-06-21,281.7702331542969
2017-06-22,280.3183288574219
2017-06-23,282.4962158203125
2017-06-27,278.6728210449219
2017-06-28,281.04425048828125
2017-06-29,283.8512878417969
2017-06-30,280.8506774902344
2017-07-03,280.75384521484375
2017-07-04,280.22149658203125
2017-07-05,283.464111328125
2017-07-06,284.3352966308594
2017-07-07,280.4150390625
2017-07-10,282.1090087890625
2017-07-11,280.3666687011719
2017-07-12,282.98016357421875
2017-07-13,288.3522644042969
2017-07-14,288.6910705566406
2017-07-17,293.7727966308594
2017-07-18,294.15997314453125
2017-07-19,292.5628662109375
2017-07-20,290.96575927734375
2017-07-21,292.3692321777344
2017-07-24,293.33721923828125
2017-07-25,294.4019775390625
2017-07-26,300.4032897949219
2017-07-27,297.3542175292969
2017-07-28,286.65838623046875
2017-07-31,292.90167236328125
2017-08-01,292.90167236328125
2017-08-02,292.17572021484375
2017-08-03,286.2228088378906
2017-08-04,286.75518798828125
2017-08-07,290.5301208496094
2017-08-08,286.0292053222656
2017-08-09,281.2862243652344
2017-08-10,279.49554443359375
2017-08-11,277.75323486328125
2017-08-14,282.44775390625
2017-08-16,285.496826171875
2017-08-17,283.7545166015625
2017-08-18,283.7545166015625
2017-08-21,284.0932922363281
2017-08-22,284.5289306640625
2017-08-23,289.02984619140625
2017-08-24,288.1587219238281
2017-08-28,291.256103515625
2017-08-29,289.9009704589844
2017-08-30,290.6753234863281
2017-08-31,288.4974670410156
2017-09-01,288.73944091796875
2017-09-04,287.5779113769531
2017-09-05,288.06195068359375
2017-09-06,285.8840637207031
2017-09-07,283.2705383300781
2017-09-08,282.6413879394531
2017-09-11,281.4798583984375
2017-09-12,281.8670349121094
2017-09-13,282.6413879394531
2017-09-14,284.28692626953125
2017-09-15,282.25421142578125
2017-09-18,283.60931396484375
2017-09-19,285.2064514160156
2017-09-20,281.2378234863281
2017-09-21,275.8173522949219
2017-09-22,268.21893310546875
2017-09-25,270.5419921875
2017-09-26,273.6878356933594
2017-09-27,267.5413513183594
2017-09-28,267.1058044433594
2017-09-29,267.7349548339844
2017-10-03,269.477294921875
2017-10-04,267.2509765625
2017-10-05,263.0887756347656
2017-10-06,263.2339782714844
2017-10-09,263.0403747558594
2017-10-10,261.15289306640625
2017-10-11,259.0234375
2017-10-12,258.9749755859375
2017-10-13,262.60479736328125
2017-10-16,265.4602355957031
2017-10-17,265.1214904785156
2017-10-18,254.71603393554688
2017-10-19,249.5858917236328
2017-10-23,254.13523864746094
2017-10-24,258.0070495605469
2017-10-25,295.9023132324219
2017-10-26,289.6590270996094
2017-10-27,291.4981384277344
2017-10-30,290.9173278808594
2017-10-31,290.4818115234375
2017-11-01,303.3554992675781
2017-11-02,306.5013427734375
2017-11-03,305.77532958984375
2017-11-06,305.9689636230469
2017-11-07,302.43597412109375
2017-11-08,295.7087097167969
2017-11-09,301.32281494140625
2017-11-10,308.29205322265625
2017-11-13,304.1782531738281
2017-11-14,304.0331115722656
2017-11-15,305.3882141113281
2017-11-16,308.7276611328125
2017-11-17,314.6805114746094
2017-11-20,308.3404541015625
2017-11-21,309.64715576171875
2017-11-22,308.6792297363281
2017-11-23,309.21160888671875
2017-11-24,307.0337219238281
2017-11-27,306.84014892578125
2017-11-28,303.16192626953125
2017-11-29,304.7590026855469
2017-11-30,297.6930236816406
2017-12-01,295.4667053222656
2017-12-04,294.498779296875
2017-12-05,295.4667053222656
2017-12-06,289.9009704589844
2017-12-07,295.9991149902344
2017-12-08,300.7904357910156
2017-12-11,301.468017578125
2017-12-12,297.7414245605469
2017-12-13,293.2404479980469
2017-12-14,294.5955505371094
2017-12-15,293.4339904785156
2017-12-18,298.9997253417969
2017-12-19,303.6459045410156
2017-12-20,305.6785888671875
2017-12-21,305.3398132324219
2017-12-22,306.45294189453125
2017-12-26,307.9532470703125
2017-12-27,302.7747497558594
2017-12-28,305.194580078125
2017-12-29,303.9363098144531
2018-01-01,300.3548278808594
2018-01-02,299.77410888671875
2018-01-03,304.9042053222656
2018-01-04,304.61383056640625
2018-01-05,302.8715515136719
2018-01-08,304.0814514160156
2018-01-09,302.5811767578125
2018-01-10,302.0003662109375
2018-01-11,299.5804748535156
2018-01-12,307.5177001953125
2018-01-15,318.7458801269531
2018-01-16,323.3921203613281
2018-01-17,332.2488098144531
2018-01-18,335.05584716796875
2018-01-19,342.2670593261719
2018-01-22,340.234375
2018-01-23,350.6882629394531
2018-01-24,341.4443359375
2018-01-25,349.2363586425781
2018-01-29,346.1872863769531
2018-01-30,341.9283142089844
2018-01-31,341.6379089355469
2018-02-01,335.104248046875
2018-02-02,324.3600158691406
2018-02-05,319.13311767578125
2018-02-06,320.10107421875
2018-02-07,321.8917541503906
2018-02-08,323.1500549316406
2018-02-09,316.27764892578125
2018-02-12,315.79364013671875
2018-02-14,308.7276611328125
2018-02-15,318.1167297363281
2018-02-16,310.7602844238281
2018-02-19,309.5019836425781
2018-02-20,307.08209228515625
2018-02-21,308.9696350097656
2018-02-22,308.1468811035156
2018-02-23,312.4058532714844
2018-02-26,316.5679931640625
2018-02-27,311.8250732421875
2018-02-28,303.2103271484375
2018-03-01,295.1763610839844
2018-03-05,293.62762451171875
2018-03-06,285.5936279296875
2018-03-07,277.51129150390625
2018-03-08,287.4327087402344
2018-03-09,283.3189392089844
2018-03-12,291.01416015625
2018-03-13,294.5955505371094
2018-03-14,296.24102783203125
2018-03-15,291.7885437011719
2018-03-16,288.5458679199219
2018-03-19,285.109619140625
2018-03-20,282.6413879394531
2018-03-21,279.93109130859375
2018-03-22,274.17181396484375
2018-03-23,266.71856689453125
2018-03-26,272.6230773925781
2018-03-27,274.80096435546875
2018-03-28,269.4288635253906
2018-04-02,253.4577178955078
2018-04-03,261.3948669433594
2018-04-04,260.0397644042969
2018-04-05,269.7192687988281
2018-04-06,271.6551208496094
2018-04-09,271.8487854003906
2018-04-10,279.5439453125
2018-04-11,275.43011474609375
2018-04-12,277.55963134765625
2018-04-13,279.0115661621094
2018-04-16,278.3824157714844
2018-04-17,282.3994140625
2018-04-18,280.75384521484375
2018-04-19,280.3183288574219
2018-04-20,273.1070861816406
2018-04-23,270.4451599121094
2018-04-24,274.9945373535156
2018-04-25,269.9612121582031
2018-04-26,269.912841796875
2018-04-27,278.6728210449219
2018-04-30,275.09136962890625
2018-05-02,268.02532958984375
2018-05-03,272.8650817871094
2018-05-04,273.7846374511719
2018-05-07,280.5118713378906
2018-05-08,299.3869323730469
2018-05-09,296.96697998046875
2018-05-10,297.0154724121094
2018-05-11,300.9840393066406
2018-05-14,300.1612854003906
2018-05-15,298.3705749511719
2018-05-16,287.72308349609375
2018-05-17,286.51318359375
2018-05-18,276.9305114746094
2018-05-21,280.02789306640625
2018-05-22,280.995849609375
2018-05-23,282.6897277832031
2018-05-24,288.1587219238281
2018-05-25,286.17437744140625
2018-05-28,289.6590270996094
2018-05-29,280.60870361328125
2018-05-30,275.7689514160156
2018-05-31,276.6400451660156
2018-06-01,280.02789306640625
2018-06-04,277.55963134765625
2018-06-05,274.9945373535156
2018-06-06,274.80096435546875
2018-06-07,281.5765686035156
2018-06-08,279.0115661621094
2018-06-11,277.2208557128906
2018-06-12,278.18878173828125
2018-06-13,281.4314270019531
2018-06-14,275.6237487792969
2018-06-15,273.44586181640625
2018-06-18,283.60931396484375
2018-06-19,283.4157409667969
2018-06-20,283.80291748046875
2018-06-21,288.40069580078125
2018-06-22,291.01416015625
2018-06-25,280.4150390625
2018-06-26,278.8663635253906
2018-06-27,270.10638427734375
2018-06-28,262.7016296386719
2018-06-29,266.5733947753906
2018-07-02,268.50933837890625
2018-07-03,264.15350341796875
2018-07-04,264.4923400878906
2018-07-05,262.8468017578125
2018-07-06,261.3948669433594
2018-07-09,262.50799560546875
2018-07-10,264.6375427246094
2018-07-11,260.1365661621094
2018-07-12,263.5727844238281
2018-07-13,259.1686096191406
2018-07-16,250.94100952148438
2018-07-17,257.9102783203125
2018-07-18,254.2804412841797
2018-07-19,252.82850646972656
2018-07-20,257.2810974121094
2018-07-23,266.71856689453125
2018-07-24,265.5570373535156
2018-07-25,265.847412109375
2018-07-26,276.4948425292969
2018-07-27,283.80291748046875
2018-07-30,297.4993896484375
2018-07-31,294.498779296875
2018-08-01,289.7073974609375
2018-08-02,288.9814147949219
2018-08-03,295.2247314453125
2018-08-06,305.0010681152344
2018-08-07,303.113525390625
2018-08-08,308.4856262207031
2018-08-09,322.3273010253906
2018-08-10,318.06829833984375
2018-08-13,314.4869079589844
2018-08-14,321.7949523925781
2018-08-16,323.585693359375
2018-08-17,329.1029968261719
2018-08-20,327.6026611328125
2018-08-21,327.9898376464844
2018-08-23,326.3927307128906
2018-08-24,320.9965515136719
2018-08-27,330.47625732421875
2018-08-28,329.50396728515625
2018-08-29,331.20550537109375
2018-08-30,334.8028869628906
2018-08-31,333.1014099121094
2018-09-03,324.8857116699219
2018-09-04,319.3923645019531
2018-09-05,320.5104675292969
2018-09-06,319.5381774902344
2018-09-07,325.8093566894531
2018-09-10,323.6703796386719
2018-09-11,317.49639892578125
2018-09-12,313.9476013183594
2018-09-14,319.24652099609375
2018-09-17,316.66998291015625
2018-09-18,310.0098876953125
2018-09-19,312.0516662597656
2018-09-21,308.3083801269531
2018-09-24,300.1899108886719
2018-09-25,302.4747619628906
2018-09-26,304.4193115234375
2018-09-27,298.14813232421875
2018-09-28,297.07861328125
2018-10-01,305.29437255859375
2018-10-03,295.27996826171875
2018-10-04,307.72503662109375
2018-10-05,298.78009033203125
2018-10-08,302.2316589355469
2018-10-09,297.7592468261719
2018-10-10,310.9821472167969
2018-10-11,303.0581359863281
2018-10-12,310.5446472167969
2018-10-15,304.6623840332031
2018-10-16,311.7599792480469
2018-10-17,306.0721435546875
2018-10-19,306.70416259765625
2018-10-22,318.0311584472656
2018-10-23,313.89898681640625
2018-10-24,313.0725402832031
2018-10-25,311.0793762207031
2018-10-26,306.89862060546875
2018-10-29,339.712890625
2018-10-30,336.115478515625
2018-10-31,345.1576232910156
2018-11-01,343.8937072753906
2018-11-02,344.6228942871094
2018-11-05,339.9559631347656
2018-11-06,343.310302734375
2018-11-07,346.0326843261719
2018-11-09,346.9563293457031
2018-11-12,342.58111572265625
2018-11-13,350.8940124511719
2018-11-14,356.43603515625
2018-11-15,359.74176025390625
2018-11-16,357.3596496582031
2018-11-19,352.3524475097656
2018-11-20,347.97723388671875
2018-11-21,346.8591003417969
2018-11-22,342.2893981933594
2018-11-26,346.4701843261719
2018-11-27,344.81732177734375
2018-11-28,349.0467224121094
2018-11-29,352.1580505371094
2018-11-30,345.303466796875
2018-12-03,345.64373779296875
2018-12-04,348.0258483886719
2018-12-05,341.6574401855469
2018-12-06,338.0113830566406
2018-12-07,342.4352722167969
2018-12-10,336.7474365234375
2018-12-11,333.29583740234375
2018-12-12,340.2476501464844
2018-12-13,339.8587341308594
2018-12-14,342.1435852050781
2018-12-17,348.5119934082031
2018-12-18,352.20660400390625
2018-12-19,356.3387451171875
2018-12-20,352.1094055175781
2018-12-21,344.37982177734375
2018-12-24,342.9700012207031
2018-12-26,345.9840393066406
2018-12-27,345.78961181640625
2018-12-28,350.7481994628906
2018-12-31,350.16485595703125
2019-01-01,353.6650085449219
2019-01-02,354.4914855957031
2019-01-03,353.1789245605469
2019-01-04,355.0748596191406
2019-01-07,357.5054931640625
2019-01-08,369.6103515625
2019-01-09,371.6520690917969
2019-01-10,368.9783630371094
2019-01-11,368.0547180175781
2019-01-14,362.9988708496094
2019-01-15,362.4154968261719
2019-01-16,364.8948059082031
2019-01-17,364.2142028808594
2019-01-18,361.6863098144531
2019-01-21,361.3946228027344
2019-01-22,358.81805419921875
2019-01-23,357.2138366699219
2019-01-24,354.6858825683594
2019-01-25,347.296630859375
2019-01-28,334.02508544921875
2019-01-29,337.2336120605469
2019-01-30,355.75543212890625
2019-01-31,354.3456115722656
2019-02-01,344.81732177734375
2019-02-04,344.7201232910156
2019-02-05,342.8727722167969
2019-02-06,349.3384094238281
2019-02-07,348.7064208984375
2019-02-08,345.2548522949219
2019-02-11,340.3448486328125
2019-02-12,334.7542724609375
2019-02-14,334.41400146484375
2019-02-15,332.6639099121094
2019-02-18,329.3581237792969
2019-02-19,333.7333984375
2019-02-20,335.62933349609375
2019-02-21,341.5601806640625
2019-02-22,342.2893981933594
2019-02-25,345.7409973144531
2019-02-26,338.5461730957031
2019-02-27,335.9696350097656
2019-02-28,340.4421081542969
2019-03-01,344.4284362792969
2019-03-05,353.1789245605469
2019-03-06,361.6376647949219
2019-03-07,360.5195617675781
2019-03-08,360.3251647949219
2019-03-11,365.4295654296875
2019-03-12,377.4371643066406
2019-03-13,381.0345458984375
2019-03-14,377.1454772949219
2019-03-15,384.34033203125
2019-03-18,387.0140686035156
2019-03-19,387.3543395996094
2019-03-20,382.0068359375
2019-03-22,380.93731689453125
2019-03-25,372.86749267578125
2019-03-26,383.173583984375
2019-03-27,382.2985534667969
2019-03-28,389.4447326660156
2019-04-01,387.2085266113281
2019-04-02,386.1390380859375
2019-04-03,381.2290344238281
2019-04-04,377.971923828125
2019-04-05,379.72198486328125
2019-04-08,376.36761474609375
2019-04-09,386.1390380859375
2019-04-10,383.27081298828125
2019-04-11,379.2358703613281
2019-04-12,383.6596984863281
2019-04-15,381.8610534667969
2019-04-16,395.7159423828125
2019-04-18,393.18798828125
2019-04-22,383.5625
2019-04-23,385.507080078125
2019-04-24,389.9794921875
2019-04-25,384.4375305175781
2019-04-26,395.9103698730469
2019-04-30,396.2020568847656
2019-05-02,384.5833740234375
2019-05-03,390.6600646972656
2019-05-06,390.1739807128906
2019-05-07,375.7843017578125
2019-05-08,371.6034851074219
2019-05-09,370.82568359375
2019-05-10,374.423095703125
2019-05-13,365.8670654296875
2019-05-14,369.8534240722656
2019-05-15,366.5962829589844
2019-05-16,371.89520263671875
2019-05-17,378.89556884765625
2019-05-20,396.3965148925781
2019-05-21,389.05584716796875
2019-05-22,394.1116943359375
2019-05-23,399.45916748046875
2019-05-24,419.7797546386719
2019-05-27,423.42572021484375
2019-05-28,422.259033203125
2019-05-29,411.5639953613281
2019-05-30,414.38360595703125
2019-05-31,411.9529113769531
2019-06-03,411.17510986328125
2019-06-04,407.48046875
2019-06-06,400.1398010253906
2019-06-07,405.0497741699219
2019-06-10,404.5636291503906
2019-06-11,409.6680908203125
2019-06-12,406.41094970703125
2019-06-13,407.9665832519531
2019-06-14,406.1678771972656
2019-06-17,402.71630859375
2019-06-18,410.4458923339844
2019-06-19,408.1610107421875
2019-06-20,421.38397216796875
2019-06-21,418.8560791015625
2019-06-24,417.54351806640625
2019-06-25,421.6270446777344
2019-06-26,426.4884338378906
2019-06-27,428.72467041015625
2019-06-28,424.9814453125
2019-07-01,426.8287048339844
2019-07-02,424.64111328125
2019-07-03,423.8633117675781
2019-07-04,424.1063537597656
2019-07-05,424.252197265625
2019-07-08,414.0919189453125
2019-07-09,416.6198425292969
2019-07-10,418.95330810546875
2019-07-11,414.723876953125
2019-07-12,415.21002197265625
2019-07-15,410.59173583984375
2019-07-16,412.8279724121094
2019-07-17,412.92523193359375
2019-07-18,407.0429382324219
2019-07-19,398.9244384765625
2019-07-22,401.06866455078125
2019-07-23,401.50726318359375
2019-07-24,398.14471435546875
2019-07-25,398.632080078125
2019-07-26,405.2109375
2019-07-29,418.4661560058594
2019-07-30,414.56756591796875
2019-07-31,413.8365478515625
2019-08-01,406.4779357910156
2019-08-02,400.1915283203125
2019-08-05,392.4429626464844
2019-08-06,399.850341796875
2019-08-07,398.0472412109375
2019-08-08,403.8951416015625
2019-08-09,409.4993896484375
2019-08-13,399.850341796875
2019-08-14,406.7216491699219
2019-08-16,408.329833984375
2019-08-19,412.6669616699219
2019-08-20,406.3317565917969
2019-08-21,401.6047058105469
2019-08-22,388.9830017089844
2019-08-23,385.37677001953125
2019-08-26,401.2148742675781
2019-08-27,407.98870849609375
2019-08-28,402.48193359375
2019-08-29,394.14862060546875
2019-08-30,399.26556396484375
2019-09-03,382.2091369628906
2019-09-04,387.42352294921875
2019-09-05,379.1390075683594
2019-09-06,381.429443359375
2019-09-09,385.4255676269531
2019-09-11,384.59710693359375
2019-09-12,392.49176025390625
2019-09-13,402.9205322265625
2019-09-16,401.7021789550781
2019-09-17,390.49371337890625
2019-09-18,389.2266845703125
2019-09-19,376.7998352050781
2019-09-20,406.9165954589844
2019-09-23,434.9864501953125
2019-09-24,429.723388671875
2019-09-25,423.1932373046875
2019-09-26,440.4933166503906
2019-09-27,437.81298828125
2019-09-30,422.7059020996094
2019-10-01,413.8365478515625
2019-10-03,416.4681091308594
2019-10-04,403.4078063964844
2019-10-07,405.5520324707031
2019-10-09,425.6298828125
2019-10-10,412.95941162109375
2019-10-11,417.68646240234375
2019-10-14,417.97882080078125
2019-10-15,420.9028015136719
2019-10-16,424.2653503417969
2019-10-17,429.43096923828125
2019-10-18,426.7019348144531
2019-10-22,439.71356201171875
2019-10-23,443.56341552734375
2019-10-24,443.2222900390625
2019-10-25,457.20855712890625
2019-10-27,457.6471252441406
2019-10-29,465.2981262207031
2019-10-30,459.2065734863281
2019-10-31,451.3118896484375
2019-11-01,450.53216552734375
2019-11-04,458.57305908203125
2019-11-05,456.4775695800781
2019-11-06,468.51446533203125
2019-11-07,466.4189758300781
2019-11-08,477.0426940917969
2019-11-11,484.2063293457031
2019-11-13,473.43646240234375
2019-11-14,486.0094299316406
2019-11-15,487.1790466308594
2019-11-18,485.717041015625
2019-11-19,480.9900207519531
2019-11-20,482.4519958496094
2019-11-21,485.6195983886719
2019-11-22,484.2063293457031
2019-11-25,485.1809997558594
2019-11-26,497.7539978027344
2019-11-27,492.6858215332031
2019-11-28,505.98980712890625
2019-11-29,499.6058044433594
2019-12-02,497.9488830566406
2019-12-03,496.438232421875
2019-12-04,515.833740234375
2019-12-05,514.7128295898438
2019-12-06,511.49652099609375
2019-12-09,513.1534423828125
2019-12-10,515.2977294921875
2019-12-11,520.0247192382812
2019-12-12,521.7791137695312
2019-12-13,523.43603515625
2019-12-16,525.580322265625
2019-12-17,527.4320678710938
2019-12-18,527.67578125
2019-12-19,526.506103515625
2019-12-20,532.256591796875
2019-12-23,527.5783081054688
2019-12-24,527.38330078125
2019-12-26,525.0928955078125
2019-12-27,535.4730224609375
2019-12-30,530.1611938476562
2019-12-31,525.2391357421875
2020-01-01,523.1436157226562
2020-01-02,526.8960571289062
2020-01-03,525.1903686523438
2020-01-06,512.3737182617188
2020-01-07,509.6447448730469
2020-01-08,512.617431640625
2020-01-09,532.4515380859375
2020-01-10,526.554931640625
2020-01-13,524.9467163085938
2020-01-14,523.9720458984375
2020-01-15,522.022705078125
2020-01-16,523.533447265625
2020-01-17,518.562744140625
2020-01-20,521.2918090820312
2020-01-21,517.5880737304688
2020-01-22,509.595947265625
2020-01-23,514.322998046875
2020-01-24,520.317138671875
2020-01-27,523.6309814453125
2020-01-28,514.8104248046875
2020-01-29,513.2509765625
2020-01-30,518.7090454101562
2020-01-31,512.3250732421875
2020-02-03,502.48101806640625
2020-02-04,517.344482421875
2020-02-05,525.4340209960938
2020-02-06,527.8706665039062
2020-02-07,522.8512573242188
2020-02-10,520.41455078125
2020-02-11,526.067626953125
2020-02-12,535.3754272460938
2020-02-13,527.285888671875
2020-02-14,531.9641723632812
2020-02-17,527.8706665039062
2020-02-18,527.4808959960938
2020-02-19,530.9896240234375
2020-02-20,533.1337890625
2020-02-24,516.4185791015625
2020-02-25,517.49072265625
2020-02-26,510.4244689941406
2020-02-27,502.2861022949219
2020-02-28,484.64495849609375
2020-03-02,493.2705993652344
2020-03-03,501.7012939453125
2020-03-04,495.46356201171875
2020-03-05,491.7111511230469
2020-03-06,474.0212707519531
2020-03-09,446.146240234375
2020-03-11,453.8459777832031
2020-03-12,414.8599548339844
2020-03-13,435.86370849609375
2020-03-16,392.6866760253906
2020-03-17,357.94036865234375
2020-03-18,346.0496520996094
2020-03-19,329.9678955078125
2020-03-20,336.9366760253906
2020-03-23,276.80072021484375
2020-03-24,288.9838562011719
2020-03-25,308.86669921875
2020-03-26,321.8782958984375
2020-03-27,331.2349853515625
2020-03-30,305.4554443359375
2020-03-31,315.5430603027344
2020-04-01,303.26251220703125
2020-04-03,279.383544921875
2020-04-07,317.8335266113281
2020-04-08,310.8647766113281
2020-04-09,334.0126953125
2020-04-13,322.2681579589844
2020-04-15,319.0518493652344
2020-04-16,333.3304748535156
2020-04-17,366.02996826171875
2020-04-20,352.14117431640625
2020-04-21,323.437744140625
2020-04-22,327.433837890625
2020-04-23,344.00286865234375
2020-04-24,326.3616943359375
2020-04-27,339.08087158203125
2020-04-28,350.72796630859375
2020-04-29,361.0592956542969
2020-04-30,370.5133972167969
2020-05-04,329.4805603027344
2020-05-05,322.463134765625
2020-05-06,332.74566650390625
2020-05-07,328.2135314941406
2020-05-08,329.13946533203125
2020-05-11,312.0343322753906
2020-05-12,313.0577697753906
2020-05-13,329.4805603027344
2020-05-14,319.1005554199219
2020-05-15,314.51971435546875
2020-05-18,290.9331970214844
2020-05-19,292.6875305175781
2020-05-20,297.9018859863281
2020-05-21,296.68359375
2020-05-22,283.6719970703125
2020-05-26,285.2801818847656
2020-05-27,310.7673034667969
2020-05-28,318.56451416015625
2020-05-29,323.5352478027344
2020-06-01,330.650146484375
2020-06-02,339.5682067871094
2020-06-03,347.80401611328125
2020-06-04,339.03216552734375
2020-06-05,348.1451416015625
2020-06-08,350.6792297363281
2020-06-09,339.7143859863281
2020-06-10,344.0516052246094
2020-06-11,332.5994873046875
2020-06-12,335.4747009277344
2020-06-15,322.706787109375
2020-06-16,334.25640869140625
2020-06-17,333.28173828125
2020-06-18,343.0769348144531
2020-06-19,354.5778503417969
2020-06-22,358.2327575683594
2020-06-23,366.61474609375
2020-06-24,339.27587890625
2020-06-25,342.102294921875
2020-06-26,340.25048828125
2020-06-29,334.4025573730469
2020-06-30,342.5409240722656
2020-07-01,354.82147216796875
2020-07-02,353.65191650390625
2020-07-03,351.8488464355469
2020-07-06,352.6772766113281
2020-07-07,366.5173034667969
2020-07-08,359.5972900390625
2020-07-09,360.9617919921875
2020-07-10,351.21533203125
2020-07-13,344.6363830566406
2020-07-14,336.79046630859375
2020-07-15,337.0340881347656
2020-07-16,335.91326904296875
2020-07-17,344.831298828125
2020-07-20,353.7981262207031
2020-07-21,369.1976013183594
2020-07-22,371.4393005371094
2020-07-23,382.306640625
2020-07-24,372.12152099609375
2020-07-27,349.4122009277344
2020-07-28,343.1744384765625
2020-07-29,342.1510314941406
2020-07-30,336.2056884765625
2020-07-31,338.0087890625
2020-08-03,334.54876708984375
2020-08-04,342.102294921875
2020-08-05,343.27191162109375
2020-08-06,349.6558532714844
2020-08-07,348.87615966796875
2020-08-10,354.33416748046875
2020-08-11,358.037841796875
2020-08-12,357.5505065917969
2020-08-13,358.7200927734375
2020-08-14,352.2386779785156
2020-08-17,351.0691223144531
2020-08-18,360.1820373535156
2020-08-19,364.9578857421875
2020-08-20,358.4277038574219
2020-08-21,361.74151611328125
2020-08-24,370.70831298828125
2020-08-25,376.55621337890625
2020-08-26,379.48016357421875
2020-08-27,382.2579345703125
2020-08-28,399.3143005371094
2020-08-31,384.59710693359375
2020-09-01,381.0395812988281
2020-09-02,382.4528503417969
2020-09-03,373.0474548339844
2020-09-04,363.1059875488281
2020-09-07,363.9344787597656
2020-09-08,366.1761779785156
2020-09-09,358.281494140625
2020-09-10,361.3029479980469
2020-09-11,361.1080017089844
2020-09-14,354.4803466796875
2020-09-15,362.13134765625
2020-09-16,365.2015686035156
2020-09-17,359.6460266113281
2020-09-18,360.1820373535156
2020-09-21,341.8099060058594
2020-09-22,345.41607666015625
2020-09-23,342.9307861328125
2020-09-24,327.190185546875
2020-09-25,339.8118896484375
2020-09-28,353.7981262207031
2020-09-29,347.9989013671875
2020-09-30,345.7572326660156
2020-10-01,359.8409423828125
2020-10-05,363.6421203613281
2020-10-06,370.95196533203125
2020-10-07,372.9499816894531
2020-10-08,377.6770324707031
2020-10-09,391.3221740722656
2020-10-12,393.8074951171875
2020-10-13,386.20526123046875
2020-10-14,396.4877624511719
2020-10-15,381.08831787109375
2020-10-16,386.0590515136719
2020-10-19,406.5267333984375
2020-10-20,404.090087890625
2020-10-21,409.6455993652344
2020-10-22,402.43316650390625
2020-10-23,406.3805236816406
2020-10-26,394.1974182128906
2020-10-27,399.5579833984375
2020-10-28,386.0102844238281
2020-10-29,389.7627258300781
2020-10-30,382.64776611328125
2020-11-02,406.86785888671875
2020-11-03,432.5986328125
2020-11-04,425.9709777832031
2020-11-05,427.3842468261719
2020-11-06,431.5752258300781
2020-11-09,450.9707946777344
2020-11-10,471.58465576171875
2020-11-11,474.2161560058594
2020-11-12,464.61590576171875
2020-11-13,473.24151611328125
2020-11-14,474.55731201171875
2020-11-17,474.0699768066406
2020-11-18,485.0347900390625
2020-11-19,466.6138916015625
2020-11-20,468.02716064453125
2020-11-23,456.38006591796875
2020-11-24,466.077880859375
2020-11-25,460.71728515625
2020-11-26,463.2513427734375
2020-11-27,461.3507995605469
2020-12-01,472.80291748046875
2020-12-02,468.27081298828125
2020-12-03,469.63531494140625
2020-12-04,489.3232421875
2020-12-07,497.5103759765625
2020-12-08,495.51226806640625
2020-12-09,498.5337219238281
2020-12-10,494.09906005859375
2020-12-11,502.3835754394531
2020-12-14,512.4712524414062
2020-12-15,504.9176330566406
2020-12-16,499.45965576171875
2020-12-17,497.4615783691406
2020-12-18,504.0405578613281
2020-12-21,481.96466064453125
2020-12-22,487.6175842285156
2020-12-23,490.833984375
2020-12-24,500.5317077636719
2020-12-28,506.9156799316406
2020-12-29,515.3951416015625
2020-12-30,515.3463745117188
2020-12-31,521.4866943359375
2021-01-01,514.1281127929688
2021-01-04,518.2216186523438
2021-01-05,523.6309814453125
2021-01-06,532.8414306640625
2021-01-07,527.38330078125
2021-01-08,528.3092651367188
2021-01-11,530.89208984375
2021-01-12,534.1084594726562
2021-01-13,542.3929443359375
2021-01-14,539.2741088867188
2021-01-15,529.2351684570312
2021-01-18,519.6348876953125
2021-01-19,532.5977783203125
2021-01-20,537.0324096679688
2021-01-21,538.6893310546875
2021-01-22,520.2684326171875
2021-01-25,524.4107055664062
2021-01-27,509.108642578125
2021-01-28,514.859130859375
2021-01-29,523.3872680664062
2021-02-01,588.493896484375
2021-02-02,601.700439453125
2021-02-03,606.5736694335938
2021-02-04,612.3728637695312
2021-02-05,598.5816040039062
2021-02-08,613.6398315429688
2021-02-09,617.294921875
2021-02-10,616.1253051757812
2021-02-11,614.6633911132812
2021-02-12,631.1837158203125
2021-02-15,656.8656616210938
2021-02-16,641.6611938476562
2021-02-17,640.6864013671875
2021-02-18,628.3084716796875
2021-02-19,608.2305908203125
2021-02-22,594.3905639648438
2021-02-23,600.6771240234375
2021-02-24,624.848388671875
2021-02-25,612.0805053710938
2021-02-26,582.5973510742188
2021-03-01,592.9285888671875
2021-03-02,595.0241088867188
2021-03-03,616.0764770507812
2021-03-04,605.0142822265625
2021-03-05,594.0007934570312
2021-03-08,592.63623046875
2021-03-09,609.2540283203125
2021-03-10,609.7412719726562
2021-03-12,597.3145141601562
2021-03-15,588.2014770507812
2021-03-16,579.8682861328125
2021-03-17,574.5564575195312
2021-03-18,563.9327392578125
2021-03-19,571.7787475585938
2021-03-22,558.9132690429688
2021-03-23,571.5350952148438
2021-03-24,553.1141357421875
2021-03-25,557.0614624023438
2021-03-26,563.884033203125
2021-03-30,576.4570922851562
2021-03-31,567.343994140625
2021-04-01,579.332275390625
2021-04-05,556.7691040039062
2021-04-06,551.5546875
2021-04-07,563.0068359375
2021-04-08,562.0808715820312
2021-04-09,551.8471069335938
2021-04-12,524.89794921875
2021-04-13,546.3890380859375
2021-04-15,560.6190185546875
2021-04-16,552.5780639648438
2021-04-19,545.560546875
2021-04-20,544.927001953125
2021-04-22,564.517578125
2021-04-23,555.5020141601562
2021-04-26,576.1158447265625
2021-04-27,583.5719604492188
2021-04-28,605.5989990234375
2021-04-29,605.696533203125
2021-04-30,585.2776489257812
2021-05-03,581.6226806640625
2021-05-04,576.5545043945312
2021-05-05,587.5192260742188
2021-05-06,592.782470703125
2021-05-07,591.710205078125
2021-05-10,597.704345703125
2021-05-11,594.3905639648438
2021-05-12,579.6734008789062
2021-05-14,582.15869140625
2021-05-17,607.7919921875
2021-05-18,617.148681640625
2021-05-19,609.5951538085938
2021-05-20,602.9187622070312
2021-05-21,626.1641845703125
2021-05-24,630.93994140625
2021-05-25,633.8151245117188
2021-05-26,635.9594116210938
2021-05-27,635.7157592773438
2021-05-28,626.7489624023438
2021-05-31,645.9495849609375
2021-06-01,633.6202392578125
2021-06-02,631.9146118164062
2021-06-03,633.7664794921875
2021-06-04,626.4078979492188
2021-06-07,631.7683715820312
2021-06-08,626.1155395507812
2021-06-09,619.9751586914062
2021-06-10,624.1661987304688
2021-06-11,619.5853271484375
2021-06-14,619.0492553710938
2021-06-15,628.9419555664062
2021-06-16,623.873779296875
2021-06-17,616.9537353515625
2021-06-18,614.419677734375
2021-06-21,615.2481079101562
2021-06-22,614.858154296875
2021-06-23,608.8641357421875
2021-06-24,617.9771118164062
2021-06-25,632.548095703125
2021-06-28,633.8151245117188
2021-06-29,623.873779296875
2021-06-30,614.9069213867188
2021-07-01,614.858154296875
2021-07-02,624.0199584960938
2021-07-05,631.42724609375
2021-07-06,633.8151245117188
2021-07-07,637.42138671875
2021-07-08,625.6281127929688
2021-07-09,622.363037109375
2021-07-12,629.8677978515625
2021-07-13,648.0938720703125
2021-07-14,647.509033203125
2021-07-15,650.5303955078125
2021-07-16,643.5617065429688
2021-07-19,639.2732543945312
2021-07-20,625.6281127929688
2021-07-22,639.322021484375
2021-07-23,659.497314453125
2021-07-26,659.5946655273438
2021-07-27,660.2769775390625
2021-07-28,667.6842041015625
2021-07-29,672.0341796875
2021-07-30,667.1466674804688
2021-08-02,666.0714111328125
2021-08-03,674.8690185546875
2021-08-04,698.573486328125
2021-08-05,686.64794921875
2021-08-06,681.9558715820312
2021-08-09,687.038818359375
2021-08-10,685.1327514648438
2021-08-11,677.9480590820312
2021-08-12,685.5725708007812
2021-08-13,688.9450073242188
2021-08-16,686.8433837890625
2021-08-17,685.426025390625
2021-08-18,672.816162109375
2021-08-20,665.3871459960938
2021-08-23,667.3422241210938
2021-08-24,678.827880859375
2021-08-25,675.5043334960938
2021-08-26,683.0799560546875
2021-08-27,684.0086059570312
2021-08-30,697.595947265625
2021-08-31,702.8744506835938
2021-09-01,703.7053833007812
2021-09-02,708.8372192382812
2021-09-03,708.00634765625
2021-09-06,704.9271850585938
2021-09-07,700.7728271484375
2021-09-08,704.731689453125
2021-09-09,704.0474243164062
2021-09-13,691.486572265625
2021-09-14,691.535400390625
2021-09-15,698.2801513671875
2021-09-16,710.8411254882812
2021-09-17,703.94970703125
2021-09-20,694.028076171875
2021-09-21,695.8363647460938
2021-09-22,687.527587890625
2021-09-23,700.87060546875
2021-09-24,706.6867065429688
2021-09-27,713.578125
2021-09-28,701.0172119140625
2021-09-29,693.539306640625
2021-09-30,685.0838623046875
2021-10-01,676.7750854492188
2021-10-04,684.4485473632812
2021-10-05,681.4181518554688
2021-10-06,673.9891967773438
2021-10-07,686.4035034179688
2021-10-08,687.5765991210938
2021-10-11,697.2537841796875
2021-10-12,692.6595458984375
2021-10-13,693.979248046875
2021-10-14,710.9388427734375
2021-10-18,728.6805419921875
2021-10-19,730.6356201171875
2021-10-20,729.0715942382812
2021-10-21,738.5044555664062
2021-10-22,742.2189331054688
2021-10-25,822.765380859375
2021-10-26,810.7421264648438
2021-10-27,816.216064453125
2021-10-28,780.732666015625
2021-10-29,784.0072631835938
2021-11-01,785.8157348632812
2021-11-02,782.9320678710938
2021-11-03,768.26953125
2021-11-04,764.506103515625
2021-11-08,762.6000366210938
2021-11-09,768.8558959960938
2021-11-10,763.3330688476562
2021-11-11,754.0956420898438
2021-11-12,759.1297607421875
2021-11-15,755.904052734375
2021-11-16,746.8621215820312
2021-11-17,744.1740112304688
2021-11-18,745.738037109375
2021-11-22,735.083251953125
2021-11-23,734.9365844726562
2021-11-24,743.0987548828125
2021-11-25,734.1546020507812
2021-11-26,705.95361328125
2021-11-29,702.2391357421875
2021-11-30,698.2801513671875
2021-12-01,711.329833984375
2021-12-02,706.1491088867188
2021-12-03,700.186279296875
2021-12-06,693.588134765625
2021-12-07,718.12353515625
2021-12-08,736.4517822265625
2021-12-09,738.0157470703125
2021-12-10,740.9482421875
2021-12-13,737.0382080078125
2021-12-14,741.5836181640625
2021-12-15,735.3275756835938
2021-12-16,724.477294921875
2021-12-17,711.9163818359375
2021-12-20,693.979248046875
2021-12-21,704.1452026367188
2021-12-22,716.3151245117188
2021-12-23,714.848876953125
2021-12-24,710.7433471679688
2021-12-27,719.443115234375
2021-12-28,719.2476806640625
2021-12-29,719.14990234375
2021-12-30,719.14990234375
2021-12-31,723.4998168945312
2022-01-03,747.4974975585938
2022-01-04,755.464111328125
2022-01-05,770.322265625
2022-01-06,767.3897094726562
2022-01-07,775.4052734375
2022-01-10,792.5115966796875
2022-01-11,792.4138793945312
2022-01-12,805.2191772460938
2022-01-13,806.1478271484375
2022-01-14,801.5535278320312
2022-01-17,800.8692626953125
2022-01-18,804.583740234375
2022-01-19,790.409912109375
2022-01-20,792.0228271484375
2022-01-21,786.4021606445312
2022-01-24,780.4883422851562
2022-01-25,783.6163940429688
2022-01-27,776.7738037109375
2022-01-28,763.5775146484375
2022-01-31,771.0553588867188
2022-02-01,792.0717163085938
2022-02-02,795.444091796875
2022-02-03,790.7520751953125
2022-02-04,786.9398193359375
2022-02-07,768.7094116210938
2022-02-08,774.6721801757812
2022-02-09,784.7404174804688
2022-02-10,787.3796997070312
2022-02-11,773.0103149414062
2022-02-14,736.7450561523438
2022-02-15,758.5921630859375
2022-02-16,746.8621215820312
2022-02-17,733.4702758789062
2022-02-18,732.052978515625
2022-02-21,737.4780883789062
2022-02-22,734.39892578125
2022-02-23,727.8496704101562
2022-02-24,691.486572265625
2022-02-25,713.626953125
2022-02-28,725.992431640625
2022-03-02,698.7689208984375
2022-03-03,682.5912475585938
2022-03-04,672.5718383789062
2022-03-07,639.0433959960938
2022-03-08,650.0403442382812
2022-03-09,652.4351806640625
2022-03-10,661.3793334960938
2022-03-11,662.650146484375
2022-03-14,680.4895629882812
2022-03-15,681.66259765625
2022-03-16,692.072998046875
2022-03-17,703.9008178710938
2022-03-21,694.7611694335938
2022-03-22,702.0435791015625
2022-03-23,702.1412963867188
2022-03-24,688.3585205078125
2022-03-25,683.5198974609375
2022-03-28,694.3701171875
2022-03-29,699.2088012695312
2022-03-30,714.4578857421875
2022-03-31,713.8713989257812
2022-04-01,719.6875
2022-04-04,729.8046264648438
2022-04-05,725.1126098632812
2022-04-06,724.9171752929688
2022-04-07,731.7108154296875
2022-04-08,737.3314819335938
2022-04-11,742.51220703125
2022-04-12,746.6666259765625
2022-04-13,745.1026611328125
2022-04-18,740.752685546875
2022-04-19,749.0614624023438
2022-04-20,738.5533447265625
2022-04-21,745.2003784179688
2022-04-22,730.8311157226562
2022-04-25,735.2786865234375
2022-04-26,736.7938842773438
2022-04-27,720.1273803710938
2022-04-28,730.3424072265625
2022-04-29,726.5789184570312
2022-05-02,724.3306884765625
2022-05-04,707.9574584960938
2022-05-05,712.4050903320312
2022-05-06,703.0699462890625
2022-05-09,694.3701171875
2022-05-10,695.2987670898438
2022-05-11,698.1336059570312
2022-05-12,680.1473999023438
2022-05-13,662.1124877929688
2022-05-16,667.6353759765625
2022-05-17,694.028076171875
2022-05-18,691.4376220703125
2022-05-19,674.7711791992188
2022-05-20,693.588134765625
2022-05-23,695.0543823242188
2022-05-24,692.2196655273438
2022-05-25,697.3026733398438
2022-05-26,712.11181640625
2022-05-27,723.1576538085938
2022-05-30,731.6619873046875
2022-05-31,735.9140625
2022-06-01,735.7185668945312
2022-06-02,732.8838500976562
2022-06-03,727.5564575195312
2022-06-06,729.9512939453125
2022-06-07,718.7099609375
2022-06-08,713.0894165039062
2022-06-09,716.2662963867188
2022-06-10,703.8030395507812
2022-06-13,672.52294921875
2022-06-14,670.0792236328125
2022-06-15,671.789794921875
2022-06-16,663.2366333007812
2022-06-17,671.3987426757812
2022-06-20,670.5191040039062
2022-06-21,680.440673828125
2022-06-22,671.1544189453125
2022-06-23,683.4221801757812
2022-06-24,697.400390625
2022-06-27,701.212646484375
2022-06-28,694.3212890625
2022-06-29,686.941162109375
2022-06-30,691.291015625
2022-07-01,688.0653076171875
2022-07-04,703.9008178710938
2022-07-05,703.2655029296875
2022-07-06,709.6192626953125
2022-07-07,725.3082275390625
2022-07-08,738.7000122070312
2022-07-11,752.1895141601562
2022-07-12,742.8055419921875
2022-07-13,736.2562255859375
2022-07-14,735.4742431640625
2022-07-15,734.3012084960938
2022-07-18,754.63330078125
2022-07-19,763.0887451171875
2022-07-20,765.4835815429688
2022-07-21,768.318359375
2022-07-22,782.0523071289062
2022-07-25,782.8831787109375
2022-07-26,778.3865966796875
2022-07-27,782.4921875
2022-07-28,796.2749633789062
2022-07-29,800.1849975585938
2022-08-01,804.8770141601562
2022-08-02,799.3541259765625
2022-08-03,806.2455444335938
2022-08-04,801.7979125976562
2022-08-05,819.3441162109375
2022-08-08,823.03173828125
2022-08-10,834.635498046875
2022-08-11,845.4034423828125
2022-08-12,859.8590087890625
2022-08-16,864.6282958984375
2022-08-17,868.561767578125
2022-08-18,870.3809814453125
2022-08-19,855.925537109375
2022-08-22,838.0772705078125
2022-08-23,849.5335693359375
2022-08-24,858.7772216796875
2022-08-25,857.843017578125
2022-08-26,856.367919921875
2022-08-29,841.617431640625
2022-08-30,872.54443359375
2022-09-01,859.8097534179688
2022-09-02,857.8922119140625
2022-09-05,867.7750854492188
2022-09-06,868.9551391601562
2022-09-07,861.6290283203125
2022-09-08,883.8531494140625
2022-09-09,886.262451171875
2022-09-12,892.1134643554688
2022-09-13,894.866943359375
2022-09-14,902.8322143554688
2022-09-15,902.3405151367188
2022-09-16,893.9818725585938
2022-09-19,884.2465209960938
2022-09-20,901.5046997070312
2022-09-21,900.0296020507812
2022-09-22,888.376708984375
2022-09-23,867.5784301757812
2022-09-26,846.7308959960938
2022-09-27,838.3722534179688
2022-09-28,835.3729858398438
2022-09-29,829.8661499023438
2022-09-30,847.6651611328125
2022-10-03,834.2421264648438
2022-10-04,853.22119140625
2022-10-06,870.7252197265625
2022-10-07,867.8733520507812
2022-10-10,867.086669921875
2022-10-11,856.1221313476562
2022-10-12,853.9095458984375
2022-10-13,839.4048461914062
2022-10-14,855.7779541015625
2022-10-17,870.4793701171875
2022-10-18,881.9848022460938
2022-10-19,877.2645874023438
2022-10-20,873.8720092773438
2022-10-21,892.0643310546875
2022-10-24,910.8958129882812
2022-10-25,909.6666870117188
2022-10-27,909.0275268554688
2022-10-28,892.7526245117188
2022-10-31,893.5885620117188
2022-11-01,893.4901733398438
2022-11-02,889.6550903320312
2022-11-03,893.5393676757812
2022-11-04,890.2450561523438
2022-11-07,902.2422485351562
2022-11-09,895.358642578125
2022-11-10,895.5552978515625
2022-11-11,891.4743041992188
2022-11-14,880.0671997070312
2022-11-15,896.5386352539062
2022-11-16,898.4070434570312
2022-11-17,904.5039672851562
2022-11-18,905.0447387695312
2022-11-21,906.077392578125
2022-11-22,908.339111328125
2022-11-23,912.0267944335938
2022-11-24,923.2371215820312
2022-11-25,914.8292846679688
2022-11-28,921.8113403320312
2022-11-29,931.0057983398438
2022-11-30,937.0535278320312
2022-12-01,924.564697265625
2022-12-02,915.1243286132812
2022-12-05,918.074462890625
2022-12-06,907.3065795898438
2022-12-07,906.81494140625
2022-12-08,916.4027099609375
2022-12-09,914.43603515625
2022-12-12,914.8292846679688
2022-12-13,917.435302734375
2022-12-14,906.4215087890625
2022-12-15,893.6868286132812
2022-12-16,887.0
2022-12-19,891.3759765625
2022-12-20,894.5719604492188
2022-12-21,877.412109375
2022-12-22,875.8387451171875
2022-12-23,864.2841796875
2022-12-26,878.3463134765625
2022-12-27,885.6724243164062
2022-12-28,884.000732421875
2022-12-29,892.9493408203125
2022-12-30,876.0353393554688
2023-01-02,887.4425048828125
2023-01-03,886.3607788085938
2023-01-04,884.148193359375
2023-01-05,864.5299682617188
2023-01-06,855.6304321289062
2023-01-09,858.8263549804688
2023-01-10,847.0259399414062
2023-01-11,851.8936157226562
2023-01-12,846.337646484375
2023-01-13,858.9248046875
2023-01-16,850.8611450195312
2023-01-17,850.7628173828125
2023-01-18,855.0404052734375
2023-01-19,851.7461547851562
2023-01-20,855.8762817382812
2023-01-23,857.203857421875
2023-01-24,856.2696533203125
2023-01-25,841.0765380859375
2023-01-27,803.6101684570312
2023-01-30,809.805419921875
2023-01-31,818.0657348632812
2023-02-01,833.8488159179688
2023-02-02,843.6333618164062
2023-02-03,849.4351806640625
2023-02-06,839.503173828125
2023-02-07,838.5690307617188
2023-02-08,844.8133544921875
2023-02-09,846.485107421875
2023-02-10,839.650634765625
2023-02-13,836.50390625
2023-02-14,850.9102783203125
2023-02-15,856.3187866210938
2023-02-16,854.9912719726562
2023-02-17,848.3043823242188
2023-02-20,837.9297485351562
2023-02-21,839.9949340820312
2023-02-22,825.29345703125
2023-02-23,825.78515625
2023-02-24,825.7360229492188
2023-02-27,842.1582641601562
2023-02-28,840.634033203125
2023-03-01,842.0599365234375
2023-03-02,839.7981567382812
2023-03-03,854.106201171875
2023-03-06,853.3195190429688
2023-03-08,857.59716796875
2023-03-09,841.7157592773438
2023-03-10,828.6370239257812
2023-03-13,814.6239624023438
2023-03-14,816.54150390625
2023-03-15,812.16552734375
2023-03-16,810.1987915039062
2023-03-17,822.3433837890625
2023-03-20,822.5400390625
2023-03-21,838.2247924804688
2023-03-22,845.8950805664062
2023-03-23,841.2240600585938
2023-03-24,838.2247924804688
2023-03-27,834.5863037109375
2023-03-28,840.5357055664062
2023-03-29,836.8480834960938
2023-03-31,862.6614990234375
2023-04-03,869.1026000976562
2023-04-05,869.8892822265625
2023-04-06,860.448974609375
2023-04-10,854.0078735351562
2023-04-11,867.2342529296875
2023-04-12,875.3470458984375
2023-04-13,884.0498657226562
2023-04-17,886.3115844726562
2023-04-18,881.9356079101562
2023-04-19,877.0679321289062
2023-04-20,879.5263671875
2023-04-21,870.921875
2023-04-24,889.7042236328125
2023-04-25,898.259521484375
2023-04-26,899.734619140625
2023-04-27,903.0780639648438
2023-04-28,902.3897094726562
2023-05-02,906.7656860351562
2023-05-03,907.5032348632812
2023-05-04,906.3723754882812
2023-05-05,911.5350341796875
2023-05-08,922.302978515625
2023-05-09,918.8612060546875
2023-05-10,920.4837036132812
2023-05-11,923.5813598632812
2023-05-12,928.2031860351562
2023-05-15,930.0223999023438
2023-05-16,930.6124267578125
2023-05-17,923.7288208007812
2023-05-18,930.7598876953125
2023-05-19,938.4302368164062
2023-05-22,934.5458374023438
2023-05-23,937.5452270507812
2023-05-24,925.0072631835938
2023-05-25,924.2205200195312
2023-05-26,934.89013671875
2023-05-29,932.382568359375
2023-05-30,934.152587890625
2023-05-31,933.3659057617188
2023-06-01,920.5328979492188
2023-06-02,922.548828125
2023-06-05,931.0057983398438
2023-06-06,926.43310546875
2023-06-07,924.564697265625
2023-06-08,922.302978515625
2023-06-09,922.450439453125
2023-06-12,920.3854370117188
2023-06-13,927.8590087890625
2023-06-14,924.17138671875
2023-06-15,911.1908569335938
2023-06-16,918.6644897460938
2023-06-19,907.7982788085938
2023-06-20,910.1583251953125
2023-06-21,909.3224487304688
2023-06-22,910.35498046875
2023-06-23,908.1424560546875
2023-06-26,912.0267944335938
2023-06-27,920.5328979492188
2023-06-28,921.8604736328125
2023-06-30,919.0578002929688
2023-07-03,926.8756103515625
2023-07-04,928.9898681640625
2023-07-05,942.0686645507812
2023-07-06,943.4454345703125
2023-07-07,930.66162109375
2023-07-10,932.6283569335938
2023-07-11,929.2357177734375
2023-07-12,928.6948852539062
2023-07-13,939.8069458007812
2023-07-14,944.0845947265625
2023-07-17,952.5907592773438
2023-07-18,959.228515625
2023-07-19,957.2617797851562
2023-07-20,979.0433959960938
2023-07-21,980.420166015625
2023-07-24,975.5032958984375
2023-07-25,978.1583862304688
2023-07-26,979.8792724609375
2023-07-27,973.7823486328125
2023-07-28,979.6334838867188
2023-07-31,981.6985473632812
2023-08-01,978.0108642578125
2023-08-02,970.5372924804688
2023-08-03,948.9522705078125
2023-08-04,954.36083984375
2023-08-07,959.4251708984375
2023-08-08,963.6045532226562
2023-08-09,964.397705078125
2023-08-10,955.87109375
2023-08-11,944.7171020507812
2023-08-14,951.3599243164062
2023-08-16,948.3359375
2023-08-17,943.5274047851562
2023-08-18,942.535888671875
2023-08-21,947.0470581054688
2023-08-22,943.8743896484375
2023-08-23,958.5975952148438
2023-08-24,960.6796875
2023-08-25,962.1173706054688
2023-08-28,962.2660522460938
2023-08-29,959.4899291992188
2023-08-30,950.7155151367188
2023-08-31,950.5667724609375
2023-09-01,960.4318237304688
2023-09-04,959.0933227539062
2023-09-05,960.1343994140625
2023-09-06,949.3274536132812
2023-09-07,957.4078979492188
2023-09-08,962.2660522460938
2023-09-11,969.9003295898438
2023-09-12,982.0457763671875
2023-09-13,981.3517456054688
2023-09-14,979.2696533203125
2023-09-15,983.9791259765625
2023-09-18,981.7483520507812
2023-09-20,978.724365234375
2023-09-21,951.112060546875
2023-09-22,942.1888427734375
2023-09-25,948.1871948242188
2023-09-26,940.6025390625
2023-09-27,935.05029296875
2023-09-28,934.5545654296875
2023-09-29,943.7752685546875
2023-10-03,932.2742309570312
2023-10-04,922.1116943359375
2023-10-05,932.8195190429688
2023-10-06,937.1324462890625
2023-10-09,930.5887451171875
2023-10-10,943.0812377929688
2023-10-11,944.9649658203125
2023-10-12,946.1051635742188
2023-10-13,943.1803588867188
2023-10-16,943.279541015625
2023-10-17,945.7581787109375
2023-10-18,935.6947631835938
2023-10-19,927.7630615234375
2023-10-20,924.7886962890625
2023-10-23,922.0125732421875
2023-10-25,908.28076171875
2023-10-26,900.8944091796875
2023-10-27,904.9594116210938
2023-10-30,917.0056762695312
2023-10-31,907.5371704101562
2023-11-01,906.248291015625
2023-11-02,912.0979614257812
2023-11-03,925.8297119140625
2023-11-06,937.3803100585938
2023-11-07,940.0076293945312
2023-11-08,927.7630615234375
2023-11-09,929.349365234375
2023-11-10,930.5887451171875
2023-11-13,926.4741821289062
2023-11-15,933.0673828125
2023-11-16,928.0109252929688
2023-11-17,913.981689453125
2023-11-20,913.5851440429688
2023-11-21,918.1954345703125
2023-11-22,914.8740234375
2023-11-23,915.1218872070312
2023-11-24,921.46728515625
2023-11-28,917.6005859375
2023-11-29,931.5802001953125
2023-11-30,926.9699096679688
2023-12-01,938.61962890625
2023-12-04,982.7398071289062
2023-12-05,1004.7998657226562
2023-12-06,994.6869506835938
2023-12-07,990.4732055664062
2023-12-08,1002.2220458984375
2023-12-11,1008.418701171875
2023-12-12,1007.0307006835938
2023-12-13,1005.2460327148438
2023-12-14,1024.8275146484375
2023-12-15,1028.5455322265625
2023-12-18,1012.7316284179688
2023-12-19,1006.7828369140625
2023-12-20,998.0579223632812
2023-12-21,995.8271484375
2023-12-22,985.8132934570312
2023-12-26,986.6064453125
2023-12-27,993.6954956054688
2023-12-28,997.3143310546875
2023-12-29,988.0936889648438
2024-01-01,990.8698120117188
2024-01-02,973.8661499023438
2024-01-03,975.6508178710938
2024-01-04,978.724365234375
2024-01-05,985.2184448242188
2024-01-08,973.6182861328125
2024-01-09,971.3875122070312
2024-01-10,984.573974609375
2024-01-11,982.6902465820312
2024-01-12,994.934814453125
2024-01-15,1001.2305908203125
2024-01-16,1000.4374389648438
2024-01-17,973.3704223632812
2024-01-18,977.93115234375
2024-01-19,990.6715087890625
2024-01-23,1020.2667846679688
2024-01-24,990.6715087890625
2024-01-25,1001.3297729492188
2024-01-29,1007.7247314453125
2024-01-30,1008.220458984375
2024-01-31,1019.3744506835938
2024-02-01,1016.4000244140625
2024-02-02,1015.2598266601562
2024-02-05,1014.7640991210938
2024-02-06,1017.6393432617188
2024-02-07,1013.4256591796875
2024-02-08,980.8560180664062
2024-02-09,1002.0733642578125
2024-02-12,987.5979614257812
2024-02-13,1011.0956420898438
2024-02-14,1013.970947265625
2024-02-15,1007.9725952148438
2024-02-16,1014.5162353515625
2024-02-19,1034.84130859375
2024-02-20,1039.798583984375
2024-02-21,1042.97119140625
2024-02-22,1053.6295166015625
2024-02-23,1052.241455078125
2024-02-26,1045.2020263671875
2024-02-27,1051.1507568359375
2024-02-28,1037.270263671875
2024-02-29,1043.2191162109375
2024-03-01,1077.6229248046875
2024-03-04,1083.0263671875
2024-03-05,1078.76318359375
2024-03-06,1087.73583984375
2024-03-07,1078.6639404296875
2024-03-11,1069.492919921875
2024-03-12,1067.65869140625
2024-03-13,1074.6981201171875
2024-03-14,1074.35107421875
2024-03-15,1071.1287841796875
2024-03-18,1071.9715576171875
2024-03-19,1074.6981201171875
2024-03-20,1075.243408203125
2024-03-21,1072.5665283203125
2024-03-22,1080.9940185546875
2024-03-26,1074.4501953125
2024-03-27,1074.4998779296875
2024-03-28,1083.9683837890625
2024-04-01,1090.26416015625
2024-04-02,1071.9715576171875
2024-04-03,1068.0057373046875
2024-04-04,1069.6416015625
2024-04-05,1074.15283203125
2024-04-08,1077.870849609375
2024-04-09,1097.60107421875
2024-04-10,1099.930908203125
2024-04-12,1094.9736328125
2024-04-15,1069.1458740234375
2024-04-16,1057.9423828125
2024-04-18,1046.4412841796875
2024-04-19,1058.140625
2024-04-22,1077.3751220703125
2024-04-23,1080.9443359375
2024-04-24,1087.388916015625
2024-04-25,1104.2437744140625
2024-04-26,1098.4437255859375
2024-04-29,1150.247802734375
2024-04-30,1140.5809326171875
2024-05-02,1129.724365234375
2024-05-03,1132.30224609375
2024-05-06,1136.5159912109375
2024-05-07,1122.2388916015625
2024-05-08,1113.414794921875
2024-05-09,1106.1771240234375
2024-05-10,1107.515625
2024-05-13,1118.3721923828125
2024-05-14,1110.98583984375
2024-05-15,1114.7532958984375
2024-05-16,1121.3961181640625
2024-05-17,1120.850830078125
2024-05-21,1111.38232421875
2024-05-22,1101.6163330078125
2024-05-23,1124.816650390625
2024-05-24,1122.288330078125
2024-05-27,1120.1568603515625
2024-05-28,1117.3310546875
2024-05-29,1092.5941162109375
2024-05-30,1104.1942138671875
2024-05-31,1111.4815673828125
2024-06-03,1150.0989990234375
2024-06-04,1062.3048095703125
2024-06-05,1099.1873779296875
2024-06-06,1100.92236328125
2024-06-07,1112.1258544921875
2024-06-10,1114.2080078125
2024-06-11,1108.65576171875
2024-06-12,1109.994384765625
2024-06-13,1097.8984375
2024-06-14,1096.212890625
2024-06-18,1113.26611328125
2024-06-19,1134.681640625
2024-06-20,1146.9263916015625
2024-06-21,1148.7606201171875
2024-06-24,1160.11279296875
2024-06-25,1187.72509765625
2024-06-26,1207.60400390625
2024-06-27,1209.48779296875
2024-06-28,1189.3609619140625
2024-07-01,1201.5064697265625
2024-07-02,1180.4378662109375
2024-07-03,1191.3438720703125
2024-07-04,1222.4759521484375
2024-07-05,1222.87255859375
2024-07-08,1224.508544921875
2024-07-09,1237.5958251953125
2024-07-10,1232.5888671875
2024-07-11,1227.87939453125
2024-07-12,1222.3768310546875
2024-07-15,1219.451904296875
2024-07-16,1229.3170166015625
2024-07-18,1239.6282958984375
2024-07-19,1237.992431640625
2024-07-22,1230.556396484375
2024-07-23,1216.279296875
2024-07-24,1212.561279296875
2024-07-25,1187.675537109375
2024-07-26,1196.8961181640625
2024-07-29,1202.34912109375
2024-07-30,1199.126953125
2024-07-31,1204.530517578125
2024-08-01,1199.7713623046875
2024-08-02,1186.337158203125
2024-08-05,1162.5914306640625
2024-08-06,1156.8905029296875
2024-08-07,1162.4427490234375
2024-08-08,1154.6597900390625
2024-08-09,1161.5999755859375
2024-08-12,1172.800048828125
2024-08-13,1168.3499755859375
2024-08-14,1161.6500244140625
2024-08-16,1187.25
2024-08-19,1175.9000244140625
2024-08-20,1179.449951171875
2024-08-21,1174.8499755859375
2024-08-22,1191.0999755859375
2024-08-23,1203.5
2024-08-26,1213.300048828125
2024-08-27,1226.3499755859375
2024-08-28,1223.8499755859375
2024-08-29,1221.9000244140625
2024-08-30,1229.199951171875
2024-09-02,1229.949951171875
2024-09-03,1247.699951171875
2024-09-04,1236.3499755859375
2024-09-05,1235.949951171875
2024-09-06,1208.1500244140625
2024-09-09,1235.0
2024-09-10,1237.300048828125
2024-09-11,1236.3499755859375
2024-09-12,1252.1500244140625
2024-09-13,1250.3499755859375
2024-09-16,1262.8499755859375
2024-09-17,1268.0999755859375
2024-09-18,1288.3499755859375
2024-09-19,1292.0
2024-09-20,1338.449951171875
2024-09-23,1321.9000244140625
2024-09-24,1318.5999755859375
2024-09-25,1323.8499755859375
2024-09-26,1329.050048828125
2024-09-27,1306.5999755859375
2024-09-30,1273.0
2024-10-01,1274.4000244140625
2024-10-03,1256.3499755859375
2024-10-04,1239.75
2024-10-07,1233.9000244140625
2024-10-08,1236.5999755859375
2024-10-09,1244.1500244140625
2024-10-10,1243.5
2024-10-11,1223.0
2024-10-14,1231.75
2024-10-15,1255.5
2024-10-16,1243.1500244140625
2024-10-17,1231.25
2024-10-18,1264.5
2024-10-21,1259.050048828125
2024-10-22,1267.5
2024-10-23,1251.5999755859375
2024-10-24,1252.75
2024-10-25,1255.449951171875
2024-10-28,1292.8499755859375
2024-10-29,1331.8499755859375
2024-10-30,1312.1500244140625
2024-10-31,1292.25
2024-11-01,1291.800048828125
2024-11-04,1277.199951171875
2024-11-05,1296.699951171875
2024-11-06,1302.3499755859375
2024-11-07,1278.699951171875
2024-11-08,1258.8499755859375
2024-11-11,1269.300048828125
2024-11-12,1270.5999755859375
2024-11-13,1253.699951171875
2024-11-14,1256.949951171875
2024-11-18,1253.449951171875
2024-11-19,1249.0999755859375
2024-11-21,1250.550048828125
2024-11-22,1278.050048828125
2024-11-25,1300.949951171875
2024-11-26,1304.949951171875
2024-11-27,1300.699951171875
2024-11-28,1286.3499755859375
2024-11-29,1300.0999755859375
2024-12-02,1304.6500244140625
2024-12-03,1308.4000244140625
2024-12-04,1316.050048828125
2024-12-05,1336.5
2024-12-06,1328.75
2024-12-09,1322.300048828125
2024-12-10,1330.449951171875
2024-12-11,1327.5
2024-12-12,1329.25
2024-12-13,1344.9000244140625
2024-12-16,1346.0999755859375
2024-12-17,1333.75
2024-12-18,1314.1500244140625
2024-12-19,1286.9000244140625
2024-12-20,1288.4000244140625
2024-12-23,1296.800048828125
2024-12-24,1297.25
2024-12-26,1297.3499755859375
2024-12-27,1307.550048828125
2024-12-30,1294.6500244140625
2024-12-31,1281.6500244140625
2025-01-01,1283.6500244140625
2025-01-02,1290.5999755859375
2025-01-03,1265.050048828125
2025-01-06,1264.0999755859375
2025-01-07,1279.25
2025-01-08,1263.75
2025-01-09,1262.4000244140625
2025-01-10,1249.8499755859375
2025-01-13,1229.75
2025-01-14,1240.300048828125
2025-01-15,1238.25
2025-01-16,1249.0999755859375
2025-01-17,1225.449951171875
2025-01-20,1232.949951171875
2025-01-21,1196.1500244140625
2025-01-22,1200.449951171875
2025-01-23,1201.75
2025-01-24,1209.199951171875
2025-01-27,1227.949951171875
2025-01-28,1246.9000244140625
2025-01-29,1251.6500244140625
2025-01-30,1255.5999755859375
2025-01-31,1252.800048828125
2025-02-01,1255.550048828125
2025-02-03,1253.0
2025-02-04,1268.199951171875
2025-02-05,1267.699951171875
2025-02-06,1272.4000244140625
2025-02-07,1256.9000244140625
2025-02-10,1262.5999755859375
2025-02-11,1252.75
2025-02-12,1251.800048828125
2025-02-13,1248.9000244140625
2025-02-14,1260.0999755859375
2025-02-17,1251.1500244140625
2025-02-18,1243.050048828125
2025-02-19,1261.6500244140625
2025-02-20,1249.949951171875
2025-02-21,1232.949951171875
2025-02-24,1218.3499755859375
2025-02-25,1224.1500244140625
2025-02-27,1222.449951171875
2025-02-28,1204.0999755859375
2025-03-03,1206.199951171875
2025-03-04,1210.4000244140625
2025-03-05,1215.699951171875
2025-03-06,1218.050048828125
2025-03-07,1214.550048828125
2025-03-10,1214.8499755859375
2025-03-11,1245.4000244140625
2025-03-12,1243.949951171875
2025-03-13,1250.050048828125
2025-03-17,1269.0
2025-03-18,1269.0
2025-03-19,1313.0999755859375
2025-03-20,1321.699951171875
2025-03-21,1343.0999755859375
2025-03-24,1358.1500244140625
2025-03-25,1343.699951171875
2025-03-26,1335.9000244140625
2025-03-27,1336.6500244140625
2025-03-28,1348.3499755859375
2025-04-01,1318.449951171875
2025-04-02,1331.25
2025-04-03,1329.550048828125
2025-04-04,1335.300048828125
2025-04-07,1287.550048828125
2025-04-08,1299.9000244140625
2025-04-09,1300.800048828125
2025-04-11,1311.6500244140625
2025-04-15,1350.199951171875
2025-04-16,1356.4000244140625
2025-04-17,1406.699951171875
2025-04-21,1409.800048828125
2025-04-22,1416.5
2025-04-23,1424.4000244140625
2025-04-24,1402.699951171875
2025-04-25,1404.800048828125
2025-04-28,1428.800048828125
2025-04-29,1429.800048828125
2025-04-30,1427.0
2025-05-02,1430.0999755859375
2025-05-05,1429.4000244140625
2025-05-06,1431.5999755859375
2025-05-07,1435.4000244140625
2025-05-08,1435.5
2025-05-09,1388.9000244140625
2025-05-12,1448.5
2025-05-13,1430.5999755859375
2025-05-14,1426.199951171875
2025-05-15,1450.800048828125
2025-05-16,1454.0
2025-05-19,1449.0
2025-05-20,1438.199951171875
2025-05-21,1444.699951171875
2025-05-22,1442.0999755859375
2025-05-23,1449.800048828125
2025-05-26,1460.5999755859375
2025-05-27,1446.4000244140625
2025-05-28,1453.800048828125
2025-05-29,1456.5
2025-05-30,1445.800048828125
2025-06-02,1450.5
2025-06-03,1437.9000244140625
2025-06-04,1431.0
2025-06-05,1454.800048828125
2025-06-06,1459.699951171875
2025-06-09,1434.800048828125
2025-06-10,1422.9000244140625
2025-06-11,1431.0
2025-06-12,1425.199951171875
2025-06-13,1416.0999755859375
2025-06-16,1426.9000244140625
2025-06-17,1423.199951171875
2025-06-18,1412.5999755859375
2025-06-19,1411.300048828125
2025-06-20,1427.0999755859375
2025-06-23,1420.0999755859375
2025-06-24,1424.0999755859375
2025-06-25,1425.800048828125
2025-06-26,1439.0999755859375
2025-06-27,1462.199951171875
2025-06-30,1445.800048828125
2025-07-01,1432.0
2025-07-02,1427.800048828125
2025-07-03,1425.9000244140625
2025-07-04,1442.800048828125
