Price,Close
Ticker,NVDA
Date,
2015-01-02,0.4830654561519623
2015-01-05,0.47490641474723816
2015-01-06,0.4605080187320709
2015-01-07,0.4593082070350647
2015-01-08,0.47658631205558777
2015-01-09,0.4785059988498688
2015-01-12,0.4725067615509033
2015-01-13,0.471786767244339
2015-01-14,0.4737066626548767
2015-01-15,0.4703470468521118
2015-01-16,0.4789859652519226
2015-01-20,0.4804258346557617
2015-01-21,0.48714491724967957
2015-01-22,0.49554407596588135
2015-01-23,0.49698400497436523
2015-01-26,0.49482426047325134
2015-01-27,0.471066951751709
2015-01-28,0.4633878469467163
2015-01-29,0.47466644644737244
2015-01-30,0.46074795722961426
2015-02-02,0.4708269238471985
2015-02-03,0.4825855493545532
2015-02-04,0.4837855100631714
2015-02-05,0.4917045533657074
2015-02-06,0.4895448684692383
2015-02-09,0.4890647530555725
2015-02-10,0.5027433037757874
2015-02-11,0.49938368797302246
2015-02-12,0.5351397395133972
2015-02-13,0.5353796482086182
2015-02-17,0.5370596647262573
2015-02-18,0.5308202505111694
2015-02-19,0.5322598814964294
2015-02-20,0.5360996127128601
2015-02-23,0.5317801237106323
2015-02-24,0.5374411940574646
2015-02-25,0.5333458185195923
2015-02-26,0.5347915291786194
2015-02-27,0.5314188599586487
2015-03-02,0.5444271564483643
2015-03-03,0.5343093276023865
2015-03-04,0.5403319001197815
2015-03-05,0.5506904721260071
2015-03-06,0.5432228446006775
2015-03-09,0.5446679592132568
2015-03-10,0.5540629625320435
2015-03-11,0.5511722564697266
2015-03-12,0.5461134314537048
2015-03-13,0.5468361973762512
2015-03-16,0.5533402562141418
2015-03-17,0.5600854754447937
2015-03-18,0.5509313344955444
2015-03-19,0.5593627095222473
2015-03-20,0.5653854012489319
2015-03-23,0.5470768213272095
2015-03-24,0.5396090745925903
2015-03-25,0.506847083568573
2015-03-26,0.5051609873771667
2015-03-27,0.5150377750396729
2015-03-30,0.5172058343887329
2015-03-31,0.5041972398757935
2015-04-01,0.5061246752738953
2015-04-02,0.507328987121582
2015-04-06,0.5220238566398621
2015-04-07,0.52660071849823
2015-04-08,0.5304550528526306
2015-04-09,0.5427408218383789
2015-04-10,0.5482814908027649
2015-04-13,0.5432228446006775
2015-04-14,0.5386456847190857
2015-04-15,0.545150101184845
2015-04-16,0.5417770743370056
2015-04-17,0.5347915291786194
2015-04-20,0.5321413278579712
2015-04-21,0.5314188599586487
2015-04-22,0.5374411940574646
2015-04-23,0.535273015499115
2015-04-24,0.5306962132453918
2015-04-27,0.5347915291786194
2015-04-28,0.5374411940574646
2015-04-29,0.5333458185195923
2015-04-30,0.5347915291786194
2015-05-01,0.5480404496192932
2015-05-04,0.5446679592132568
2015-05-05,0.5306962132453918
2015-05-06,0.5323823690414429
2015-05-07,0.5417770743370056
2015-05-08,0.5017884373664856
2015-05-11,0.4969702363014221
2015-05-12,0.5017884373664856
2015-05-13,0.5046790838241577
2015-05-14,0.5128697156906128
2015-05-15,0.5131105780601501
2015-05-18,0.5123879313468933
2015-05-19,0.5091931819915771
2015-05-20,0.5091931819915771
2015-05-21,0.505562961101532
2015-05-22,0.5048370957374573
2015-05-26,0.5016908645629883
2015-05-27,0.5285541415214539
2015-05-28,0.5358147025108337
2015-05-29,0.5355725884437561
2015-06-01,0.5416229367256165
2015-06-02,0.5309743285179138
2015-06-03,0.5251662731170654
2015-06-04,0.534604549407959
2015-06-05,0.5387186408042908
2015-06-08,0.5263761281967163
2015-06-09,0.5290384292602539
2015-06-10,0.5195999145507812
2015-06-11,0.5251662731170654
2015-06-12,0.5108874440193176
2015-06-15,0.5099194049835205
2015-06-16,0.5162116289138794
2015-06-17,0.5222619771957397
2015-06-18,0.5309743285179138
2015-06-19,0.5292801856994629
2015-06-22,0.527101993560791
2015-06-23,0.5135496258735657
2015-06-24,0.5084673166275024
2015-06-25,0.5123395323753357
2015-06-26,0.5019327402114868
2015-06-29,0.4869283139705658
2015-06-30,0.48668617010116577
2015-07-01,0.49370449781417847
2015-07-02,0.4941883981227875
2015-07-06,0.48813819885253906
2015-07-07,0.47894173860549927
2015-07-08,0.47555363178253174
2015-07-09,0.4697452783584595
2015-07-10,0.4779737889766693
2015-07-13,0.48111993074417114
2015-07-14,0.4813619554042816
2015-07-15,0.4779737889766693
2015-07-16,0.4886223375797272
2015-07-17,0.4857182502746582
2015-07-20,0.47676369547843933
2015-07-21,0.47894173860549927
2015-07-22,0.4697452783584595
2015-07-23,0.47555363178253174
2015-07-24,0.4699873626232147
2015-07-27,0.4673252999782562
2015-07-28,0.477489709854126
2015-07-29,0.4832979738712311
2015-07-30,0.4845081567764282
2015-07-31,0.4828140437602997
2015-08-03,0.4910424053668976
2015-08-04,0.4929784834384918
2015-08-05,0.4980608820915222
2015-08-06,0.49491453170776367
2015-08-07,0.5561435222625732
2015-08-10,0.575504720211029
2015-08-11,0.5726004242897034
2015-08-12,0.5740523934364319
2015-08-13,0.5692121982574463
2015-08-14,0.5696963667869568
2015-08-17,0.5660662055015564
2015-08-18,0.5609139800071716
2015-08-19,0.5587265491485596
2015-08-20,0.5385550856590271
2015-08-21,0.521786093711853
2015-08-24,0.5033157467842102
2015-08-25,0.49286535382270813
2015-08-26,0.5300491452217102
2015-08-27,0.549977719783783
2015-08-28,0.5524078607559204
2015-08-31,0.5463319420814514
2015-09-01,0.523973286151886
2015-09-02,0.5397703051567078
2015-09-03,0.5412283539772034
2015-09-04,0.528590977191925
2015-09-08,0.5511926412582397
2015-09-09,0.5402563810348511
2015-09-10,0.5487622618675232
2015-09-11,0.5504637360572815
2015-09-14,0.5514357089996338
2015-09-15,0.5575113892555237
2015-09-16,0.5613998174667358
2015-09-17,0.566503643989563
2015-09-18,0.5660176873207092
2015-09-21,0.5718502998352051
2015-09-22,0.5562963485717773
2015-09-23,0.5589695572853088
2015-09-24,0.5696630477905273
2015-09-25,0.5737944841384888
2015-09-28,0.5662604570388794
2015-09-29,0.5762248039245605
2015-09-30,0.5990697145462036
2015-10-01,0.587404191493988
2015-10-02,0.6027150750160217
2015-10-05,0.6177831888198853
2015-10-06,0.6258029937744141
2015-10-07,0.632364809513092
2015-10-08,0.6360102295875549
2015-10-09,0.6335800886154175
2015-10-12,0.6403849720954895
2015-10-13,0.6415998935699463
2015-10-14,0.6649309396743774
2015-10-15,0.6666318774223328
2015-10-16,0.6770824790000916
2015-10-19,0.6758672595024109
2015-10-20,0.6748949885368347
2015-10-21,0.6661459803581238
2015-10-22,0.6902058720588684
2015-10-23,0.6948237419128418
2015-10-26,0.6916639804840088
2015-10-27,0.6911782026290894
2015-10-28,0.6967678070068359
2015-10-29,0.6727078557014465
2015-10-30,0.6894769668579102
2015-11-02,0.6974969506263733
2015-11-03,0.6926361918449402
2015-11-04,0.6812139749526978
2015-11-05,0.6734369993209839
2015-11-06,0.7667605876922607
2015-11-09,0.7633582353591919
2015-11-10,0.7487762570381165
2015-11-11,0.7414852976799011
2015-11-12,0.7388120293617249
2015-11-13,0.724230170249939
2015-11-16,0.7388120293617249
2015-11-17,0.7388120293617249
2015-11-18,0.7569864988327026
2015-11-19,0.7591819763183594
2015-11-20,0.7657688856124878
2015-11-23,0.7543031573295593
2015-11-24,0.7604018449783325
2015-11-25,0.759425938129425
2015-11-27,0.7657688856124878
2015-11-30,0.7738192081451416
2015-12-01,0.7989463210105896
2015-12-02,0.7928478121757507
2015-12-03,0.7911400198936462
2015-12-04,0.8233417868614197
2015-12-07,0.8077288866043091
2015-12-08,0.8187065720558167
2015-12-09,0.7979706525802612
2015-12-10,0.8045573234558105
2015-12-11,0.7926035523414612
2015-12-14,0.7945553660392761
2015-12-15,0.8043133020401001
2015-12-16,0.8091925382614136
2015-12-17,0.7969949245452881
2015-12-18,0.7840654253959656
2015-12-21,0.8026055097579956
2015-12-22,0.8033375144004822
2015-12-23,0.8065088391304016
2015-12-24,0.8091925382614136
2015-12-28,0.808460533618927
2015-12-29,0.8216342329978943
2015-12-30,0.8145595192909241
2015-12-31,0.804069459438324
2016-01-04,0.7896760702133179
2016-01-05,0.8023618459701538
2016-01-06,0.7691839933395386
2016-01-07,0.7386898398399353
2016-01-08,0.7228330373764038
2016-01-11,0.7240527868270874
2016-01-12,0.7362503409385681
2016-01-13,0.7138068079948425
2016-01-14,0.699413537979126
2016-01-15,0.6613568663597107
2016-01-19,0.666723906993866
2016-01-20,0.6703830361366272
2016-01-21,0.6781898140907288
2016-01-22,0.6940467357635498
2016-01-25,0.6933148503303528
2016-01-26,0.7001453042030334
2016-01-27,0.6918509602546692
2016-01-28,0.6842885613441467
2016-01-29,0.71453857421875
2016-02-01,0.71478271484375
2016-02-02,0.6845324039459229
2016-02-03,0.687947690486908
2016-02-04,0.688191831111908
2016-02-05,0.6447680592536926
2016-02-08,0.615249752998352
2016-02-09,0.6218364238739014
2016-02-10,0.6203725934028625
2016-02-11,0.6172012686729431
2016-02-12,0.6276912093162537
2016-02-16,0.6584296226501465
2016-02-17,0.6747742295265198
2016-02-18,0.7328351140022278
2016-02-19,0.7425932884216309
2016-02-22,0.7689402103424072
2016-02-23,0.7708917856216431
2016-02-24,0.7762587070465088
2016-02-25,0.7779664993286133
2016-02-26,0.7728435397148132
2016-02-29,0.7678241729736328
2016-03-01,0.8018571734428406
2016-03-02,0.8065090775489807
2016-03-03,0.7994089126586914
2016-03-04,0.7969605326652527
2016-03-07,0.7918185591697693
2016-03-08,0.7773731350898743
2016-03-09,0.7768833041191101
2016-03-10,0.7756590247154236
2016-03-11,0.7888805866241455
2016-03-14,0.7908393144607544
2016-03-15,0.7869219183921814
2016-03-16,0.8104267120361328
2016-03-17,0.8035711646080017
2016-03-18,0.8278103470802307
2016-03-21,0.8302589058876038
2016-03-22,0.8287898898124695
2016-03-23,0.842990517616272
2016-03-24,0.8442148566246033
2016-03-28,0.852784276008606
2016-03-29,0.8664954304695129
2016-03-30,0.875554621219635
2016-03-31,0.8723716735839844
2016-04-01,0.8851034045219421
2016-04-04,0.8765339255332947
2016-04-05,0.8753098845481873
2016-04-06,0.8765339255332947
2016-04-07,0.8674748539924622
2016-04-08,0.8731063604354858
2016-04-11,0.8784927725791931
2016-04-12,0.8775134682655334
2016-04-13,0.899549126625061
2016-04-14,0.9019976258277893
2016-04-15,0.9090981483459473
2016-04-18,0.9051805734634399
2016-04-19,0.8890212774276733
2016-04-20,0.8924486041069031
2016-04-21,0.8914692401885986
2016-04-22,0.8880416750907898
2016-04-25,0.8924486041069031
2016-04-26,0.8931833505630493
2016-04-27,0.9135052561759949
2016-04-28,0.8863275051116943
2016-04-29,0.8699229955673218
2016-05-02,0.8814307451248169
2016-05-03,0.8709026575088501
2016-05-04,0.8510706424713135
2016-05-05,0.8562121987342834
2016-05-06,0.8650265336036682
2016-05-09,0.8638021945953369
2016-05-10,0.8804513812065125
2016-05-11,0.8828999400138855
2016-05-12,0.8709026575088501
2016-05-13,1.0033622980117798
2016-05-16,1.0329875946044922
2016-05-17,1.035191535949707
2016-05-18,1.0616344213485718
2016-05-19,1.066286563873291
2016-05-20,1.0853842496871948
2016-05-23,1.0870983600616455
2016-05-24,1.1134870052337646
2016-05-25,1.1088230609893799
2016-05-26,1.1206060647964478
2016-05-27,1.1267427206039429
2016-05-31,1.14687180519104
2016-06-01,1.1490809917449951
2016-06-02,1.1571823358535767
2016-06-03,1.1409802436828613
2016-06-06,1.1350889205932617
2016-06-07,1.137298345565796
2016-06-08,1.1336164474487305
2016-06-09,1.1630735397338867
2016-06-10,1.134106993675232
2016-06-13,1.1485902070999146
2016-06-14,1.1507998704910278
2016-06-15,1.1625827550888062
2016-06-16,1.1672465801239014
2016-06-17,1.14687180519104
2016-06-20,1.1674917936325073
2016-06-21,1.1603724956512451
2016-06-22,1.1593915224075317
2016-06-23,1.1903209686279297
2016-06-24,1.1225697994232178
2016-06-27,1.1105408668518066
2016-06-28,1.1267427206039429
2016-06-29,1.1451536417007446
2016-06-30,1.1539907455444336
2016-07-01,1.1453988552093506
2016-07-05,1.1623369455337524
2016-07-06,1.169701337814331
2016-07-07,1.2001405954360962
2016-07-08,1.2482539415359497
2016-07-11,1.2769752740859985
2016-07-12,1.2961223125457764
2016-07-13,1.2956312894821167
2016-07-14,1.308887004852295
2016-07-15,1.2936675548553467
2016-07-18,1.300295114517212
2016-07-19,1.313796877861023
2016-07-20,1.3309800624847412
2016-07-21,1.306432843208313
2016-07-22,1.342026710510254
2016-07-25,1.3668196201324463
2016-07-26,1.3901399374008179
2016-07-27,1.3761481046676636
2016-07-28,1.379093885421753
2016-07-29,1.4016780853271484
2016-08-01,1.3925946950912476
2016-08-02,1.375657081604004
2016-08-03,1.3793389797210693
2016-08-04,1.4048689603805542
2016-08-05,1.4286805391311646
2016-08-08,1.4419358968734741
2016-08-09,1.4456180334091187
2016-08-10,1.4362900257110596
2016-08-11,1.4655020236968994
2016-08-12,1.5474916696548462
2016-08-15,1.5460184812545776
2016-08-16,1.5366908311843872
2016-08-17,1.5010961294174194
2016-08-18,1.524416446685791
2016-08-19,1.528343915939331
2016-08-22,1.5347265005111694
2016-08-23,1.547145962715149
2016-08-24,1.523290991783142
2016-08-25,1.5132079124450684
2016-08-26,1.5255047082901
2016-08-29,1.5245206356048584
2016-08-30,1.5156670808792114
2016-08-31,1.5085350275039673
2016-09-01,1.5530487298965454
2016-09-02,1.537800908088684
2016-09-06,1.552310585975647
2016-09-07,1.5294393301010132
2016-09-08,1.5405060052871704
2016-09-09,1.4637755155563354
2016-09-12,1.4940249919891357
2016-09-13,1.4723832607269287
2016-09-14,1.4854174852371216
2016-09-15,1.5417354106903076
2016-09-16,1.5454248189926147
2016-09-19,1.565836787223816
2016-09-20,1.551572322845459
2016-09-21,1.595102071762085
2016-09-22,1.5990374088287354
2016-09-23,1.597316026687622
2016-09-26,1.582313895225525
2016-09-27,1.6364185810089111
2016-09-28,1.642320990562439
2016-09-29,1.6575688123703003
2016-09-30,1.6851128339767456
2016-10-03,1.6833913326263428
2016-10-04,1.6797024011611938
2016-10-05,1.6779807806015015
2016-10-06,1.6560930013656616
2016-10-07,1.6440426111221313
2016-10-10,1.650190830230713
2016-10-11,1.6263353824615479
2016-10-12,1.6337132453918457
2016-10-13,1.6071528196334839
2016-10-14,1.6228923797607422
2016-10-17,1.6135470867156982
2016-10-18,1.6381402015686035
2016-10-19,1.6346973180770874
2016-10-20,1.6656842231750488
2016-10-21,1.6610119342803955
2016-10-24,1.7389715909957886
2016-10-25,1.7674996852874756
2016-10-26,1.7746315002441406
2016-10-27,1.7382336854934692
2016-10-28,1.7352827787399292
2016-10-31,1.7500380277633667
2016-11-01,1.6981476545333862
2016-11-02,1.6910154819488525
2016-11-03,1.671340823173523
2016-11-04,1.6617496013641357
2016-11-07,1.7527436017990112
2016-11-08,1.7500380277633667
2016-11-09,1.720527172088623
2016-11-10,1.6666679382324219
2016-11-11,2.1634461879730225
2016-11-14,2.056959390640259
2016-11-15,2.119671106338501
2016-11-16,2.253458023071289
2016-11-17,2.272148609161377
2016-11-18,2.2960031032562256
2016-11-21,2.286658525466919
2016-11-22,2.303135395050049
2016-11-23,2.314465284347534
2016-11-25,2.3191447257995605
2016-11-28,2.3179128170013428
2016-11-29,2.296731948852539
2016-11-30,2.2708702087402344
2016-12-01,2.1585583686828613
2016-12-02,2.1785082817077637
2016-12-05,2.262988567352295
2016-12-06,2.3001797199249268
2016-12-07,2.3415582180023193
2016-12-08,2.302395820617676
2016-12-09,2.2615103721618652
2016-12-12,2.2065865993499756
2016-12-13,2.2455012798309326
2016-12-14,2.37554669380188
2016-12-15,2.4312102794647217
2016-12-16,2.473081588745117
2016-12-19,2.503129482269287
2016-12-20,2.5903186798095703
2016-12-21,2.606574773788452
2016-12-22,2.638101100921631
2016-12-23,2.7038629055023193
2016-12-27,2.889571189880371
2016-12-28,2.6908085346221924
2016-12-29,2.744501829147339
2016-12-30,2.6289877891540527
2017-01-03,2.5124881267547607
2017-01-04,2.5711076259613037
2017-01-05,2.505838632583618
2017-01-06,2.5393357276916504
2017-01-09,2.6422877311706543
2017-01-10,2.622337579727173
2017-01-11,2.5900723934173584
2017-01-12,2.5477092266082764
2017-01-13,2.5474634170532227
2017-01-17,2.4903225898742676
2017-01-18,2.5356407165527344
2017-01-19,2.5900723934173584
2017-01-20,2.5617480278015137
2017-01-23,2.5883491039276123
2017-01-24,2.643519878387451
2017-01-25,2.6548497676849365
2017-01-26,2.7006609439849854
2017-01-27,2.752875804901123
2017-01-30,2.709773302078247
2017-01-31,2.689084529876709
2017-02-01,2.8065695762634277
2017-02-02,2.8420352935791016
2017-02-03,2.81715989112854
2017-02-06,2.8893258571624756
2017-02-07,2.934152126312256
2017-02-08,2.921342611312866
2017-02-09,2.8664188385009766
2017-02-10,2.79844069480896
2017-02-13,2.6693809032440186
2017-02-14,2.6792330741882324
2017-02-15,2.6846516132354736
2017-02-16,2.6415488719940186
2017-02-17,2.6410574913024902
2017-02-21,2.7356350421905518
2017-02-22,2.731442451477051
2017-02-23,2.478175401687622
2017-02-24,2.502096176147461
2017-02-27,2.5748465061187744
2017-02-28,2.502589702606201
2017-03-01,2.5348949432373047
2017-03-02,2.4414308071136475
2017-03-03,2.4273734092712402
2017-03-06,2.408630847930908
2017-03-07,2.43501877784729
2017-03-08,2.430579662322998
2017-03-09,2.430086612701416
2017-03-10,2.444389820098877
2017-03-13,2.511714458465576
2017-03-14,2.5099873542785645
2017-03-15,2.528977155685425
2017-03-16,2.5600483417510986
2017-03-17,2.6157822608947754
2017-03-20,2.699136734008789
2017-03-21,2.611837148666382
2017-03-22,2.665104866027832
2017-03-23,2.640937089920044
2017-03-24,2.650308609008789
2017-03-27,2.669543504714966
2017-03-28,2.655734062194824
2017-03-29,2.6471023559570312
2017-03-30,2.697903871536255
2017-03-31,2.686312675476074
2017-04-03,2.672750234603882
2017-04-04,2.4853270053863525
2017-04-05,2.466831684112549
2017-04-06,2.4848334789276123
2017-04-07,2.474229574203491
2017-04-10,2.4110968112945557
2017-04-11,2.419728994369507
2017-04-12,2.3997530937194824
2017-04-13,2.354870319366455
2017-04-17,2.4471025466918945
2017-04-18,2.4485819339752197
2017-04-19,2.458199977874756
2017-04-20,2.4971649646759033
2017-04-21,2.507521867752075
2017-04-24,2.5388405323028564
2017-04-25,2.582984209060669
2017-04-26,2.5652291774749756
2017-04-27,2.6051783561706543
2017-04-28,2.572134017944336
2017-05-01,2.629840135574341
2017-05-02,2.5519111156463623
2017-05-03,2.5709002017974854
2017-05-04,2.5610361099243164
2017-05-05,2.5612823963165283
2017-05-08,2.5344021320343018
2017-05-09,2.5385940074920654
2017-05-10,2.9911208152770996
2017-05-11,3.11960506439209
2017-05-12,3.153883695602417
2017-05-15,3.312206506729126
2017-05-16,3.373859167098999
2017-05-17,3.149691581726074
2017-05-18,3.281628131866455
2017-05-19,3.3574156761169434
2017-05-22,3.4290080070495605
2017-05-23,3.382843494415283
2017-05-24,3.4208617210388184
2017-05-25,3.4132089614868164
2017-05-26,3.5015878677368164
2017-05-30,3.576389789581299
2017-05-31,3.563551902770996
2017-06-01,3.5637996196746826
2017-06-02,3.5460238456726074
2017-06-05,3.6539058685302734
2017-06-06,3.6373653411865234
2017-06-07,3.6813080310821533
2017-06-08,3.9484200477600098
2017-06-09,3.6931581497192383
2017-06-12,3.702291965484619
2017-06-13,3.73759388923645
2017-06-14,3.7454938888549805
2017-06-15,3.7615411281585693
2017-06-16,3.7430245876312256
2017-06-19,3.8837406635284424
2017-06-20,3.8780624866485596
2017-06-21,3.936816692352295
2017-06-22,3.9096620082855225
2017-06-23,3.79758358001709
2017-06-26,3.7561092376708984
2017-06-27,3.6186037063598633
2017-06-28,3.7462351322174072
2017-06-29,3.62107253074646
2017-06-30,3.5687360763549805
2017-07-03,3.4396235942840576
2017-07-05,3.5314583778381348
2017-07-06,3.542073965072632
2017-07-07,3.623047113418579
2017-07-10,3.794374704360962
2017-07-11,3.8481922149658203
2017-07-12,4.0118632316589355
2017-07-13,3.965453863143921
2017-07-14,4.072102069854736
2017-07-17,4.054820537567139
2017-07-18,4.097037315368652
2017-07-19,4.075804233551025
2017-07-20,4.135052680969238
2017-07-21,4.149864673614502
2017-07-24,4.101726531982422
2017-07-25,4.081975936889648
2017-07-26,4.129128456115723
2017-07-27,3.9928555488586426
2017-07-28,4.058276653289795
2017-07-31,4.0118632316589355
2017-08-01,4.0607452392578125
2017-08-02,4.058276653289795
2017-08-03,4.109872817993164
2017-08-04,4.127893924713135
2017-08-07,4.254784107208252
2017-08-08,4.204177379608154
2017-08-09,4.248858451843262
2017-08-10,4.066917419433594
2017-08-11,3.8501665592193604
2017-08-14,4.157270431518555
2017-08-15,4.122215270996094
2017-08-16,4.077038764953613
2017-08-17,3.9861907958984375
2017-08-18,3.986931562423706
2017-08-21,3.928917646408081
2017-08-22,4.016385078430176
2017-08-23,4.096688747406006
2017-08-24,4.081615924835205
2017-08-25,4.047518730163574
2017-08-28,4.076181411743164
2017-08-29,4.069509029388428
2017-08-30,4.093724250793457
2017-08-31,4.186629772186279
2017-09-01,4.211831092834473
2017-09-05,4.09940767288208
2017-09-06,4.0969367027282715
2017-09-07,4.115961074829102
2017-09-08,4.044553756713867
2017-09-11,4.175756931304932
2017-09-12,4.190827369689941
2017-09-13,4.20960807800293
2017-09-14,4.18563985824585
2017-09-15,4.4502692222595215
2017-09-18,4.634101867675781
2017-09-19,4.629160404205322
2017-09-20,4.591848373413086
2017-09-21,4.466329097747803
2017-09-22,4.422842979431152
2017-09-25,4.225173473358154
2017-09-26,4.248892784118652
2017-09-27,4.342045307159424
2017-09-28,4.340811729431152
2017-09-29,4.417160511016846
2017-10-02,4.422842979431152
2017-10-03,4.431985378265381
2017-10-04,4.469048500061035
2017-10-05,4.466576099395752
2017-10-06,4.479673862457275
2017-10-09,4.580730438232422
2017-10-10,4.66819953918457
2017-10-11,4.7178635597229
2017-10-12,4.720087051391602
2017-10-13,4.808050155639648
2017-10-16,4.8905768394470215
2017-10-17,4.8861284255981445
2017-10-18,4.88192892074585
2017-10-19,4.887364387512207
2017-10-20,4.8651275634765625
2017-10-23,4.858209609985352
2017-10-24,4.909108638763428
2017-10-25,4.785070419311523
2017-10-26,4.83522891998291
2017-10-27,4.987681865692139
2017-10-30,5.036605358123779
2017-10-31,5.10999059677124
2017-11-01,5.119626522064209
2017-11-02,5.0884928703308105
2017-11-03,5.156440734863281
2017-11-06,5.1796674728393555
2017-11-07,5.2389678955078125
2017-11-08,5.16805362701416
2017-11-09,5.073173522949219
2017-11-10,5.340521335601807
2017-11-13,5.253794193267822
2017-11-14,5.29209041595459
2017-11-15,5.1883158683776855
2017-11-16,5.22859001159668
2017-11-17,5.222413539886475
2017-11-20,5.289621353149414
2017-11-21,5.338296413421631
2017-11-22,5.314313888549805
2017-11-24,5.364506244659424
2017-11-27,5.294780731201172
2017-11-28,5.209969520568848
2017-11-29,4.8566389083862305
2017-11-30,4.962711334228516
2017-12-01,4.887792587280273
2017-12-04,4.6153154373168945
2017-12-05,4.642019271850586
2017-12-06,4.67960262298584
2017-12-07,4.747102737426758
2017-12-08,4.734741687774658
2017-12-11,4.8131208419799805
2017-12-12,4.718667984008789
2017-12-13,4.603446006774902
2017-12-14,4.610617160797119
2017-12-15,4.736470699310303
2017-12-18,4.893233776092529
2017-12-19,4.848974227905273
2017-12-20,4.866035461425781
2017-12-21,4.84353494644165
2017-12-22,4.82820463180542
2017-12-26,4.881858825683594
2017-12-27,4.875182628631592
2017-12-28,4.8808698654174805
2017-12-29,4.784438610076904
2018-01-02,4.929086208343506
2018-01-03,5.253488063812256
2018-01-04,5.2811808586120605
2018-01-05,5.325933933258057
2018-01-08,5.489124298095703
2018-01-09,5.487640857696533
2018-01-10,5.530663013458252
2018-01-11,5.540553092956543
2018-01-12,5.513355255126953
2018-01-16,5.442392349243164
2018-01-17,5.556379795074463
2018-01-18,5.549456596374512
2018-01-19,5.6896514892578125
2018-01-22,5.778168201446533
2018-01-23,5.907238006591797
2018-01-24,5.830340385437012
2018-01-25,5.843937873840332
2018-01-26,6.016524791717529
2018-01-29,6.103560924530029
2018-01-30,6.001442909240723
2018-01-31,6.0775980949401855
2018-02-01,5.946549892425537
2018-02-02,5.7739644050598145
2018-02-05,5.283900260925293
2018-02-06,5.577642917633057
2018-02-07,5.657260894775391
2018-02-08,5.378352165222168
2018-02-09,5.738359451293945
2018-02-12,5.63822078704834
2018-02-13,5.751959800720215
2018-02-14,5.969300270080566
2018-02-15,6.094906806945801
2018-02-16,6.0291361808776855
2018-02-20,6.158697605133057
2018-02-21,5.971524238586426
2018-02-22,5.991069793701172
2018-02-23,6.084591388702393
2018-02-26,6.100673675537109
2018-02-27,6.087809085845947
2018-02-28,5.987358093261719
2018-03-01,5.745142936706543
2018-03-02,5.85227108001709
2018-03-05,5.830252170562744
2018-03-06,5.991317272186279
2018-03-07,5.983400821685791
2018-03-08,5.967072486877441
2018-03-09,6.069746494293213
2018-03-12,6.179350852966309
2018-03-13,6.128632068634033
2018-03-14,6.15411376953125
2018-03-15,6.168959140777588
2018-03-16,6.197164058685303
2018-03-19,5.962616920471191
2018-03-20,6.174896717071533
2018-03-21,6.149660587310791
2018-03-22,5.983647346496582
2018-03-23,5.763947010040283
2018-03-26,6.0487165451049805
2018-03-27,5.579625129699707
2018-03-28,5.4764533042907715
2018-03-29,5.729803562164307
2018-04-02,5.469032287597656
2018-04-03,5.575418472290039
2018-04-04,5.597438812255859
2018-04-05,5.477195739746094
2018-04-06,5.300790786743164
2018-04-09,5.329492092132568
2018-04-10,5.63875675201416
2018-04-11,5.597438812255859
2018-04-12,5.804274559020996
2018-04-13,5.727577209472656
2018-04-16,5.727328777313232
2018-04-17,5.877013683319092
2018-04-18,5.8480658531188965
2018-04-19,5.666713714599609
2018-04-20,5.658548831939697
2018-04-23,5.539048671722412
2018-04-24,5.472743988037109
2018-04-25,5.360417366027832
2018-04-26,5.572200775146484
2018-04-27,5.599665641784668
2018-04-30,5.564285755157471
2018-05-01,5.619706153869629
2018-05-02,5.599170207977295
2018-05-03,5.764442443847656
2018-05-04,5.914618968963623
2018-05-07,6.152630805969238
2018-05-08,6.195184230804443
2018-05-09,6.328291416168213
2018-05-10,6.435916423797607
2018-05-11,6.297367095947266
2018-05-14,6.31790018081665
2018-05-15,6.075438022613525
2018-05-16,6.08657169342041
2018-05-17,6.128632068634033
2018-05-18,6.084839820861816
2018-05-21,6.042779445648193
2018-05-22,6.004676342010498
2018-05-23,6.128213882446289
2018-05-24,6.131926536560059
2018-05-25,6.17128849029541
2018-05-29,6.154206275939941
2018-05-30,6.263134479522705
2018-05-31,6.243330001831055
2018-06-01,6.3777570724487305
2018-06-04,6.556747913360596
2018-06-05,6.562192916870117
2018-06-06,6.564172267913818
2018-06-07,6.508471965789795
2018-06-08,6.4931230545043945
2018-06-11,6.452026844024658
2018-06-12,6.500548839569092
2018-06-13,6.496093273162842
2018-06-14,6.607746124267578
2018-06-15,6.566896915435791
2018-06-18,6.56268835067749
2018-06-19,6.440886974334717
2018-06-20,6.493865013122559
2018-06-21,6.365131378173828
2018-06-22,6.212631702423096
2018-06-25,5.919762134552002
2018-06-26,5.990813732147217
2018-06-27,5.83558988571167
2018-06-28,5.962839603424072
2018-06-29,5.864803314208984
2018-07-02,5.997002601623535
2018-07-03,5.863319396972656
2018-07-05,6.009134769439697
2018-07-06,6.123013973236084
2018-07-09,6.170544624328613
2018-07-10,6.2695722579956055
2018-07-11,6.127964973449707
2018-07-12,6.219564437866211
2018-07-13,6.172277927398682
2018-07-16,6.144550800323486
2018-07-17,6.280463695526123
2018-07-18,6.231198787689209
2018-07-19,6.239368915557861
2018-07-20,6.211145401000977
2018-07-23,6.174505710601807
2018-07-24,6.1571784019470215
2018-07-25,6.235408306121826
2018-07-26,6.308935165405273
2018-07-27,6.239120960235596
2018-07-30,6.0437912940979
2018-07-31,6.061864852905273
2018-08-01,6.10172176361084
2018-08-02,6.204463005065918
2018-08-03,6.241100788116455
2018-08-06,6.288880348205566
2018-08-07,6.361171245574951
2018-08-08,6.397562503814697
2018-08-09,6.3490400314331055
2018-08-10,6.3076958656311035
2018-08-13,6.340622901916504
2018-08-14,6.472078800201416
2018-08-15,6.4139018058776855
2018-08-16,6.3733015060424805
2018-08-17,6.060874938964844
2018-08-20,6.135639667510986
2018-08-21,6.271305561065674
2018-08-22,6.506490707397461
2018-08-23,6.606011390686035
2018-08-24,6.739202499389648
2018-08-27,6.830305099487305
2018-08-28,6.792675495147705
2018-08-29,6.898194313049316
2018-08-30,6.88135290145874
2018-08-31,6.9524431228637695
2018-09-04,7.027247428894043
2018-09-05,6.896462440490723
2018-09-06,6.755272388458252
2018-09-07,6.7339701652526855
2018-09-10,6.805060386657715
2018-09-11,6.757254600524902
2018-09-12,6.643312454223633
2018-09-13,6.721089839935303
2018-09-14,6.847169399261475
2018-09-17,6.785244941711426
2018-09-18,6.713164329528809
2018-09-19,6.736942291259766
2018-09-20,6.5957536697387695
2018-09-21,6.52565336227417
2018-09-24,6.581387996673584
2018-09-25,6.648514747619629
2018-09-26,6.611606121063232
2018-09-27,6.6234965324401855
2018-09-28,6.9608635902404785
2018-10-01,7.167447090148926
2018-10-02,7.096107482910156
2018-10-03,7.102300643920898
2018-10-04,6.91801118850708
2018-10-05,6.684431552886963
2018-10-08,6.583121299743652
2018-10-09,6.577424049377441
2018-10-10,6.085739612579346
2018-10-11,5.8241682052612305
2018-10-12,6.106794357299805
2018-10-15,5.830360412597656
2018-10-16,6.089208602905273
2018-10-17,6.020596027374268
2018-10-18,5.933155536651611
2018-10-19,5.676538467407227
2018-10-22,5.7273173332214355
2018-10-23,5.475655555725098
2018-10-24,4.939384937286377
2018-10-25,5.148194789886475
2018-10-26,4.9116435050964355
2018-10-29,4.597806453704834
2018-10-30,5.028308868408203
2018-10-31,5.222257614135742
2018-11-01,5.402583599090576
2018-11-02,5.3235673904418945
2018-11-05,5.245542049407959
2018-11-06,5.227954864501953
2018-11-07,5.295577049255371
2018-11-08,5.102372646331787
2018-11-09,5.094445705413818
2018-11-12,4.694905757904053
2018-11-13,4.936906814575195
2018-11-14,4.884395599365234
2018-11-15,5.0131988525390625
2018-11-16,4.072930335998535
2018-11-19,3.5842185020446777
2018-11-20,3.692711114883423
2018-11-21,3.5844662189483643
2018-11-23,3.591649055480957
2018-11-26,3.7910475730895996
2018-11-27,3.8078911304473877
2018-11-28,3.964932918548584
2018-11-29,3.9017064571380615
2018-11-30,4.052210330963135
2018-12-03,4.216104984283447
2018-12-04,3.8955078125
2018-12-06,3.9247653484344482
2018-12-07,3.65995717048645
2018-12-10,3.7653353214263916
2018-12-11,3.6743383407592773
2018-12-12,3.6919429302215576
2018-12-13,3.691694736480713
2018-12-14,3.631195306777954
2018-12-17,3.5600335597991943
2018-12-18,3.6433446407318115
2018-12-19,3.434324026107788
2018-12-20,3.3497750759124756
2018-12-21,3.2126591205596924
2018-12-24,3.1509203910827637
2018-12-26,3.300185441970825
2018-12-27,3.2523317337036133
2018-12-28,3.3138222694396973
2018-12-31,3.310103416442871
2019-01-02,3.377544403076172
2019-01-03,3.1734838485717773
2019-01-04,3.3768012523651123
2019-01-07,3.5555710792541504
2019-01-08,3.4670541286468506
2019-01-09,3.5352394580841064
2019-01-10,3.6009459495544434
2019-01-11,3.6902072429656982
2019-01-14,3.73012638092041
2019-01-15,3.715994119644165
2019-01-16,3.6904547214508057
2019-01-17,3.761863946914673
2019-01-18,3.8910446166992188
2019-01-22,3.6887197494506836
2019-01-23,3.7016119956970215
2019-01-24,3.913607597351074
2019-01-25,3.97088360786438
2019-01-28,3.4219274520874023
2019-01-29,3.262993097305298
2019-01-30,3.406554698944092
2019-01-31,3.5642495155334473
2019-02-01,3.588547945022583
2019-02-04,3.6988847255706787
2019-02-05,3.7179770469665527
2019-02-06,3.793600559234619
2019-02-07,3.6552464962005615
2019-02-08,3.673841714859009
2019-02-11,3.631195306777954
2019-02-12,3.7482268810272217
2019-02-13,3.790625810623169
2019-02-14,3.8315374851226807
2019-02-15,3.901210069656372
2019-02-19,3.8838539123535156
2019-02-20,3.931211471557617
2019-02-21,3.8622827529907227
2019-02-22,3.947080612182617
2019-02-25,3.9346840381622314
2019-02-26,3.8952600955963135
2019-02-27,3.8533565998077393
2019-02-28,3.8287837505340576
2019-03-01,3.88314151763916
2019-03-04,3.891331434249878
2019-03-05,3.884878158569336
2019-03-06,3.7739315032958984
2019-03-07,3.7046828269958496
2019-03-08,3.7389345169067383
2019-03-11,3.9995486736297607
2019-03-12,4.0338006019592285
2019-03-13,4.18520450592041
2019-03-14,4.109254360198975
2019-03-15,4.21474027633667
2019-03-18,4.193395137786865
2019-03-19,4.361181259155273
2019-03-20,4.328665733337402
2019-03-21,4.565452575683594
2019-03-22,4.405608177185059
2019-03-25,4.313279628753662
2019-03-26,4.389971733093262
2019-03-27,4.380788803100586
2019-03-28,4.399404048919678
2019-03-29,4.456738471984863
2019-04-01,4.524250507354736
2019-04-02,4.542120933532715
2019-04-03,4.681610584259033
2019-04-04,4.672676086425781
2019-04-05,4.739443302154541
2019-04-08,4.760291576385498
2019-04-09,4.69749641418457
2019-04-10,4.7679853439331055
2019-04-11,4.754085540771484
2019-04-12,4.716110706329346
2019-04-15,4.584313869476318
2019-04-16,4.6714348793029785
2019-04-17,4.648598670959473
2019-04-18,4.624027729034424
2019-04-22,4.677887916564941
2019-04-23,4.732491970062256
2019-04-24,4.744903087615967
2019-04-25,4.6391682624816895
2019-04-26,4.420252799987793
2019-04-29,4.451030731201172
2019-04-30,4.492480278015137
2019-05-01,4.479327201843262
2019-05-02,4.546836853027344
2019-05-03,4.5423688888549805
2019-05-06,4.4639387130737305
2019-05-07,4.296648025512695
2019-05-08,4.316751956939697
2019-05-09,4.224172115325928
2019-05-10,4.190168380737305
2019-05-13,3.93278169631958
2019-05-14,4.021886348724365
2019-05-15,3.9608280658721924
2019-05-16,3.975968837738037
2019-05-17,3.8851263523101807
2019-05-20,3.7664849758148193
2019-05-21,3.8486404418945312
2019-05-22,3.7776544094085693
2019-05-23,3.656531572341919
2019-05-24,3.6026711463928223
2019-05-28,3.5574984550476074
2019-05-29,3.483286142349243
2019-05-30,3.456697463989258
2019-05-31,3.366000175476074
2019-06-03,3.324253797531128
2019-06-04,3.553358554840088
2019-06-05,3.5106186866760254
2019-06-06,3.5727405548095703
2019-06-07,3.615480422973633
2019-06-10,3.6882870197296143
2019-06-11,3.745936155319214
2019-06-12,3.632874011993408
2019-06-13,3.684063196182251
2019-06-14,3.5941107273101807
2019-06-17,3.6038012504577637
2019-06-18,3.7988641262054443
2019-06-19,3.8048272132873535
2019-06-20,3.82917857170105
2019-06-21,3.7710323333740234
2019-06-24,3.793396472930908
2019-06-25,3.764075756072998
2019-06-26,3.9573974609375
2019-06-27,4.056046485900879
2019-06-28,4.080894947052002
2019-07-01,4.129101753234863
2019-07-02,4.031198024749756
2019-07-03,4.044119834899902
2019-07-05,3.981501340866089
2019-07-08,3.9064583778381348
2019-07-09,3.9089431762695312
2019-07-10,3.97727632522583
2019-07-11,4.131836414337158
2019-07-12,4.164884567260742
2019-07-15,4.156435966491699
2019-07-16,4.1517133712768555
2019-07-17,4.217067241668701
2019-07-18,4.22874641418457
2019-07-19,4.185509204864502
2019-07-22,4.257072448730469
2019-07-23,4.364915370941162
2019-07-24,4.439461708068848
2019-07-25,4.308259963989258
2019-07-26,4.350255489349365
2019-07-29,4.344043731689453
2019-07-30,4.359698295593262
2019-07-31,4.192465782165527
2019-08-01,4.098041534423828
2019-08-02,4.005356788635254
2019-08-05,3.74692964553833
2019-08-06,3.785693883895874
2019-08-07,3.823960542678833
2019-08-08,3.932549238204956
2019-08-09,3.8311667442321777
2019-08-12,3.7633299827575684
2019-08-13,3.877634048461914
2019-08-14,3.729039192199707
2019-08-15,3.6967358589172363
2019-08-16,3.964852809906006
2019-08-19,4.243654727935791
2019-08-20,4.1713457107543945
2019-08-21,4.254835605621338
2019-08-22,4.261049270629883
2019-08-23,4.036416530609131
2019-08-26,4.11121129989624
2019-08-27,4.020513534545898
2019-08-28,4.010066509246826
2019-08-29,4.153834819793701
2019-08-30,4.166520118713379
2019-09-03,4.083443641662598
2019-09-04,4.197610378265381
2019-09-05,4.470719814300537
2019-09-06,4.443608283996582
2019-09-09,4.4896240234375
2019-09-10,4.556282997131348
2019-09-11,4.584887981414795
2019-09-12,4.583395481109619
2019-09-13,4.525441646575928
2019-09-16,4.482410430908203
2019-09-17,4.5038018226623535
2019-09-18,4.476688861846924
2019-09-19,4.401073932647705
2019-09-20,4.29536247253418
2019-09-23,4.34883975982666
2019-09-24,4.291384696960449
2019-09-25,4.433160781860352
2019-09-26,4.411022663116455
2019-09-27,4.272232532501221
2019-09-30,4.32968807220459
2019-10-01,4.327946186065674
2019-10-02,4.304069995880127
2019-10-03,4.50977087020874
2019-10-04,4.526187896728516
2019-10-07,4.584887981414795
2019-10-08,4.40828800201416
2019-10-09,4.494845867156982
2019-10-10,4.552552223205566
2019-10-11,4.6261773109436035
2019-10-14,4.639608860015869
2019-10-15,4.884363174438477
2019-10-16,4.830636501312256
2019-10-17,4.832625865936279
2019-10-18,4.738107204437256
2019-10-21,4.875407695770264
2019-10-22,4.865458965301514
2019-10-23,4.852524757385254
2019-10-24,4.896549224853516
2019-10-25,5.087576866149902
2019-10-28,5.143542766571045
2019-10-29,5.047280311584473
2019-10-30,5.049271106719971
2019-10-31,5.0000224113464355
2019-11-01,5.039074420928955
2019-11-04,5.23582124710083
2019-11-05,5.21368408203125
2019-11-06,5.164434909820557
2019-11-07,5.182094573974609
2019-11-08,5.168165683746338
2019-11-11,5.1781158447265625
2019-11-12,5.21368408203125
2019-11-13,5.187817096710205
2019-11-14,5.218161106109619
2019-11-15,5.078871250152588
2019-11-18,5.280094146728516
2019-11-19,5.173388481140137
2019-11-20,5.252734661102295
2019-11-21,5.227861404418945
2019-11-22,5.245522499084473
2019-11-25,5.502213954925537
2019-11-26,5.397497653961182
2019-11-27,5.432345867156982
2019-11-29,5.395007133483887
2019-12-02,5.208568572998047
2019-12-03,5.168992519378662
2019-12-04,5.212800979614258
2019-12-05,5.1958746910095215
2019-12-06,5.281253337860107
2019-12-09,5.281253337860107
2019-12-10,5.326308727264404
2019-12-11,5.409943580627441
2019-12-12,5.5774641036987305
2019-12-13,5.575472354888916
2019-12-16,5.6043477058410645
2019-12-17,5.682507038116455
2019-12-18,5.7128729820251465
2019-12-19,5.860978603363037
2019-12-20,5.9583048820495605
2019-12-23,5.944615364074707
2019-12-24,5.939635753631592
2019-12-26,5.9538254737854
2019-12-27,5.896076679229736
2019-12-30,5.782819747924805
2019-12-31,5.856997489929199
2020-01-02,5.971747398376465
2020-01-03,5.876164436340332
2020-01-06,5.900805950164795
2020-01-07,5.9722442626953125
2020-01-08,5.983445644378662
2020-01-09,6.049160480499268
2020-01-10,6.081518650054932
2020-01-13,6.272188186645508
2020-01-14,6.155198097229004
2020-01-15,6.112634181976318
2020-01-16,6.196268558502197
2020-01-17,6.204980373382568
2020-01-21,6.171626567840576
2020-01-22,6.225641250610352
2020-01-23,6.294092655181885
2020-01-24,6.234850883483887
2020-01-27,5.978964805603027
2020-01-28,6.172373294830322
2020-01-29,6.111886978149414
2020-01-30,6.118607521057129
2020-01-31,5.885124683380127
2020-02-03,5.98220157623291
2020-02-04,6.151464939117432
2020-02-05,6.241820812225342
2020-02-06,6.3286919593811035
2020-02-07,6.262481212615967
2020-02-10,6.545746803283691
2020-02-11,6.668213367462158
2020-02-12,6.783959865570068
2020-02-13,6.74014949798584
2020-02-14,7.2133402824401855
2020-02-18,7.382105827331543
2020-02-19,7.833390712738037
2020-02-20,7.684039115905762
2020-02-21,7.319876194000244
2020-02-24,6.802379608154297
2020-02-25,6.5228471755981445
2020-02-26,6.662240028381348
2020-02-27,6.291382312774658
2020-02-28,6.726500034332275
2020-03-02,6.884904384613037
2020-03-03,6.622390270233154
2020-03-04,7.086148262023926
2020-03-05,6.806697368621826
2020-03-06,6.626125812530518
2020-03-09,6.113051891326904
2020-03-10,6.502589225769043
2020-03-11,6.138705253601074
2020-03-12,5.38752555847168
2020-03-13,5.998481273651123
2020-03-16,4.891636371612549
2020-03-17,5.411434650421143
2020-03-18,5.051536560058594
2020-03-19,5.304338455200195
2020-03-20,5.124513149261475
2020-03-23,5.297362327575684
2020-03-24,6.206201553344727
2020-03-25,6.11753511428833
2020-03-26,6.406949043273926
2020-03-27,6.294619560241699
2020-03-30,6.614917755126953
2020-03-31,6.565353870391846
2020-04-01,6.054023265838623
2020-04-02,6.3628644943237305
2020-04-03,6.07494592666626
2020-04-06,6.684905529022217
2020-04-07,6.451530933380127
2020-04-08,6.648791313171387
2020-04-09,6.549163818359375
2020-04-13,6.721020221710205
2020-04-14,7.072201728820801
2020-04-15,6.994741916656494
2020-04-16,7.3399457931518555
2020-04-17,7.280668258666992
2020-04-20,7.149410724639893
2020-04-21,6.712550163269043
2020-04-22,7.126995086669922
2020-04-23,7.073695659637451
2020-04-24,7.212674140930176
2020-04-27,7.399224758148193
2020-04-28,7.2567572593688965
2020-04-29,7.433596134185791
2020-04-30,7.279672145843506
2020-05-01,7.043059349060059
2020-05-04,7.255014896392822
2020-05-05,7.316035747528076
2020-05-06,7.416906356811523
2020-05-07,7.593245029449463
2020-05-08,7.783282279968262
2020-05-11,8.035333633422852
2020-05-12,7.773317813873291
2020-05-13,7.7509026527404785
2020-05-14,8.000465393066406
2020-05-15,8.458995819091797
2020-05-18,8.717522621154785
2020-05-19,8.772567749023438
2020-05-20,8.936452865600586
2020-05-21,8.742432594299316
2020-05-22,8.99249267578125
2020-05-26,8.685144424438477
2020-05-27,8.493365287780762
2020-05-28,8.455259323120117
2020-05-29,8.842308044433594
2020-06-01,8.773316383361816
2020-06-02,8.792243003845215
2020-06-03,8.736700057983398
2020-06-04,8.737701416015625
2020-06-05,8.89069652557373
2020-06-08,8.776071548461914
2020-06-09,9.016281127929688
2020-06-10,9.335976600646973
2020-06-11,8.767352104187012
2020-06-12,8.903153419494629
2020-06-15,9.143610954284668
2020-06-16,9.038705825805664
2020-06-17,9.205657958984375
2020-06-18,9.187719345092773
2020-06-19,9.23082160949707
2020-06-22,9.495450019836426
2020-06-23,9.418952941894531
2020-06-24,9.205161094665527
2020-06-25,9.458823204040527
2020-06-26,9.124922752380371
2020-06-29,9.16977596282959
2020-06-30,9.466546058654785
2020-07-01,9.498689651489258
2020-07-02,9.580672264099121
2020-07-06,9.80692195892334
2020-07-07,9.839319229125977
2020-07-08,10.182437896728516
2020-07-09,10.474475860595703
2020-07-10,10.44482135772705
2020-07-13,10.019227027893066
2020-07-14,10.342907905578613
2020-07-15,10.19365119934082
2020-07-16,10.101454734802246
2020-07-17,10.167984962463379
2020-07-20,10.476218223571777
2020-07-21,10.29456901550293
2020-07-22,10.40445613861084
2020-07-23,10.096470832824707
2020-07-24,10.161009788513184
2020-07-27,10.387261390686035
2020-07-28,10.181941032409668
2020-07-29,10.431117057800293
2020-07-30,10.579127311706543
2020-07-31,10.579876899719238
2020-08-03,10.974076271057129
2020-08-04,11.190862655639648
2020-08-05,11.249671936035156
2020-08-06,11.298258781433105
2020-08-07,11.16270637512207
2020-08-10,11.12831974029541
2020-08-11,10.81435489654541
2020-08-12,11.402665138244629
2020-08-13,11.405406951904297
2020-08-14,11.526008605957031
2020-08-17,12.296468734741211
2020-08-18,12.220470428466797
2020-08-19,12.09861946105957
2020-08-20,12.101114273071289
2020-08-21,12.641831398010254
2020-08-24,12.678459167480469
2020-08-25,12.708112716674805
2020-08-26,12.731038093566895
2020-08-27,12.586762428283691
2020-08-28,13.104555130004883
2020-08-31,13.330561637878418
2020-09-01,13.779714584350586
2020-09-02,14.3036470413208
2020-09-03,12.976621627807617
2020-09-04,12.584794998168945
2020-09-08,11.877415657043457
2020-09-09,12.677019119262695
2020-09-10,12.274975776672363
2020-09-11,12.128165245056152
2020-09-14,12.833800315856934
2020-09-15,12.952195167541504
2020-09-16,12.477116584777832
2020-09-17,12.42627239227295
2020-09-18,12.152838706970215
2020-09-21,12.479860305786133
2020-09-22,12.59999942779541
2020-09-23,12.087533950805664
2020-09-24,12.311113357543945
2020-09-25,12.835293769836426
2020-09-28,12.996064186096191
2020-09-29,13.18624496459961
2020-09-30,13.490082740783691
2020-10-01,13.573831558227539
2020-10-02,13.023232460021973
2020-10-05,13.601747512817383
2020-10-06,13.695466041564941
2020-10-07,13.922286987304688
2020-10-08,13.797411918640137
2020-10-09,13.721639633178711
2020-10-12,14.183504104614258
2020-10-13,14.205687522888184
2020-10-14,14.053145408630371
2020-10-15,13.928271293640137
2020-10-16,13.770243644714355
2020-10-19,13.457430839538574
2020-10-20,13.604741096496582
2020-10-21,13.484352111816406
2020-10-22,13.321089744567871
2020-10-23,13.549654960632324
2020-10-26,13.101997375488281
2020-10-27,13.356733322143555
2020-10-28,12.589282035827637
2020-10-29,12.985098838806152
2020-10-30,12.49655818939209
2020-11-02,12.543170928955078
2020-11-03,12.980607986450195
2020-11-04,13.753045082092285
2020-11-05,14.11770248413086
2020-11-06,14.518503189086914
2020-11-09,13.590032577514648
2020-11-10,12.731857299804688
2020-11-11,13.377917289733887
2020-11-12,13.416552543640137
2020-11-13,13.257281303405762
2020-11-16,13.474878311157227
2020-11-17,13.382159233093262
2020-11-18,13.388636589050293
2020-11-19,13.400102615356445
2020-11-20,13.04865550994873
2020-11-23,13.100749969482422
2020-11-24,12.919042587280273
2020-11-25,13.195215225219727
2020-11-27,13.221636772155762
2020-11-30,13.361466407775879
2020-12-01,13.350003242492676
2020-12-02,13.504043579101562
2020-12-03,13.359930992126465
2020-12-04,13.521745681762695
2020-12-07,13.570113182067871
2020-12-08,13.314055442810059
2020-12-09,12.8959321975708
2020-12-10,12.9373197555542
2020-12-11,12.978212356567383
2020-12-14,13.272917747497559
2020-12-15,13.3245267868042
2020-12-16,13.206843376159668
2020-12-17,13.305326461791992
2020-12-18,13.2362642288208
2020-12-21,13.296350479125977
2020-12-22,13.242496490478516
2020-12-23,12.974221229553223
2020-12-24,12.95876407623291
2020-12-28,12.865265846252441
2020-12-29,12.90839958190918
2020-12-30,13.110355377197266
2020-12-31,13.019847869873047
2021-01-04,13.078192710876465
2021-01-05,13.368656158447266
2021-01-06,12.580534934997559
2021-01-07,13.308070182800293
2021-01-08,13.241003036499023
2021-01-11,13.584822654724121
2021-01-12,13.448442459106445
2021-01-13,13.495316505432129
2021-01-14,13.16470718383789
2021-01-15,12.824873924255371
2021-01-19,12.990179061889648
2021-01-20,13.32976245880127
2021-01-21,13.83016300201416
2021-01-22,13.675577163696289
2021-01-25,13.616487503051758
2021-01-26,13.39907455444336
2021-01-27,12.882966995239258
2021-01-28,13.01585865020752
2021-01-29,12.954774856567383
2021-02-01,13.201359748840332
2021-02-02,13.520248413085938
2021-02-03,13.49406909942627
2021-02-04,13.627458572387695
2021-02-05,13.554404258728027
2021-02-08,14.399871826171875
2021-02-09,14.22484302520752
2021-02-10,14.724494934082031
2021-02-11,15.209685325622559
2021-02-12,14.920967102050781
2021-02-16,15.288969993591309
2021-02-17,14.865865707397461
2021-02-18,14.789072036743164
2021-02-19,14.886308670043945
2021-02-22,14.317096710205078
2021-02-23,14.103920936584473
2021-02-24,14.4599609375
2021-02-25,13.271668434143066
2021-02-26,13.677574157714844
2021-03-01,13.804481506347656
2021-03-02,13.370152473449707
2021-03-03,12.770271301269531
2021-03-04,12.33694076538086
2021-03-05,12.427947044372559
2021-03-08,11.56203556060791
2021-03-09,12.490848541259766
2021-03-10,12.438970565795898
2021-03-11,12.96298599243164
2021-03-12,12.82580852508545
2021-03-15,13.160271644592285
2021-03-16,13.260037422180176
2021-03-17,13.309922218322754
2021-03-18,12.692623138427734
2021-03-19,12.815582275390625
2021-03-22,13.15528392791748
2021-03-23,13.040057182312012
2021-03-24,12.613308906555176
2021-03-25,12.505812644958496
2021-03-26,12.809100151062012
2021-03-29,12.917841911315918
2021-03-30,12.841522216796875
2021-03-31,13.31690502166748
2021-04-01,13.779316902160645
2021-04-05,13.9546537399292
2021-04-06,13.828948974609375
2021-04-07,14.1102876663208
2021-04-08,14.283378601074219
2021-04-09,14.366183280944824
2021-04-12,15.173282623291016
2021-04-13,15.642678260803223
2021-04-14,15.241127967834473
2021-04-15,16.099349975585938
2021-04-16,15.875133514404297
2021-04-19,15.325676918029785
2021-04-20,15.13562297821045
2021-04-21,15.324429512023926
2021-04-22,14.815375328063965
2021-04-23,15.229402542114258
2021-04-26,15.441652297973633
2021-04-27,15.34562873840332
2021-04-28,15.240877151489258
2021-04-29,15.288763999938965
2021-04-30,14.974254608154297
2021-05-03,14.801909446716309
2021-05-04,14.317548751831055
2021-05-05,14.424548149108887
2021-05-06,14.488896369934082
2021-05-07,14.777464866638184
2021-05-10,14.232247352600098
2021-05-11,14.27265453338623
2021-05-12,13.726191520690918
2021-05-13,13.633161544799805
2021-05-14,14.209553718566895
2021-05-17,14.132234573364258
2021-05-18,13.98283576965332
2021-05-19,14.032720565795898
2021-05-20,14.578186988830566
2021-05-21,14.95654296875
2021-05-24,15.575339317321777
2021-05-25,15.611003875732422
2021-05-26,15.663131713867188
2021-05-27,15.451628684997559
2021-05-28,16.20635223388672
2021-06-01,16.226306915283203
2021-06-02,16.738849639892578
2021-06-03,16.929901123046875
2021-06-04,17.536970138549805
2021-06-07,17.577627182006836
2021-06-08,17.416006088256836
2021-06-09,17.321456909179688
2021-06-10,17.388063430786133
2021-06-11,17.78746795654297
2021-06-14,17.980554580688477
2021-06-15,17.750795364379883
2021-06-16,17.772497177124023
2021-06-17,18.61769676208496
2021-06-18,18.599239349365234
2021-06-21,18.388193130493164
2021-06-22,18.84671401977539
2021-06-23,19.01685333251953
2021-06-24,19.164794921875
2021-06-25,18.99066162109375
2021-06-28,19.942636489868164
2021-06-29,19.984298706054688
2021-06-30,19.96010398864746
2021-07-01,20.16915512084961
2021-07-02,20.443571090698242
2021-07-06,20.654626846313477
2021-07-07,20.328563690185547
2021-07-08,19.86055564880371
2021-07-09,20.007749557495117
2021-07-12,20.46901512145996
2021-07-13,20.20707893371582
2021-07-14,19.799440383911133
2021-07-15,18.926042556762695
2021-07-16,18.122501373291016
2021-07-19,18.73994255065918
2021-07-20,18.572546005249023
2021-07-21,19.36885643005371
2021-07-22,19.552467346191406
2021-07-23,19.51654815673828
2021-07-26,19.25310516357422
2021-07-27,19.167287826538086
2021-07-28,19.46166229248047
2021-07-29,19.620325088500977
2021-07-30,19.45766830444336
2021-08-02,19.7081356048584
2021-08-03,19.773000717163086
2021-08-04,20.231027603149414
2021-08-05,20.5932559967041
2021-08-06,20.322832107543945
2021-08-09,20.25197982788086
2021-08-10,19.89374351501465
2021-08-11,19.657243728637695
2021-08-12,19.862804412841797
2021-08-13,20.145204544067383
2021-08-16,19.907711029052734
2021-08-17,19.41675567626953
2021-08-18,18.999643325805664
2021-08-19,19.756032943725586
2021-08-20,20.77187156677246
2021-08-23,21.911455154418945
2021-08-24,21.746803283691406
2021-08-25,22.16591453552246
2021-08-26,22.021223068237305
2021-08-27,22.588022232055664
2021-08-30,22.639907836914062
2021-08-31,22.341487884521484
2021-09-01,22.397382736206055
2021-09-02,22.352468490600586
2021-09-03,22.79860496520996
2021-09-07,22.617950439453125
2021-09-08,22.29557991027832
2021-09-09,22.133893966674805
2021-09-10,22.43430519104004
2021-09-13,22.10894012451172
2021-09-14,22.198768615722656
2021-09-15,22.297571182250977
2021-09-16,22.198768615722656
2021-09-17,21.857431411743164
2021-09-20,21.071964263916016
2021-09-21,21.20470428466797
2021-09-22,21.898353576660156
2021-09-23,22.438302993774414
2021-09-24,22.038082122802734
2021-09-27,21.617902755737305
2021-09-28,20.65876579284668
2021-09-29,20.477123260498047
2021-09-30,20.675731658935547
2021-10-01,20.70168685913086
2021-10-04,19.69364356994629
2021-10-05,20.411245346069336
2021-10-06,20.659765243530273
2021-10-07,21.034040451049805
2021-10-08,20.790515899658203
2021-10-11,20.654775619506836
2021-10-12,20.630817413330078
2021-10-13,20.89830207824707
2021-10-14,21.7037296295166
2021-10-15,21.819507598876953
2021-10-18,22.178804397583008
2021-10-19,22.246675491333008
2021-10-20,22.060039520263672
2021-10-21,22.647891998291016
2021-10-22,22.68182945251465
2021-10-25,23.120973587036133
2021-10-26,24.668956756591797
2021-10-27,24.403474807739258
2021-10-28,24.892520904541016
2021-10-29,25.517301559448242
2021-11-01,25.77680206298828
2021-11-02,26.349685668945312
2021-11-03,26.546300888061523
2021-11-04,29.743072509765625
2021-11-05,29.694171905517578
2021-11-08,30.74412727355957
2021-11-09,30.597412109375
2021-11-10,29.4017391204834
2021-11-11,30.3309326171875
2021-11-12,30.3309326171875
2021-11-15,29.966638565063477
2021-11-16,30.1442928314209
2021-11-17,29.20412826538086
2021-11-18,31.613431930541992
2021-11-19,32.92089080810547
2021-11-22,31.893884658813477
2021-11-23,31.68429946899414
2021-11-24,32.6104850769043
2021-11-26,31.4417667388916
2021-11-29,33.311119079589844
2021-11-30,32.612483978271484
2021-12-01,31.37773895263672
2021-12-02,32.06747817993164
2021-12-03,30.637094497680664
2021-12-06,29.98228645324707
2021-12-07,32.36793518066406
2021-12-08,31.768028259277344
2021-12-09,30.434465408325195
2021-12-10,30.142993927001953
2021-12-13,28.109703063964844
2021-12-14,28.285383224487305
2021-12-15,30.40351676940918
2021-12-16,28.335290908813477
2021-12-17,27.7503604888916
2021-12-20,27.668506622314453
2021-12-21,29.02203941345215
2021-12-22,29.346446990966797
2021-12-23,29.586009979248047
2021-12-27,30.888633728027344
2021-12-28,30.266769409179688
2021-12-29,29.94635009765625
2021-12-30,29.532106399536133
2021-12-31,29.357425689697266
2022-01-03,30.066139221191406
2022-01-04,29.236652374267578
2022-01-05,27.553714752197266
2022-01-06,28.126670837402344
2022-01-07,27.197368621826172
2022-01-10,27.350093841552734
2022-01-11,27.766334533691406
2022-01-12,27.948001861572266
2022-01-13,26.526592254638672
2022-01-14,26.892921447753906
2022-01-18,25.85582160949707
2022-01-19,25.021339416503906
2022-01-20,24.10601234436035
2022-01-21,23.33142852783203
2022-01-24,23.329429626464844
2022-01-25,22.28333854675293
2022-01-26,22.73052406311035
2022-01-27,21.904029846191406
2022-01-28,22.798398971557617
2022-01-31,24.4414005279541
2022-02-01,24.59311866760254
2022-02-02,25.196022033691406
2022-02-03,23.904376983642578
2022-02-04,24.274702072143555
2022-02-07,24.68295669555664
2022-02-08,25.06226348876953
2022-02-09,26.656356811523438
2022-02-10,25.776962280273438
2022-02-11,23.905376434326172
2022-02-14,24.222795486450195
2022-02-15,26.44673728942871
2022-02-16,26.462711334228516
2022-02-17,24.462358474731445
2022-02-18,23.598934173583984
2022-02-22,23.347393035888672
2022-02-23,22.346221923828125
2022-02-24,23.704740524291992
2022-02-25,24.11299705505371
2022-02-28,24.3405818939209
2022-03-01,23.434232711791992
2022-03-02,24.18000030517578
2022-03-03,23.674840927124023
2022-03-04,22.898122787475586
2022-03-07,21.316736221313477
2022-03-08,21.478473663330078
2022-03-09,22.975994110107422
2022-03-10,22.620582580566406
2022-03-11,22.063501358032227
2022-03-14,21.294775009155273
2022-03-15,22.935060501098633
2022-03-16,24.45554542541504
2022-03-17,24.725101470947266
2022-03-18,26.40931510925293
2022-03-21,26.68985366821289
2022-03-22,26.48019790649414
2022-03-23,25.591665267944336
2022-03-24,28.103511810302734
2022-03-25,27.646268844604492
2022-03-28,28.172395706176758
2022-03-29,28.60867691040039
2022-03-30,27.64427375793457
2022-03-31,27.240938186645508
2022-04-01,26.667884826660156
2022-04-04,27.3148193359375
2022-04-05,25.888179779052734
2022-04-06,24.3666934967041
2022-04-07,24.16802215576172
2022-04-08,23.08081817626953
2022-04-11,21.88080406188965
2022-04-12,21.46848487854004
2022-04-13,22.166330337524414
2022-04-14,21.22289276123047
2022-04-18,21.74703025817871
2022-04-19,22.16134262084961
2022-04-20,21.446521759033203
2022-04-21,20.14967155456543
2022-04-22,19.482770919799805
2022-04-25,19.869131088256836
2022-04-26,18.756973266601562
2022-04-27,18.38459014892578
2022-04-28,19.749326705932617
2022-04-29,18.516372680664062
2022-05-02,19.500743865966797
2022-05-03,19.56962776184082
2022-05-04,20.300418853759766
2022-05-05,18.81287956237793
2022-05-06,18.6441593170166
2022-05-09,16.92201042175293
2022-05-10,17.56594467163086
2022-05-11,16.602535247802734
2022-05-12,16.148286819458008
2022-05-13,17.6767578125
2022-05-16,17.235488891601562
2022-05-17,18.146984100341797
2022-05-18,16.91002655029297
2022-05-19,17.095718383789062
2022-05-20,16.666433334350586
2022-05-23,16.870094299316406
2022-05-24,16.1273193359375
2022-05-25,16.94696807861328
2022-05-26,17.821521759033203
2022-05-27,18.77993392944336
2022-05-31,18.641164779663086
2022-06-01,18.28974723815918
2022-06-02,19.55964469909668
2022-06-03,18.689085006713867
2022-06-06,18.754974365234375
2022-06-07,18.894744873046875
2022-06-08,18.621143341064453
2022-06-09,18.022003173828125
2022-06-10,16.949554443359375
2022-06-13,15.624460220336914
2022-06-14,15.813191413879395
2022-06-15,16.503196716308594
2022-06-16,15.57852840423584
2022-06-17,15.857128143310547
2022-06-21,16.542139053344727
2022-06-22,16.336435317993164
2022-06-23,16.201629638671875
2022-06-24,17.101329803466797
2022-06-27,16.844701766967773
2022-06-28,15.95898151397705
2022-06-29,15.519613265991211
2022-06-30,15.137164115905762
2022-07-01,14.502079963684082
2022-07-05,14.942444801330566
2022-07-06,15.108206748962402
2022-07-07,15.835159301757812
2022-07-08,15.815187454223633
2022-07-11,15.130176544189453
2022-07-12,15.06027603149414
2022-07-13,15.142158508300781
2022-07-14,15.349858283996582
2022-07-15,15.739298820495605
2022-07-18,16.077804565429688
2022-07-19,16.967529296875
2022-07-20,17.78135108947754
2022-07-21,18.02400016784668
2022-07-22,17.294057846069336
2022-07-25,16.999481201171875
2022-07-26,16.509185791015625
2022-07-27,17.764375686645508
2022-07-28,17.95809555053711
2022-07-29,18.136837005615234
2022-08-01,18.414438247680664
2022-08-02,18.49931526184082
2022-08-03,18.865787506103516
2022-08-04,19.18732452392578
2022-08-05,18.961650848388672
2022-08-08,17.767370223999023
2022-08-09,17.061389923095703
2022-08-10,18.070932388305664
2022-08-11,17.916156768798828
2022-08-12,18.682048797607422
2022-08-15,19.00458526611328
2022-08-16,18.851806640625
2022-08-17,18.308591842651367
2022-08-18,18.745962142944336
2022-08-19,17.823293685913086
2022-08-22,17.009464263916016
2022-08-23,17.156251907348633
2022-08-24,17.19719696044922
2022-08-25,17.887197494506836
2022-08-26,16.2365779876709
2022-08-29,15.778239250183105
2022-08-30,15.445719718933105
2022-08-31,15.072258949279785
2022-09-01,13.916925430297852
2022-09-02,13.627344131469727
2022-09-06,13.445603370666504
2022-09-07,13.69831371307373
2022-09-08,13.973999977111816
2022-09-09,14.3705472946167
2022-09-12,14.488409996032715
2022-09-13,13.115983009338379
2022-09-14,13.11298656463623
2022-09-15,12.914214134216309
2022-09-16,13.182906150817871
2022-09-19,13.366694450378418
2022-09-20,13.160930633544922
2022-09-21,13.245833396911621
2022-09-22,12.546635627746582
2022-09-23,12.501686096191406
2022-09-26,12.214015007019043
2022-09-27,12.3988037109375
2022-09-28,12.721433639526367
2022-09-29,12.206025123596191
2022-09-30,12.125116348266602
2022-10-03,12.497690200805664
2022-10-04,13.151942253112793
2022-10-05,13.19389533996582
2022-10-06,13.114984512329102
2022-10-07,12.062188148498535
2022-10-10,11.65665340423584
2022-10-11,11.572751998901367
2022-10-12,11.486847877502441
2022-10-13,11.946320533752441
2022-10-14,11.214160919189453
2022-10-17,11.874404907226562
2022-10-18,11.953314781188965
2022-10-19,12.03721809387207
2022-10-20,12.180054664611816
2022-10-21,12.451743125915527
2022-10-24,12.584590911865234
2022-10-25,13.245833396911621
2022-10-26,12.881251335144043
2022-10-27,13.160930633544922
2022-10-28,13.818178176879883
2022-10-31,13.48156452178955
2022-11-01,13.527511596679688
2022-11-02,13.203882217407227
2022-11-03,13.405651092529297
2022-11-04,14.139810562133789
2022-11-07,14.28464412689209
2022-11-08,14.585299491882324
2022-11-09,13.760244369506836
2022-11-10,15.731986999511719
2022-11-11,16.30832862854004
2022-11-14,16.276365280151367
2022-11-15,16.646940231323242
2022-11-16,15.891804695129395
2022-11-17,15.659070014953613
2022-11-18,15.391378402709961
2022-11-21,15.299483299255371
2022-11-22,16.01966094970703
2022-11-23,16.500106811523438
2022-11-25,16.251394271850586
2022-11-28,15.808900833129883
2022-11-29,15.621114730834961
2022-11-30,16.907968521118164
2022-12-01,17.119783401489258
2022-12-02,16.861011505126953
2022-12-05,16.59524917602539
2022-12-06,15.97280216217041
2022-12-07,16.105684280395508
2022-12-08,17.15375328063965
2022-12-09,16.985898971557617
2022-12-12,17.519426345825195
2022-12-13,18.055952072143555
2022-12-14,17.65830421447754
2022-12-15,16.93694305419922
2022-12-16,16.556283950805664
2022-12-19,16.239559173583984
2022-12-20,16.070714950561523
2022-12-21,16.486343383789062
2022-12-22,15.32537841796875
2022-12-23,15.192495346069336
2022-12-27,14.108457565307617
2022-12-28,14.023534774780273
2022-12-29,14.590031623840332
2022-12-30,14.601022720336914
2023-01-03,14.302285194396973
2023-01-04,14.735901832580566
2023-01-05,14.252330780029297
2023-01-06,14.845803260803223
2023-01-09,15.614123344421387
2023-01-10,15.894871711730957
2023-01-11,15.986788749694824
2023-01-12,16.496334075927734
2023-01-13,16.883991241455078
2023-01-17,17.686277389526367
2023-01-18,17.361568450927734
2023-01-19,16.75010871887207
2023-01-20,17.823158264160156
2023-01-23,19.175954818725586
2023-01-24,19.247888565063477
2023-01-25,19.30583953857422
2023-01-26,19.78441047668457
2023-01-27,20.34691047668457
2023-01-30,19.144983291625977
2023-01-31,19.519651412963867
2023-02-01,20.924402236938477
2023-02-02,21.689720153808594
2023-02-03,21.081260681152344
2023-02-06,21.070274353027344
2023-02-07,22.153308868408203
2023-02-08,22.18527603149414
2023-02-09,22.31716537475586
2023-02-10,21.246112823486328
2023-02-13,21.768646240234375
2023-02-14,22.95059585571289
2023-02-15,22.7437801361084
2023-02-16,21.98246192932129
2023-02-17,21.36900520324707
2023-02-21,20.636653900146484
2023-02-22,20.735570907592773
2023-02-23,23.642980575561523
2023-02-24,23.26531982421875
2023-02-27,23.480127334594727
2023-02-28,23.195383071899414
2023-03-01,22.67784309387207
2023-03-02,23.293296813964844
2023-03-03,23.868785858154297
2023-03-06,23.5330810546875
2023-03-07,23.271270751953125
2023-03-08,24.16362762451172
2023-03-09,23.41916275024414
2023-03-10,22.948503494262695
2023-03-13,22.94950294494629
2023-03-14,24.045711517333984
2023-03-15,24.210594177246094
2023-03-16,25.52264976501465
2023-03-17,25.706520080566406
2023-03-20,25.881389617919922
2023-03-21,26.180177688598633
2023-03-22,26.44898223876953
2023-03-23,27.171464920043945
2023-03-24,26.75975799560547
2023-03-27,26.511940002441406
2023-03-28,26.391027450561523
2023-03-29,26.96461296081543
2023-03-30,27.363325119018555
2023-03-31,27.757043838500977
2023-04-03,27.944908142089844
2023-04-04,27.43327522277832
2023-04-05,26.861690521240234
2023-04-06,27.017574310302734
2023-04-10,27.559185028076172
2023-04-11,27.14948081970215
2023-04-12,26.47596549987793
2023-04-13,26.44399070739746
2023-04-14,26.7387752532959
2023-04-17,26.98259925842285
2023-04-18,27.647123336791992
2023-04-19,27.910934448242188
2023-04-20,27.084529876708984
2023-04-21,27.09951400756836
2023-04-24,27.022573471069336
2023-04-25,26.222150802612305
2023-04-26,26.936634063720703
2023-04-27,27.206438064575195
2023-04-28,27.72906494140625
2023-05-01,28.889230728149414
2023-05-02,28.189733505249023
2023-05-03,27.782026290893555
2023-05-04,27.542200088500977
2023-05-05,28.659395217895508
2023-05-08,29.130056381225586
2023-05-09,28.550472259521484
2023-05-10,28.864248275756836
2023-05-11,28.55746841430664
2023-05-12,28.319639205932617
2023-05-15,28.93219757080078
2023-05-16,29.1920108795166
2023-05-17,30.15631866455078
2023-05-18,31.655242919921875
2023-05-19,31.241535186767578
2023-05-22,31.153600692749023
2023-05-23,30.665950775146484
2023-05-24,30.516061782836914
2023-05-25,37.95271301269531
2023-05-26,38.91801834106445
2023-05-30,40.082183837890625
2023-05-31,37.806819915771484
2023-06-01,39.74142837524414
2023-06-02,39.298744201660156
2023-06-05,39.14286422729492
2023-06-06,38.6262321472168
2023-06-07,37.45194625854492
2023-06-08,38.48632049560547
2023-06-09,38.74615478515625
2023-06-12,39.45771408081055
2023-06-13,40.99676513671875
2023-06-14,42.97056198120117
2023-06-15,42.62677001953125
2023-06-16,42.665740966796875
2023-06-20,43.78105545043945
2023-06-21,43.01852798461914
2023-06-22,42.99853515625
2023-06-23,42.183040618896484
2023-06-26,40.60701370239258
2023-06-27,41.850242614746094
2023-06-28,41.091712951660156
2023-06-29,40.79689025878906
2023-06-30,42.27598190307617
2023-07-03,42.38690948486328
2023-07-05,42.290977478027344
2023-07-06,42.077110290527344
2023-07-07,42.476863861083984
2023-07-10,42.154056549072266
2023-07-11,42.3789176940918
2023-07-12,43.874996185302734
2023-07-13,45.94872283935547
2023-07-14,45.441036224365234
2023-07-17,46.43241882324219
2023-07-18,47.46479415893555
2023-07-19,47.04804611206055
2023-07-20,45.492008209228516
2023-07-21,44.2817497253418
2023-07-24,44.584564208984375
2023-07-25,45.650909423828125
2023-07-26,45.42404556274414
2023-07-27,45.871768951416016
2023-07-28,46.721248626708984
2023-07-31,46.70025634765625
2023-08-01,46.4783935546875
2023-08-02,44.24177551269531
2023-08-03,44.48762130737305
2023-08-04,44.65251922607422
2023-08-07,45.389068603515625
2023-08-08,44.63653564453125
2023-08-09,42.527828216552734
2023-08-10,42.361934661865234
2023-08-11,40.82987594604492
2023-08-14,43.72608947753906
2023-08-15,43.91297149658203
2023-08-16,43.459259033203125
2023-08-17,43.31734085083008
2023-08-18,43.27236557006836
2023-08-21,46.938114166259766
2023-08-22,45.639915466308594
2023-08-23,47.0870246887207
2023-08-24,47.133995056152344
2023-08-25,45.98970413208008
2023-08-28,46.80619812011719
2023-08-29,48.75399398803711
2023-08-30,49.233707427978516
2023-08-31,49.324649810791016
2023-09-01,48.479164123535156
2023-09-05,48.51814651489258
2023-09-06,47.03593063354492
2023-09-07,46.216365814208984
2023-09-08,45.54772186279297
2023-09-11,45.15393829345703
2023-09-12,44.846092224121094
2023-09-13,45.46076965332031
2023-09-14,45.556724548339844
2023-09-15,43.87661361694336
2023-09-18,43.94258117675781
2023-09-19,43.4968147277832
2023-09-20,42.21649932861328
2023-09-21,40.995147705078125
2023-09-22,41.58783721923828
2023-09-25,42.19950866699219
2023-09-26,41.888671875
2023-09-27,42.44537353515625
2023-09-28,43.06604766845703
2023-09-29,43.475830078125
2023-10-02,44.758148193359375
2023-10-03,43.493812561035156
2023-10-04,44.01754379272461
2023-10-05,44.6641960144043
2023-10-06,45.73762512207031
2023-10-09,45.24888610839844
2023-10-10,45.77360534667969
2023-10-11,46.781070709228516
2023-10-12,46.91999435424805
2023-10-13,45.4367790222168
2023-10-16,46.07044982910156
2023-10-17,43.91459274291992
2023-10-18,42.17352294921875
2023-10-19,42.07857894897461
2023-10-20,41.364952087402344
2023-10-23,42.952110290527344
2023-10-24,43.63973617553711
2023-10-25,41.756744384765625
2023-10-26,40.30451965332031
2023-10-27,40.47842788696289
2023-10-30,41.13907241821289
2023-10-31,40.758277893066406
2023-11-01,42.302459716796875
2023-11-02,43.482826232910156
2023-11-03,44.98102569580078
2023-11-06,45.726627349853516
2023-11-07,45.93052291870117
2023-11-08,46.5491943359375
2023-11-09,46.92498779296875
2023-11-10,48.30924987792969
2023-11-13,48.59410095214844
2023-11-14,49.62955093383789
2023-11-15,48.86195373535156
2023-11-16,49.45364761352539
2023-11-17,49.2717399597168
2023-11-20,50.38214874267578
2023-11-21,49.91739273071289
2023-11-22,48.690040588378906
2023-11-24,47.750553131103516
2023-11-27,48.216304779052734
2023-11-28,47.795528411865234
2023-11-29,48.114356994628906
2023-11-30,46.745086669921875
2023-12-01,46.740089416503906
2023-12-04,45.485755920410156
2023-12-05,46.545291900634766
2023-12-06,45.48276138305664
2023-12-07,46.57527542114258
2023-12-08,47.484867095947266
2023-12-11,46.606258392333984
2023-12-12,47.635807037353516
2023-12-13,48.06661605834961
2023-12-14,48.3284912109375
2023-12-15,48.86825180053711
2023-12-18,50.054725646972656
2023-12-19,49.581932067871094
2023-12-20,48.089595794677734
2023-12-21,48.96820831298828
2023-12-22,48.80828094482422
2023-12-26,49.257076263427734
2023-12-27,49.395023345947266
2023-12-28,49.49997329711914
2023-12-29,49.49997329711914
2024-01-02,48.14657211303711
2024-01-03,47.5478401184082
2024-01-04,47.97665023803711
2024-01-05,49.075157165527344
2024-01-08,52.22975540161133
2024-01-09,53.11636734008789
2024-01-10,54.32582473754883
2024-01-11,54.797611236572266
2024-01-12,54.6856575012207
2024-01-16,56.3569221496582
2024-01-17,56.02806854248047
2024-01-18,57.081600189208984
2024-01-19,59.46453857421875
2024-01-22,59.62746810913086
2024-01-23,59.84636688232422
2024-01-24,61.3347053527832
2024-01-25,61.589595794677734
2024-01-26,61.00385284423828
2024-01-29,62.43721389770508
2024-01-30,62.7460823059082
2024-01-31,61.499637603759766
2024-02-01,62.99896240234375
2024-02-02,66.13056945800781
2024-02-05,69.30116271972656
2024-02-06,68.19265747070312
2024-02-07,70.06781768798828
2024-02-08,69.6100082397461
2024-02-09,72.10092163085938
2024-02-12,72.21586608886719
2024-02-13,72.0959243774414
2024-02-14,73.86714172363281
2024-02-15,72.62567901611328
2024-02-16,72.58069610595703
2024-02-20,69.42110443115234
2024-02-21,67.4419937133789
2024-02-22,78.50306701660156
2024-02-23,78.78194427490234
2024-02-26,79.05682373046875
2024-02-27,78.66598510742188
2024-02-28,77.62845611572266
2024-02-29,79.07681274414062
2024-03-01,82.24239349365234
2024-03-04,85.19908142089844
2024-03-05,85.92979431152344
2024-03-06,88.66470336914062
2024-03-07,92.63212585449219
2024-03-08,87.49317169189453
2024-03-11,85.7398681640625
2024-03-12,91.87643432617188
2024-03-13,90.8518295288086
2024-03-14,87.90900421142578
2024-03-15,87.80204772949219
2024-03-18,88.4197998046875
2024-03-19,89.3624267578125
2024-03-20,90.33604431152344
2024-03-21,91.39861297607422
2024-03-22,94.25148010253906
2024-03-25,94.96418762207031
2024-03-26,92.52416229248047
2024-03-27,90.2140884399414
2024-03-28,90.32005310058594
2024-04-01,90.32704162597656
2024-04-02,89.4164047241211
2024-04-03,88.92859649658203
2024-04-04,85.87080383300781
2024-04-05,87.97297668457031
2024-04-08,87.09832763671875
2024-04-09,85.32002258300781
2024-04-10,87.00436401367188
2024-04-11,90.57994079589844
2024-04-12,88.15090942382812
2024-04-15,85.9667739868164
2024-04-16,87.38021850585938
2024-04-17,84.0015640258789
2024-04-18,84.6373062133789
2024-04-19,76.169677734375
2024-04-22,79.4863510131836
2024-04-23,82.39019775390625
2024-04-24,79.64530181884766
2024-04-25,82.59912872314453
2024-04-26,87.70008850097656
2024-04-29,87.72207641601562
2024-04-30,86.36761474609375
2024-05-01,83.00794982910156
2024-05-02,85.78285217285156
2024-05-03,88.75366973876953
2024-05-06,92.10333251953125
2024-05-07,90.51795959472656
2024-05-08,90.37602233886719
2024-05-09,88.71168518066406
2024-05-10,89.84223937988281
2024-05-13,90.36302947998047
2024-05-14,91.31965637207031
2024-05-15,94.59234619140625
2024-05-16,94.32144927978516
2024-05-17,92.44219207763672
2024-05-20,94.7422866821289
2024-05-21,95.3480453491211
2024-05-22,94.91221618652344
2024-05-23,103.75769805908203
2024-05-24,106.4266357421875
2024-05-28,113.85568237304688
2024-05-29,114.77930450439453
2024-05-30,110.45602416992188
2024-05-31,109.58937072753906
2024-06-03,114.9542465209961
2024-06-04,116.39066314697266
2024-06-05,122.39128112792969
2024-06-06,120.94985961914062
2024-06-07,120.83990478515625
2024-06-10,121.74153900146484
2024-06-11,120.87181854248047
2024-06-12,125.16046905517578
2024-06-13,129.56907653808594
2024-06-14,131.83836364746094
2024-06-17,130.9386444091797
2024-06-18,135.5371856689453
2024-06-20,130.73870849609375
2024-06-21,126.53002166748047
2024-06-24,118.07270050048828
2024-06-25,126.05018615722656
2024-06-26,126.3600845336914
2024-06-27,123.95083618164062
2024-06-28,123.50099182128906
2024-07-01,124.26075744628906
2024-07-02,122.63125610351562
2024-07-03,128.23948669433594
2024-07-05,125.7902603149414
2024-07-08,128.1595001220703
2024-07-09,131.33851623535156
2024-07-10,134.86740112304688
2024-07-11,127.35977172851562
2024-07-12,129.19920349121094
2024-07-15,128.39944458007812
2024-07-16,126.32009887695312
2024-07-17,117.9527359008789
2024-07-18,121.0517578125
2024-07-19,117.89275360107422
2024-07-22,123.50099182128906
2024-07-23,122.55127716064453
2024-07-24,114.21391296386719
2024-07-25,112.2445297241211
2024-07-26,113.0242919921875
2024-07-29,111.55475616455078
2024-07-30,103.6972427368164
2024-07-31,116.9830322265625
2024-08-01,109.1755142211914
2024-08-02,107.23612213134766
2024-08-05,100.41827392578125
2024-08-06,104.21707153320312
2024-08-07,98.87876892089844
2024-08-08,104.93685150146484
2024-08-09,104.7169189453125
2024-08-12,108.9855728149414
2024-08-13,116.10331726074219
2024-08-14,118.04270935058594
2024-08-15,122.82120513916016
2024-08-16,124.5406494140625
2024-08-19,129.9589385986328
2024-08-20,127.2098159790039
2024-08-21,128.45941162109375
2024-08-22,123.70092010498047
2024-08-23,129.32913208007812
2024-08-26,126.42005920410156
2024-08-27,128.25949096679688
2024-08-28,125.5703353881836
2024-08-29,117.5528564453125
2024-08-30,119.33230590820312
2024-09-03,107.96588897705078
2024-09-04,106.17645263671875
2024-09-05,107.17613983154297
2024-09-06,102.79752349853516
2024-09-09,106.4363784790039
2024-09-10,108.06585693359375
2024-09-11,116.87307739257812
2024-09-12,119.11256408691406
2024-09-13,119.07257080078125
2024-09-16,116.75310516357422
2024-09-17,115.5633773803711
2024-09-18,113.34388732910156
2024-09-19,117.84285736083984
2024-09-20,115.9732894897461
2024-09-23,116.23323059082031
2024-09-24,120.84217071533203
2024-09-25,123.48155975341797
2024-09-26,124.01143646240234
2024-09-27,121.3720474243164
2024-09-30,121.41203308105469
2024-10-01,116.97306060791016
2024-10-02,118.82262420654297
2024-10-03,122.82170867919922
2024-10-04,124.89122772216797
2024-10-07,127.69058990478516
2024-10-08,132.85939025878906
2024-10-09,132.6194305419922
2024-10-10,134.77894592285156
2024-10-11,134.7689666748047
2024-10-14,138.03822326660156
2024-10-15,131.5697021484375
2024-10-16,135.68873596191406
2024-10-17,136.89846801757812
2024-10-18,137.9682159423828
2024-10-21,143.67691040039062
2024-10-22,143.55694580078125
2024-10-23,139.52786254882812
2024-10-24,140.37767028808594
2024-10-25,141.5074005126953
2024-10-28,140.48765563964844
2024-10-29,141.21746826171875
2024-10-30,139.3079071044922
2024-10-31,132.72943115234375
2024-11-01,135.3688201904297
2024-11-04,136.0186767578125
2024-11-05,139.87777709960938
2024-11-06,145.5764617919922
2024-11-07,148.84573364257812
2024-11-08,147.5959930419922
2024-11-11,145.22653198242188
2024-11-12,148.25582885742188
2024-11-13,146.23631286621094
2024-11-14,146.72618103027344
2024-11-15,141.94729614257812
2024-11-18,140.11770629882812
2024-11-19,146.97613525390625
2024-11-20,145.8563995361328
2024-11-21,146.63623046875
2024-11-22,141.91729736328125
2024-11-25,135.98867797851562
2024-11-26,136.8884735107422
2024-11-27,135.30882263183594
2024-11-29,138.21817016601562
2024-12-02,138.5980682373047
2024-12-03,140.2277069091797
2024-12-04,145.10658264160156
2024-12-05,145.03659057617188
2024-12-06,142.41700744628906
2024-12-09,138.78758239746094
2024-12-10,135.04820251464844
2024-12-11,139.28750610351562
2024-12-12,137.3178253173828
2024-12-13,134.22833251953125
2024-12-16,131.9786834716797
2024-12-17,130.36895751953125
2024-12-18,128.88919067382812
2024-12-19,130.6588897705078
2024-12-20,134.67825317382812
2024-12-23,139.64744567871094
2024-12-24,140.19737243652344
2024-12-26,139.90740966796875
2024-12-27,136.98788452148438
2024-12-30,137.46780395507812
2024-12-31,134.26832580566406
2025-01-02,138.2876739501953
2025-01-03,144.44668579101562
2025-01-06,149.40586853027344
2025-01-07,140.11737060546875
2025-01-08,140.08738708496094
2025-01-10,135.88807678222656
2025-01-13,133.20849609375
2025-01-14,131.7387237548828
2025-01-15,136.218017578125
2025-01-16,133.54844665527344
2025-01-17,137.68777465820312
2025-01-21,140.80726623535156
2025-01-22,147.04627990722656
2025-01-23,147.1962432861328
2025-01-24,142.5969696044922
2025-01-27,118.40087890625
2025-01-28,128.9691925048828
2025-01-29,123.6800308227539
2025-01-30,124.6298828125
2025-01-31,120.05062103271484
2025-02-03,116.64117431640625
2025-02-04,118.63085174560547
2025-02-05,124.80985260009766
2025-02-06,128.65921020507812
2025-02-07,129.81903076171875
2025-02-10,133.54844665527344
2025-02-11,132.77857971191406
2025-02-12,131.11883544921875
2025-02-13,135.26815795898438
2025-02-14,138.8275909423828
2025-02-18,139.37750244140625
2025-02-19,139.20751953125
2025-02-20,140.08738708496094
2025-02-21,134.40829467773438
2025-02-24,130.25897216796875
2025-02-25,126.60956573486328
2025-02-26,131.25881958007812
2025-02-27,120.130615234375
2025-02-28,124.89983367919922
2025-03-03,114.04158782958984
2025-03-04,115.97127532958984
2025-03-05,117.28106689453125
2025-03-06,110.55215454101562
2025-03-07,112.67181396484375
2025-03-10,106.96273040771484
2025-03-11,108.74244689941406
2025-03-12,115.73196411132812
2025-03-13,115.57197570800781
2025-03-14,121.66155242919922
2025-03-17,119.52169799804688
2025-03-18,115.42198181152344
2025-03-19,117.51183319091797
2025-03-20,118.52176666259766
2025-03-21,117.69182586669922
2025-03-24,121.40157318115234
2025-03-25,120.68162536621094
2025-03-26,113.75210571289062
2025-03-27,111.4222640991211
2025-03-28,109.66238403320312
2025-03-31,108.37247467041016
2025-04-01,110.14234924316406
2025-04-02,110.4123306274414
2025-04-03,101.79293060302734
2025-04-04,94.30345153808594
2025-04-07,97.63321685791016
2025-04-08,96.29331970214844
2025-04-09,114.32205963134766
2025-04-10,107.56253051757812
2025-04-11,110.92229461669922
2025-04-14,110.70230865478516
2025-04-15,112.19220733642578
2025-04-16,104.48274230957031
2025-04-17,101.48294830322266
2025-04-21,96.90327453613281
2025-04-22,98.88313293457031
2025-04-23,102.70286560058594
2025-04-24,106.422607421875
2025-04-25,111.0022964477539
2025-04-28,108.72245025634766
2025-04-29,109.0124282836914
2025-04-30,108.91243743896484
2025-05-01,111.60224914550781
2025-05-02,114.49205017089844
2025-05-05,113.81209564208984
2025-05-06,113.53211975097656
2025-05-07,117.05187225341797
2025-05-08,117.36185455322266
2025-05-09,116.64189910888672
2025-05-12,122.99146270751953
2025-05-13,129.9209747314453
2025-05-14,135.33059692382812
2025-05-15,134.8206329345703
2025-05-16,135.39059448242188
2025-05-19,135.5605926513672
2025-05-20,134.37066650390625
2025-05-21,131.7908477783203
2025-05-22,132.82078552246094
2025-05-23,131.2808837890625
2025-05-27,135.49058532714844
2025-05-28,134.80064392089844
2025-05-29,139.1803436279297
2025-05-30,135.12062072753906
2025-06-02,137.37046813964844
2025-06-03,141.21018981933594
2025-06-04,141.91014099121094
2025-06-05,139.98028564453125
2025-06-06,141.7101593017578
2025-06-09,142.62010192871094
2025-06-10,143.95001220703125
2025-06-11,142.8300018310547
2025-06-12,145.0
2025-06-13,141.97000122070312
2025-06-16,144.69000244140625
2025-06-17,144.1199951171875
2025-06-18,145.47999572753906
2025-06-20,143.85000610351562
2025-06-23,144.1699981689453
2025-06-24,147.89999389648438
2025-06-25,154.30999755859375
2025-06-26,155.02000427246094
2025-06-27,157.75
2025-06-30,157.99000549316406
2025-07-01,153.3000030517578
2025-07-02,157.25
2025-07-03,159.33999633789062
